Date_Time_GMT,Tide_Prediction_mm,Tide_Type
01-Jan-2023 00:49,1354,High Tide
01-Jan-2023 08:27,665,Low Tide
01-Jan-2023 16:35,1299,High Tide
01-Jan-2023 21:08,1190,Low Tide
02-Jan-2023 01:38,1281,High Tide
02-Jan-2023 09:25,634,Low Tide
02-Jan-2023 17:36,1378,High Tide
02-Jan-2023 23:17,1166,Low Tide
03-Jan-2023 02:41,1216,High Tide
03-Jan-2023 10:20,606,Low Tide
03-Jan-2023 18:20,1441,High Tide
04-Jan-2023 00:31,1114,Low Tide
04-Jan-2023 03:50,1172,High Tide
04-Jan-2023 11:09,580,Low Tide
04-Jan-2023 18:58,1487,High Tide
05-Jan-2023 01:15,1067,Low Tide
05-Jan-2023 04:53,1152,High Tide
05-Jan-2023 11:51,559,Low Tide
05-Jan-2023 19:31,1517,High Tide
06-Jan-2023 01:49,1032,Low Tide
06-Jan-2023 05:46,1151,High Tide
06-Jan-2023 12:29,546,Low Tide
06-Jan-2023 20:02,1536,High Tide
07-Jan-2023 02:17,1007,Low Tide
07-Jan-2023 06:31,1162,High Tide
07-Jan-2023 13:03,544,Low Tide
07-Jan-2023 20:30,1546,High Tide
08-Jan-2023 02:44,988,Low Tide
08-Jan-2023 07:10,1178,High Tide
08-Jan-2023 13:35,557,Low Tide
08-Jan-2023 20:56,1548,High Tide
09-Jan-2023 03:11,971,Low Tide
09-Jan-2023 07:47,1193,High Tide
09-Jan-2023 14:05,585,Low Tide
09-Jan-2023 21:21,1544,High Tide
10-Jan-2023 03:39,952,Low Tide
10-Jan-2023 08:23,1204,High Tide
10-Jan-2023 14:34,630,Low Tide
10-Jan-2023 21:43,1534,High Tide
11-Jan-2023 04:08,928,Low Tide
11-Jan-2023 09:01,1205,High Tide
11-Jan-2023 15:03,691,Low Tide
11-Jan-2023 22:05,1518,High Tide
12-Jan-2023 04:39,897,Low Tide
12-Jan-2023 09:43,1196,High Tide
12-Jan-2023 15:33,766,Low Tide
12-Jan-2023 22:27,1495,High Tide
13-Jan-2023 05:13,860,Low Tide
13-Jan-2023 10:33,1179,High Tide
13-Jan-2023 16:03,856,Low Tide
13-Jan-2023 22:48,1463,High Tide
14-Jan-2023 05:50,815,Low Tide
14-Jan-2023 11:40,1163,High Tide
14-Jan-2023 16:37,959,Low Tide
14-Jan-2023 23:10,1423,High Tide
15-Jan-2023 06:32,765,Low Tide
15-Jan-2023 13:16,1170,High Tide
15-Jan-2023 17:19,1073,Low Tide
15-Jan-2023 23:31,1375,High Tide
16-Jan-2023 07:20,711,Low Tide
16-Jan-2023 15:14,1228,High Tide
16-Jan-2023 18:32,1188,Low Tide
16-Jan-2023 23:51,1324,High Tide
17-Jan-2023 08:17,655,Low Tide
17-Jan-2023 16:56,1329,High Tide
17-Jan-2023 21:25,1259,Low Tide
18-Jan-2023 00:06,1275,High Tide
18-Jan-2023 09:23,595,Low Tide
18-Jan-2023 17:56,1434,High Tide
19-Jan-2023 10:28,535,Low Tide
19-Jan-2023 18:39,1522,High Tide
20-Jan-2023 01:11,1185,Low Tide
20-Jan-2023 03:28,1204,High Tide
20-Jan-2023 11:27,484,Low Tide
20-Jan-2023 19:17,1585,High Tide
21-Jan-2023 01:32,1136,Low Tide
21-Jan-2023 05:04,1225,High Tide
21-Jan-2023 12:19,456,Low Tide
21-Jan-2023 19:51,1623,High Tide
22-Jan-2023 01:58,1073,Low Tide
22-Jan-2023 06:19,1268,High Tide
22-Jan-2023 13:07,465,Low Tide
22-Jan-2023 20:24,1642,High Tide
23-Jan-2023 02:29,995,Low Tide
23-Jan-2023 07:24,1311,High Tide
23-Jan-2023 13:50,515,Low Tide
23-Jan-2023 20:54,1647,High Tide
24-Jan-2023 03:04,906,Low Tide
24-Jan-2023 08:24,1336,High Tide
24-Jan-2023 14:32,603,Low Tide
24-Jan-2023 21:22,1640,High Tide
25-Jan-2023 03:41,815,Low Tide
25-Jan-2023 09:20,1338,High Tide
25-Jan-2023 15:11,716,Low Tide
25-Jan-2023 21:49,1619,High Tide
26-Jan-2023 04:20,737,Low Tide
26-Jan-2023 10:17,1321,High Tide
26-Jan-2023 15:49,840,Low Tide
26-Jan-2023 22:16,1581,High Tide
27-Jan-2023 05:00,683,Low Tide
27-Jan-2023 11:19,1292,High Tide
27-Jan-2023 16:27,961,Low Tide
27-Jan-2023 22:43,1523,High Tide
28-Jan-2023 05:43,659,Low Tide
28-Jan-2023 12:31,1266,High Tide
28-Jan-2023 17:10,1071,Low Tide
28-Jan-2023 23:08,1447,High Tide
29-Jan-2023 06:28,662,Low Tide
29-Jan-2023 14:02,1258,High Tide
29-Jan-2023 18:05,1164,Low Tide
29-Jan-2023 23:31,1359,High Tide
30-Jan-2023 07:19,682,Low Tide
30-Jan-2023 15:53,1286,High Tide
30-Jan-2023 19:54,1229,Low Tide
30-Jan-2023 23:45,1273,High Tide
31-Jan-2023 08:23,704,Low Tide
31-Jan-2023 17:23,1343,High Tide
01-Feb-2023 09:40,708,Low Tide
01-Feb-2023 18:15,1401,High Tide
02-Feb-2023 01:29,1126,Low Tide
02-Feb-2023 02:54,1130,High Tide
02-Feb-2023 10:50,689,Low Tide
02-Feb-2023 18:52,1453,High Tide
03-Feb-2023 01:33,1077,Low Tide
03-Feb-2023 04:45,1126,High Tide
03-Feb-2023 11:42,661,Low Tide
03-Feb-2023 19:23,1496,High Tide
04-Feb-2023 01:49,1036,Low Tide
04-Feb-2023 05:52,1153,High Tide
04-Feb-2023 12:22,638,Low Tide
04-Feb-2023 19:50,1529,High Tide
05-Feb-2023 02:07,999,Low Tide
05-Feb-2023 06:40,1192,High Tide
05-Feb-2023 12:57,627,Low Tide
05-Feb-2023 20:14,1551,High Tide
06-Feb-2023 02:27,963,Low Tide
06-Feb-2023 07:20,1231,High Tide
06-Feb-2023 13:28,633,Low Tide
06-Feb-2023 20:35,1563,High Tide
07-Feb-2023 02:49,924,Low Tide
07-Feb-2023 07:55,1265,High Tide
07-Feb-2023 13:57,657,Low Tide
07-Feb-2023 20:54,1565,High Tide
08-Feb-2023 03:11,880,Low Tide
08-Feb-2023 08:30,1291,High Tide
08-Feb-2023 14:25,698,Low Tide
08-Feb-2023 21:11,1557,High Tide
09-Feb-2023 03:34,832,Low Tide
09-Feb-2023 09:06,1305,High Tide
09-Feb-2023 14:52,755,Low Tide
09-Feb-2023 21:27,1540,High Tide
10-Feb-2023 03:59,782,Low Tide
10-Feb-2023 09:44,1306,High Tide
10-Feb-2023 15:20,827,Low Tide
10-Feb-2023 21:44,1513,High Tide
11-Feb-2023 04:25,733,Low Tide
11-Feb-2023 10:27,1297,High Tide
11-Feb-2023 15:49,911,Low Tide
11-Feb-2023 22:00,1477,High Tide
12-Feb-2023 04:55,691,Low Tide
12-Feb-2023 11:20,1280,High Tide
12-Feb-2023 16:20,1007,Low Tide
12-Feb-2023 22:15,1434,High Tide
13-Feb-2023 05:30,661,Low Tide
13-Feb-2023 12:30,1264,High Tide
13-Feb-2023 16:56,1109,Low Tide
13-Feb-2023 22:29,1387,High Tide
14-Feb-2023 06:13,647,Low Tide
14-Feb-2023 14:13,1270,High Tide
14-Feb-2023 17:44,1213,Low Tide
14-Feb-2023 22:38,1340,High Tide
15-Feb-2023 07:12,649,Low Tide
15-Feb-2023 16:28,1327,High Tide
15-Feb-2023 20:24,1295,Low Tide
15-Feb-2023 22:05,1299,High Tide
16-Feb-2023 08:37,651,Low Tide
16-Feb-2023 17:46,1413,High Tide
17-Feb-2023 10:10,627,Low Tide
17-Feb-2023 18:27,1490,High Tide
18-Feb-2023 01:17,1156,Low Tide
18-Feb-2023 03:46,1180,High Tide
18-Feb-2023 11:22,591,Low Tide
18-Feb-2023 18:59,1549,High Tide
19-Feb-2023 01:18,1076,Low Tide
19-Feb-2023 05:34,1239,High Tide
19-Feb-2023 12:17,575,Low Tide
19-Feb-2023 19:28,1591,High Tide
20-Feb-2023 01:39,972,Low Tide
20-Feb-2023 06:46,1317,High Tide
20-Feb-2023 13:03,594,Low Tide
20-Feb-2023 19:55,1616,High Tide
21-Feb-2023 02:06,856,Low Tide
21-Feb-2023 07:44,1385,High Tide
21-Feb-2023 13:45,649,Low Tide
21-Feb-2023 20:20,1625,High Tide
22-Feb-2023 02:37,741,Low Tide
22-Feb-2023 08:35,1428,High Tide
22-Feb-2023 14:23,730,Low Tide
22-Feb-2023 20:45,1618,High Tide
23-Feb-2023 03:10,646,Low Tide
23-Feb-2023 09:23,1442,High Tide
23-Feb-2023 15:00,823,Low Tide
23-Feb-2023 21:10,1589,High Tide
24-Feb-2023 03:43,586,Low Tide
24-Feb-2023 10:09,1427,High Tide
24-Feb-2023 15:36,913,Low Tide
24-Feb-2023 21:34,1539,High Tide
25-Feb-2023 04:17,567,Low Tide
25-Feb-2023 10:56,1389,High Tide
25-Feb-2023 16:13,995,Low Tide
25-Feb-2023 21:57,1470,High Tide
26-Feb-2023 04:52,587,Low Tide
26-Feb-2023 11:48,1339,High Tide
26-Feb-2023 16:51,1069,Low Tide
26-Feb-2023 22:18,1390,High Tide
27-Feb-2023 05:30,634,Low Tide
27-Feb-2023 12:55,1287,High Tide
27-Feb-2023 17:35,1137,Low Tide
27-Feb-2023 22:32,1307,High Tide
28-Feb-2023 06:14,696,Low Tide
28-Feb-2023 14:37,1259,High Tide
28-Feb-2023 18:56,1198,Low Tide
28-Feb-2023 22:22,1234,High Tide
01-Mar-2023 07:14,758,Low Tide
01-Mar-2023 16:51,1289,High Tide
02-Mar-2023 08:49,796,Low Tide
02-Mar-2023 17:54,1348,High Tide
03-Mar-2023 10:28,785,Low Tide
03-Mar-2023 18:29,1403,High Tide
04-Mar-2023 01:17,1034,Low Tide
04-Mar-2023 05:03,1109,High Tide
04-Mar-2023 11:29,754,Low Tide
04-Mar-2023 18:57,1450,High Tide
05-Mar-2023 01:22,985,Low Tide
05-Mar-2023 06:05,1170,High Tide
05-Mar-2023 12:11,728,Low Tide
05-Mar-2023 19:19,1485,High Tide
06-Mar-2023 01:36,932,Low Tide
06-Mar-2023 06:47,1234,High Tide
06-Mar-2023 12:46,716,Low Tide
06-Mar-2023 19:39,1508,High Tide
07-Mar-2023 01:53,875,Low Tide
07-Mar-2023 07:23,1294,High Tide
07-Mar-2023 13:16,721,Low Tide
07-Mar-2023 19:57,1517,High Tide
08-Mar-2023 02:12,812,Low Tide
08-Mar-2023 07:56,1345,High Tide
08-Mar-2023 13:45,743,Low Tide
08-Mar-2023 20:13,1514,High Tide
09-Mar-2023 02:32,747,Low Tide
09-Mar-2023 08:29,1384,High Tide
09-Mar-2023 14:14,782,Low Tide
09-Mar-2023 20:28,1501,High Tide
10-Mar-2023 02:53,683,Low Tide
10-Mar-2023 09:02,1409,High Tide
10-Mar-2023 14:42,835,Low Tide
10-Mar-2023 20:43,1478,High Tide
11-Mar-2023 03:16,627,Low Tide
11-Mar-2023 09:38,1417,High Tide
11-Mar-2023 15:11,899,Low Tide
11-Mar-2023 20:59,1449,High Tide
12-Mar-2023 03:41,584,Low Tide
12-Mar-2023 10:17,1406,High Tide
12-Mar-2023 15:41,970,Low Tide
12-Mar-2023 21:15,1414,High Tide
13-Mar-2023 04:09,565,Low Tide
13-Mar-2023 11:02,1376,High Tide
13-Mar-2023 16:13,1047,Low Tide
13-Mar-2023 21:31,1377,High Tide
14-Mar-2023 04:43,574,Low Tide
14-Mar-2023 12:01,1334,High Tide
14-Mar-2023 16:49,1126,Low Tide
14-Mar-2023 21:46,1336,High Tide
15-Mar-2023 05:26,612,Low Tide
15-Mar-2023 13:29,1299,High Tide
15-Mar-2023 17:41,1203,Low Tide
15-Mar-2023 21:55,1292,High Tide
16-Mar-2023 06:28,672,Low Tide
16-Mar-2023 15:35,1312,High Tide
17-Mar-2023 08:08,728,Low Tide
17-Mar-2023 17:05,1372,High Tide
18-Mar-2023 10:02,734,Low Tide
18-Mar-2023 17:48,1433,High Tide
19-Mar-2023 00:27,1047,Low Tide
19-Mar-2023 04:46,1181,High Tide
19-Mar-2023 11:18,718,Low Tide
19-Mar-2023 18:19,1482,High Tide
20-Mar-2023 00:41,929,Low Tide
20-Mar-2023 06:06,1288,High Tide
20-Mar-2023 12:11,719,Low Tide
20-Mar-2023 18:46,1516,High Tide
21-Mar-2023 01:05,797,Low Tide
21-Mar-2023 07:03,1391,High Tide
21-Mar-2023 12:56,747,Low Tide
21-Mar-2023 19:13,1533,High Tide
22-Mar-2023 01:33,669,Low Tide
22-Mar-2023 07:51,1470,High Tide
22-Mar-2023 13:37,794,Low Tide
22-Mar-2023 19:38,1532,High Tide
23-Mar-2023 02:02,565,Low Tide
23-Mar-2023 08:34,1516,High Tide
23-Mar-2023 14:15,848,Low Tide
23-Mar-2023 20:04,1512,High Tide
24-Mar-2023 02:32,500,Low Tide
24-Mar-2023 09:14,1524,High Tide
24-Mar-2023 14:51,901,Low Tide
24-Mar-2023 20:29,1473,High Tide
25-Mar-2023 03:03,479,Low Tide
25-Mar-2023 09:51,1500,High Tide
25-Mar-2023 15:27,948,Low Tide
25-Mar-2023 20:54,1419,High Tide
26-Mar-2023 03:34,498,Low Tide
26-Mar-2023 10:29,1450,High Tide
26-Mar-2023 16:03,993,Low Tide
26-Mar-2023 21:18,1354,High Tide
27-Mar-2023 04:05,549,Low Tide
27-Mar-2023 11:10,1385,High Tide
27-Mar-2023 16:40,1039,Low Tide
27-Mar-2023 21:38,1286,High Tide
28-Mar-2023 04:39,619,Low Tide
28-Mar-2023 12:01,1316,High Tide
28-Mar-2023 17:25,1089,Low Tide
28-Mar-2023 21:52,1221,High Tide
29-Mar-2023 05:17,700,Low Tide
29-Mar-2023 13:20,1261,High Tide
29-Mar-2023 18:47,1136,Low Tide
29-Mar-2023 21:46,1164,High Tide
30-Mar-2023 06:08,783,Low Tide
30-Mar-2023 15:22,1253,High Tide
31-Mar-2023 07:41,853,Low Tide
31-Mar-2023 16:52,1292,High Tide
01-Apr-2023 00:47,1025,Low Tide
01-Apr-2023 03:27,1042,High Tide
01-Apr-2023 09:48,870,Low Tide
01-Apr-2023 17:35,1337,High Tide
02-Apr-2023 00:24,971,Low Tide
02-Apr-2023 05:12,1113,High Tide
02-Apr-2023 11:02,850,Low Tide
02-Apr-2023 18:04,1375,High Tide
03-Apr-2023 00:33,905,Low Tide
03-Apr-2023 06:03,1198,High Tide
03-Apr-2023 11:49,830,Low Tide
03-Apr-2023 18:27,1401,High Tide
04-Apr-2023 00:49,832,Low Tide
04-Apr-2023 06:42,1282,High Tide
04-Apr-2023 12:26,821,Low Tide
04-Apr-2023 18:47,1415,High Tide
05-Apr-2023 01:07,754,Low Tide
05-Apr-2023 07:16,1358,High Tide
05-Apr-2023 13:00,827,Low Tide
05-Apr-2023 19:05,1415,High Tide
06-Apr-2023 01:27,673,Low Tide
06-Apr-2023 07:48,1424,High Tide
06-Apr-2023 13:32,846,Low Tide
06-Apr-2023 19:21,1405,High Tide
07-Apr-2023 01:48,596,Low Tide
07-Apr-2023 08:20,1474,High Tide
07-Apr-2023 14:03,878,Low Tide
07-Apr-2023 19:39,1388,High Tide
08-Apr-2023 02:10,530,Low Tide
08-Apr-2023 08:53,1503,High Tide
08-Apr-2023 14:35,920,Low Tide
08-Apr-2023 19:57,1367,High Tide
09-Apr-2023 02:35,486,Low Tide
09-Apr-2023 09:28,1505,High Tide
09-Apr-2023 15:06,966,Low Tide
09-Apr-2023 20:16,1345,High Tide
10-Apr-2023 03:03,471,Low Tide
10-Apr-2023 10:06,1481,High Tide
10-Apr-2023 15:39,1015,Low Tide
10-Apr-2023 20:38,1320,High Tide
11-Apr-2023 03:35,491,Low Tide
11-Apr-2023 10:49,1433,High Tide
11-Apr-2023 16:16,1065,Low Tide
11-Apr-2023 21:01,1291,High Tide
12-Apr-2023 04:13,546,Low Tide
12-Apr-2023 11:45,1374,High Tide
12-Apr-2023 17:02,1113,Low Tide
12-Apr-2023 21:25,1251,High Tide
13-Apr-2023 05:00,630,Low Tide
13-Apr-2023 13:01,1325,High Tide
13-Apr-2023 18:24,1148,Low Tide
13-Apr-2023 21:48,1194,High Tide
14-Apr-2023 06:06,731,Low Tide
14-Apr-2023 14:35,1315,High Tide
15-Apr-2023 07:54,820,Low Tide
15-Apr-2023 15:52,1340,High Tide
15-Apr-2023 23:02,1009,Low Tide
16-Apr-2023 03:42,1125,High Tide
16-Apr-2023 09:50,855,Low Tide
16-Apr-2023 16:42,1374,High Tide
16-Apr-2023 23:26,884,Low Tide
17-Apr-2023 05:18,1240,High Tide
17-Apr-2023 11:06,864,Low Tide
17-Apr-2023 17:20,1401,High Tide
17-Apr-2023 23:55,750,Low Tide
18-Apr-2023 06:18,1363,High Tide
18-Apr-2023 12:02,875,Low Tide
18-Apr-2023 17:52,1413,High Tide
19-Apr-2023 00:24,623,Low Tide
19-Apr-2023 07:05,1465,High Tide
19-Apr-2023 12:48,892,Low Tide
19-Apr-2023 18:23,1411,High Tide
20-Apr-2023 00:54,521,Low Tide
20-Apr-2023 07:46,1534,High Tide
20-Apr-2023 13:30,910,Low Tide
20-Apr-2023 18:53,1393,High Tide
21-Apr-2023 01:24,455,Low Tide
21-Apr-2023 08:23,1564,High Tide
21-Apr-2023 14:08,926,Low Tide
21-Apr-2023 19:23,1364,High Tide
22-Apr-2023 01:55,431,Low Tide
22-Apr-2023 08:57,1558,High Tide
22-Apr-2023 14:45,940,Low Tide
22-Apr-2023 19:52,1325,High Tide
23-Apr-2023 02:25,443,Low Tide
23-Apr-2023 09:31,1523,High Tide
23-Apr-2023 15:21,956,Low Tide
23-Apr-2023 20:20,1280,High Tide
24-Apr-2023 02:56,485,Low Tide
24-Apr-2023 10:05,1470,High Tide
24-Apr-2023 15:58,977,Low Tide
24-Apr-2023 20:47,1233,High Tide
25-Apr-2023 03:27,546,Low Tide
25-Apr-2023 10:42,1408,High Tide
25-Apr-2023 16:38,1006,Low Tide
25-Apr-2023 21:11,1187,High Tide
26-Apr-2023 04:00,620,Low Tide
26-Apr-2023 11:26,1347,High Tide
26-Apr-2023 17:30,1037,Low Tide
26-Apr-2023 21:33,1140,High Tide
27-Apr-2023 04:36,704,Low Tide
27-Apr-2023 12:25,1295,High Tide
27-Apr-2023 18:51,1059,Low Tide
27-Apr-2023 21:53,1091,High Tide
28-Apr-2023 05:22,794,Low Tide
28-Apr-2023 13:44,1266,High Tide
29-Apr-2023 06:34,882,Low Tide
29-Apr-2023 15:05,1266,High Tide
29-Apr-2023 22:48,973,Low Tide
30-Apr-2023 03:26,1041,High Tide
30-Apr-2023 08:36,940,Low Tide
30-Apr-2023 16:02,1281,High Tide
30-Apr-2023 23:08,900,Low Tide
01-May-2023 04:58,1128,High Tide
01-May-2023 10:15,949,Low Tide
01-May-2023 16:42,1297,High Tide
01-May-2023 23:30,818,Low Tide
02-May-2023 05:47,1226,High Tide
02-May-2023 11:15,943,Low Tide
02-May-2023 17:11,1305,High Tide
02-May-2023 23:52,729,Low Tide
03-May-2023 06:26,1322,High Tide
03-May-2023 12:02,938,Low Tide
03-May-2023 17:36,1304,High Tide
04-May-2023 00:15,637,Low Tide
04-May-2023 07:01,1412,High Tide
04-May-2023 12:42,940,Low Tide
04-May-2023 17:59,1295,High Tide
05-May-2023 00:39,549,Low Tide
05-May-2023 07:34,1486,High Tide
05-May-2023 13:20,950,Low Tide
05-May-2023 18:23,1283,High Tide
06-May-2023 01:04,474,Low Tide
06-May-2023 08:08,1538,High Tide
06-May-2023 13:57,967,Low Tide
06-May-2023 18:47,1272,High Tide
07-May-2023 01:32,423,Low Tide
07-May-2023 08:42,1559,High Tide
07-May-2023 14:32,989,Low Tide
07-May-2023 19:14,1264,High Tide
08-May-2023 02:03,405,Low Tide
08-May-2023 09:19,1549,High Tide
08-May-2023 15:07,1011,Low Tide
08-May-2023 19:44,1256,High Tide
09-May-2023 02:38,425,Low Tide
09-May-2023 09:58,1512,High Tide
09-May-2023 15:45,1031,Low Tide
09-May-2023 20:18,1242,High Tide
10-May-2023 03:16,483,Low Tide
10-May-2023 10:42,1460,High Tide
10-May-2023 16:30,1045,Low Tide
10-May-2023 20:57,1214,High Tide
11-May-2023 04:00,573,Low Tide
11-May-2023 11:33,1407,High Tide
11-May-2023 17:31,1048,Low Tide
11-May-2023 21:46,1166,High Tide
12-May-2023 04:52,685,Low Tide
12-May-2023 12:33,1367,High Tide
12-May-2023 18:57,1021,Low Tide
12-May-2023 23:16,1104,High Tide
13-May-2023 05:59,808,Low Tide
13-May-2023 13:37,1346,High Tide
13-May-2023 20:31,948,Low Tide
14-May-2023 02:08,1096,High Tide
14-May-2023 07:36,918,Low Tide
14-May-2023 14:36,1338,High Tide
14-May-2023 21:40,838,Low Tide
15-May-2023 04:10,1188,High Tide
15-May-2023 09:25,982,Low Tide
15-May-2023 15:27,1333,High Tide
15-May-2023 22:28,718,Low Tide
16-May-2023 05:23,1308,High Tide
16-May-2023 10:50,1002,Low Tide
16-May-2023 16:12,1323,High Tide
16-May-2023 23:07,607,Low Tide
17-May-2023 06:14,1417,High Tide
17-May-2023 11:52,1001,Low Tide
17-May-2023 16:54,1305,High Tide
17-May-2023 23:43,518,Low Tide
18-May-2023 06:56,1497,High Tide
18-May-2023 12:43,991,Low Tide
18-May-2023 17:34,1281,High Tide
19-May-2023 00:17,460,Low Tide
19-May-2023 07:34,1541,High Tide
19-May-2023 13:27,976,Low Tide
19-May-2023 18:12,1254,High Tide
20-May-2023 00:51,434,Low Tide
20-May-2023 08:09,1552,High Tide
20-May-2023 14:06,962,Low Tide
20-May-2023 18:49,1227,High Tide
21-May-2023 01:23,437,Low Tide
21-May-2023 08:42,1537,High Tide
21-May-2023 14:43,954,Low Tide
21-May-2023 19:23,1200,High Tide
22-May-2023 01:56,462,Low Tide
22-May-2023 09:15,1505,High Tide
22-May-2023 15:19,954,Low Tide
22-May-2023 19:56,1175,High Tide
23-May-2023 02:28,505,Low Tide
23-May-2023 09:48,1465,High Tide
23-May-2023 15:57,961,Low Tide
23-May-2023 20:27,1150,High Tide
24-May-2023 03:00,561,Low Tide
24-May-2023 10:23,1422,High Tide
24-May-2023 16:40,971,Low Tide
24-May-2023 21:00,1123,High Tide
25-May-2023 03:34,629,Low Tide
25-May-2023 11:01,1381,High Tide
25-May-2023 17:29,978,Low Tide
25-May-2023 21:37,1092,High Tide
26-May-2023 04:10,709,Low Tide
26-May-2023 11:43,1344,High Tide
26-May-2023 18:30,973,Low Tide
26-May-2023 22:29,1056,High Tide
27-May-2023 04:50,798,Low Tide
27-May-2023 12:30,1312,High Tide
27-May-2023 19:38,945,Low Tide
28-May-2023 00:13,1026,High Tide
28-May-2023 05:43,892,Low Tide
28-May-2023 13:19,1288,High Tide
28-May-2023 20:44,892,Low Tide
29-May-2023 02:45,1053,High Tide
29-May-2023 07:08,979,Low Tide
29-May-2023 14:08,1268,High Tide
29-May-2023 21:35,819,Low Tide
30-May-2023 04:23,1137,High Tide
30-May-2023 09:00,1033,Low Tide
30-May-2023 14:52,1250,High Tide
30-May-2023 22:15,733,Low Tide
31-May-2023 05:22,1239,High Tide
31-May-2023 10:31,1048,Low Tide
31-May-2023 15:32,1231,High Tide
31-May-2023 22:49,640,Low Tide
01-Jun-2023 06:05,1342,High Tide
01-Jun-2023 11:37,1046,Low Tide
01-Jun-2023 16:09,1212,High Tide
01-Jun-2023 23:21,548,Low Tide
02-Jun-2023 06:43,1436,High Tide
02-Jun-2023 12:30,1039,Low Tide
02-Jun-2023 16:45,1198,High Tide
02-Jun-2023 23:53,467,Low Tide
03-Jun-2023 07:20,1509,High Tide
03-Jun-2023 13:16,1033,Low Tide
03-Jun-2023 17:23,1191,High Tide
04-Jun-2023 00:28,406,Low Tide
04-Jun-2023 07:56,1553,High Tide
04-Jun-2023 13:56,1030,Low Tide
04-Jun-2023 18:03,1194,High Tide
05-Jun-2023 01:05,377,Low Tide
05-Jun-2023 08:33,1566,High Tide
05-Jun-2023 14:33,1026,Low Tide
05-Jun-2023 18:46,1202,High Tide
06-Jun-2023 01:44,385,Low Tide
06-Jun-2023 09:12,1552,High Tide
06-Jun-2023 15:11,1016,Low Tide
06-Jun-2023 19:33,1207,High Tide
07-Jun-2023 02:26,432,Low Tide
07-Jun-2023 09:51,1521,High Tide
07-Jun-2023 15:53,997,Low Tide
07-Jun-2023 20:25,1199,High Tide
08-Jun-2023 03:10,513,Low Tide
08-Jun-2023 10:31,1485,High Tide
08-Jun-2023 16:41,965,Low Tide
08-Jun-2023 21:25,1173,High Tide
09-Jun-2023 03:56,622,Low Tide
09-Jun-2023 11:13,1450,High Tide
09-Jun-2023 17:38,915,Low Tide
09-Jun-2023 22:41,1135,High Tide
10-Jun-2023 04:46,750,Low Tide
10-Jun-2023 11:55,1417,High Tide
10-Jun-2023 18:40,847,Low Tide
11-Jun-2023 00:26,1113,High Tide
11-Jun-2023 05:46,884,Low Tide
11-Jun-2023 12:39,1383,High Tide
11-Jun-2023 19:41,765,Low Tide
12-Jun-2023 02:26,1149,High Tide
12-Jun-2023 07:05,1004,Low Tide
12-Jun-2023 13:25,1343,High Tide
12-Jun-2023 20:39,680,Low Tide
13-Jun-2023 04:04,1237,High Tide
13-Jun-2023 08:50,1080,Low Tide
13-Jun-2023 14:13,1297,High Tide
13-Jun-2023 21:33,603,Low Tide
14-Jun-2023 05:13,1333,High Tide
14-Jun-2023 10:32,1094,Low Tide
14-Jun-2023 15:05,1247,High Tide
14-Jun-2023 22:22,542,Low Tide
15-Jun-2023 06:03,1411,High Tide
15-Jun-2023 11:49,1068,Low Tide
15-Jun-2023 15:58,1202,High Tide
15-Jun-2023 23:07,499,Low Tide
16-Jun-2023 06:45,1464,High Tide
16-Jun-2023 12:46,1030,Low Tide
16-Jun-2023 16:51,1167,High Tide
16-Jun-2023 23:48,476,Low Tide
17-Jun-2023 07:23,1490,High Tide
17-Jun-2023 13:31,994,Low Tide
17-Jun-2023 17:41,1144,High Tide
18-Jun-2023 00:27,468,Low Tide
18-Jun-2023 07:59,1497,High Tide
18-Jun-2023 14:10,968,Low Tide
18-Jun-2023 18:26,1131,High Tide
19-Jun-2023 01:03,475,Low Tide
19-Jun-2023 08:32,1490,High Tide
19-Jun-2023 14:45,950,Low Tide
19-Jun-2023 19:08,1123,High Tide
20-Jun-2023 01:38,495,Low Tide
20-Jun-2023 09:04,1476,High Tide
20-Jun-2023 15:19,939,Low Tide
20-Jun-2023 19:46,1119,High Tide
21-Jun-2023 02:11,529,Low Tide
21-Jun-2023 09:35,1457,High Tide
21-Jun-2023 15:54,929,Low Tide
21-Jun-2023 20:23,1113,High Tide
22-Jun-2023 02:44,576,Low Tide
22-Jun-2023 10:05,1435,High Tide
22-Jun-2023 16:30,918,Low Tide
22-Jun-2023 21:02,1103,High Tide
23-Jun-2023 03:16,637,Low Tide
23-Jun-2023 10:33,1410,High Tide
23-Jun-2023 17:08,900,Low Tide
23-Jun-2023 21:47,1088,High Tide
24-Jun-2023 03:49,712,Low Tide
24-Jun-2023 11:01,1383,High Tide
24-Jun-2023 17:49,872,Low Tide
24-Jun-2023 22:42,1068,High Tide
25-Jun-2023 04:23,797,Low Tide
25-Jun-2023 11:28,1352,High Tide
25-Jun-2023 18:33,834,Low Tide
26-Jun-2023 00:00,1054,High Tide
26-Jun-2023 05:03,890,Low Tide
26-Jun-2023 11:56,1317,High Tide
26-Jun-2023 19:19,783,Low Tide
27-Jun-2023 01:47,1071,High Tide
27-Jun-2023 05:56,988,Low Tide
27-Jun-2023 12:26,1278,High Tide
27-Jun-2023 20:07,720,Low Tide
28-Jun-2023 03:33,1137,High Tide
28-Jun-2023 07:27,1077,Low Tide
28-Jun-2023 12:58,1234,High Tide
28-Jun-2023 20:55,649,Low Tide
29-Jun-2023 04:52,1232,High Tide
29-Jun-2023 09:35,1124,Low Tide
29-Jun-2023 13:37,1191,High Tide
29-Jun-2023 21:44,573,Low Tide
30-Jun-2023 05:45,1331,High Tide
30-Jun-2023 11:26,1121,Low Tide
30-Jun-2023 14:27,1155,High Tide
30-Jun-2023 22:31,498,Low Tide
01-Jul-2023 06:29,1419,High Tide
01-Jul-2023 12:38,1097,Low Tide
01-Jul-2023 15:29,1135,High Tide
01-Jul-2023 23:19,434,Low Tide
02-Jul-2023 07:09,1485,High Tide
02-Jul-2023 13:22,1072,Low Tide
02-Jul-2023 16:35,1135,High Tide
03-Jul-2023 00:05,391,Low Tide
03-Jul-2023 07:48,1525,High Tide
03-Jul-2023 13:57,1043,Low Tide
03-Jul-2023 17:41,1152,High Tide
04-Jul-2023 00:51,378,Low Tide
04-Jul-2023 08:25,1540,High Tide
04-Jul-2023 14:30,1007,Low Tide
04-Jul-2023 18:44,1177,High Tide
05-Jul-2023 01:37,401,Low Tide
05-Jul-2023 09:00,1537,High Tide
05-Jul-2023 15:06,956,Low Tide
05-Jul-2023 19:47,1195,High Tide
06-Jul-2023 02:21,463,Low Tide
06-Jul-2023 09:34,1524,High Tide
06-Jul-2023 15:45,889,Low Tide
06-Jul-2023 20:49,1199,High Tide
07-Jul-2023 03:05,559,Low Tide
07-Jul-2023 10:06,1505,High Tide
07-Jul-2023 16:28,812,Low Tide
07-Jul-2023 21:54,1186,High Tide
08-Jul-2023 03:48,680,Low Tide
08-Jul-2023 10:37,1478,High Tide
08-Jul-2023 17:14,733,Low Tide
08-Jul-2023 23:06,1167,High Tide
09-Jul-2023 04:32,812,Low Tide
09-Jul-2023 11:09,1440,High Tide
09-Jul-2023 18:02,663,Low Tide
10-Jul-2023 00:31,1159,High Tide
10-Jul-2023 05:23,941,Low Tide
10-Jul-2023 11:41,1386,High Tide
10-Jul-2023 18:52,610,Low Tide
11-Jul-2023 02:07,1182,High Tide
11-Jul-2023 06:29,1050,Low Tide
11-Jul-2023 12:16,1317,High Tide
11-Jul-2023 19:44,578,Low Tide
12-Jul-2023 03:41,1233,High Tide
12-Jul-2023 08:09,1119,Low Tide
12-Jul-2023 12:58,1239,High Tide
12-Jul-2023 20:41,561,Low Tide
13-Jul-2023 04:57,1294,High Tide
13-Jul-2023 10:25,1118,Low Tide
13-Jul-2023 13:54,1162,High Tide
13-Jul-2023 21:42,550,Low Tide
14-Jul-2023 05:53,1347,High Tide
14-Jul-2023 12:09,1067,Low Tide
14-Jul-2023 15:09,1104,High Tide
14-Jul-2023 22:41,537,Low Tide
15-Jul-2023 06:38,1388,High Tide
15-Jul-2023 13:03,1012,Low Tide
15-Jul-2023 16:25,1074,High Tide
15-Jul-2023 23:32,523,Low Tide
16-Jul-2023 07:17,1416,High Tide
16-Jul-2023 13:41,969,Low Tide
16-Jul-2023 17:31,1069,High Tide
17-Jul-2023 00:16,512,Low Tide
17-Jul-2023 07:51,1434,High Tide
17-Jul-2023 14:11,937,Low Tide
17-Jul-2023 18:24,1078,High Tide
18-Jul-2023 00:54,510,Low Tide
18-Jul-2023 08:22,1444,High Tide
18-Jul-2023 14:39,910,Low Tide
18-Jul-2023 19:09,1092,High Tide
19-Jul-2023 01:28,522,Low Tide
19-Jul-2023 08:49,1447,High Tide
19-Jul-2023 15:06,885,Low Tide
19-Jul-2023 19:49,1107,High Tide
20-Jul-2023 01:59,548,Low Tide
20-Jul-2023 09:13,1441,High Tide
20-Jul-2023 15:32,857,Low Tide
20-Jul-2023 20:26,1119,High Tide
21-Jul-2023 02:29,590,Low Tide
21-Jul-2023 09:35,1429,High Tide
21-Jul-2023 16:00,824,Low Tide
21-Jul-2023 21:05,1123,High Tide
22-Jul-2023 02:59,647,Low Tide
22-Jul-2023 09:55,1409,High Tide
22-Jul-2023 16:28,786,Low Tide
22-Jul-2023 21:46,1120,High Tide
23-Jul-2023 03:28,717,Low Tide
23-Jul-2023 10:13,1383,High Tide
23-Jul-2023 16:58,745,Low Tide
23-Jul-2023 22:33,1109,High Tide
24-Jul-2023 03:58,798,Low Tide
24-Jul-2023 10:30,1351,High Tide
24-Jul-2023 17:31,700,Low Tide
24-Jul-2023 23:32,1098,High Tide
25-Jul-2023 04:30,887,Low Tide
25-Jul-2023 10:48,1311,High Tide
25-Jul-2023 18:07,656,Low Tide
26-Jul-2023 00:52,1100,High Tide
26-Jul-2023 05:09,983,Low Tide
26-Jul-2023 11:05,1266,High Tide
26-Jul-2023 18:48,615,Low Tide
27-Jul-2023 02:33,1133,High Tide
27-Jul-2023 06:08,1080,Low Tide
27-Jul-2023 11:20,1218,High Tide
27-Jul-2023 19:40,577,Low Tide
28-Jul-2023 04:19,1205,High Tide
28-Jul-2023 08:28,1154,Low Tide
28-Jul-2023 11:23,1174,High Tide
28-Jul-2023 20:44,539,Low Tide
29-Jul-2023 05:32,1292,High Tide
29-Jul-2023 21:55,495,Low Tide
30-Jul-2023 06:20,1371,High Tide
30-Jul-2023 13:52,1085,Low Tide
30-Jul-2023 14:01,1085,High Tide
30-Jul-2023 23:00,449,Low Tide
31-Jul-2023 06:59,1433,High Tide
31-Jul-2023 13:25,1042,Low Tide
31-Jul-2023 16:29,1094,High Tide
31-Jul-2023 23:56,416,Low Tide
01-Aug-2023 07:33,1475,High Tide
01-Aug-2023 13:45,983,Low Tide
01-Aug-2023 17:54,1137,High Tide
02-Aug-2023 00:46,413,Low Tide
02-Aug-2023 08:05,1498,High Tide
02-Aug-2023 14:12,904,Low Tide
02-Aug-2023 19:04,1187,High Tide
03-Aug-2023 01:31,450,Low Tide
03-Aug-2023 08:34,1507,High Tide
03-Aug-2023 14:43,807,Low Tide
03-Aug-2023 20:06,1226,High Tide
04-Aug-2023 02:13,526,Low Tide
04-Aug-2023 09:01,1503,High Tide
04-Aug-2023 15:18,704,Low Tide
04-Aug-2023 21:03,1246,High Tide
05-Aug-2023 02:53,630,Low Tide
05-Aug-2023 09:27,1487,High Tide
05-Aug-2023 15:55,611,Low Tide
05-Aug-2023 22:00,1244,High Tide
06-Aug-2023 03:33,746,Low Tide
06-Aug-2023 09:52,1454,High Tide
06-Aug-2023 16:34,543,Low Tide
06-Aug-2023 23:00,1226,High Tide
07-Aug-2023 04:14,859,Low Tide
07-Aug-2023 10:19,1401,High Tide
07-Aug-2023 17:15,511,Low Tide
08-Aug-2023 00:06,1202,High Tide
08-Aug-2023 04:58,959,Low Tide
08-Aug-2023 10:45,1329,High Tide
08-Aug-2023 17:58,514,Low Tide
09-Aug-2023 01:25,1183,High Tide
09-Aug-2023 05:54,1040,Low Tide
09-Aug-2023 11:10,1244,High Tide
09-Aug-2023 18:48,543,Low Tide
10-Aug-2023 03:01,1186,High Tide
10-Aug-2023 07:28,1095,Low Tide
10-Aug-2023 11:32,1156,High Tide
10-Aug-2023 19:49,581,Low Tide
11-Aug-2023 04:38,1217,High Tide
11-Aug-2023 21:07,604,Low Tide
12-Aug-2023 05:44,1264,High Tide
12-Aug-2023 13:00,1003,Low Tide
12-Aug-2023 14:40,1009,High Tide
12-Aug-2023 22:27,598,Low Tide
13-Aug-2023 06:29,1309,High Tide
13-Aug-2023 13:13,949,Low Tide
13-Aug-2023 16:35,1005,High Tide
13-Aug-2023 23:26,576,Low Tide
14-Aug-2023 07:04,1348,High Tide
14-Aug-2023 13:32,904,Low Tide
14-Aug-2023 17:45,1033,High Tide
15-Aug-2023 00:10,556,Low Tide
15-Aug-2023 07:33,1377,High Tide
15-Aug-2023 13:52,865,Low Tide
15-Aug-2023 18:35,1071,High Tide
16-Aug-2023 00:46,549,Low Tide
16-Aug-2023 07:58,1395,High Tide
16-Aug-2023 14:12,825,Low Tide
16-Aug-2023 19:15,1109,High Tide
17-Aug-2023 01:17,558,Low Tide
17-Aug-2023 08:19,1401,High Tide
17-Aug-2023 14:32,783,Low Tide
17-Aug-2023 19:51,1142,High Tide
18-Aug-2023 01:47,583,Low Tide
18-Aug-2023 08:37,1396,High Tide
18-Aug-2023 14:54,737,Low Tide
18-Aug-2023 20:25,1168,High Tide
19-Aug-2023 02:14,624,Low Tide
19-Aug-2023 08:53,1382,High Tide
19-Aug-2023 15:16,687,Low Tide
19-Aug-2023 20:59,1183,High Tide
20-Aug-2023 02:41,678,Low Tide
20-Aug-2023 09:07,1361,High Tide
20-Aug-2023 15:39,638,Low Tide
20-Aug-2023 21:35,1187,High Tide
21-Aug-2023 03:08,742,Low Tide
21-Aug-2023 09:21,1333,High Tide
21-Aug-2023 16:03,593,Low Tide
21-Aug-2023 22:15,1181,High Tide
22-Aug-2023 03:37,815,Low Tide
22-Aug-2023 09:35,1298,High Tide
22-Aug-2023 16:30,557,Low Tide
22-Aug-2023 23:02,1165,High Tide
23-Aug-2023 04:07,894,Low Tide
23-Aug-2023 09:49,1260,High Tide
23-Aug-2023 17:02,535,Low Tide
24-Aug-2023 00:04,1145,High Tide
24-Aug-2023 04:41,978,Low Tide
24-Aug-2023 10:02,1219,High Tide
24-Aug-2023 17:41,530,Low Tide
25-Aug-2023 01:35,1138,High Tide
25-Aug-2023 05:27,1064,Low Tide
25-Aug-2023 10:09,1179,High Tide
25-Aug-2023 18:35,541,Low Tide
26-Aug-2023 03:40,1171,High Tide
26-Aug-2023 07:38,1138,Low Tide
26-Aug-2023 09:44,1145,High Tide
26-Aug-2023 19:55,555,Low Tide
27-Aug-2023 05:16,1243,High Tide
27-Aug-2023 21:35,544,Low Tide
28-Aug-2023 06:00,1313,High Tide
28-Aug-2023 13:08,1014,Low Tide
28-Aug-2023 15:08,1026,High Tide
28-Aug-2023 22:54,511,Low Tide
29-Aug-2023 06:33,1371,High Tide
29-Aug-2023 12:55,942,Low Tide
29-Aug-2023 17:07,1085,High Tide
29-Aug-2023 23:52,490,Low Tide
30-Aug-2023 07:02,1411,High Tide
30-Aug-2023 13:13,841,Low Tide
30-Aug-2023 18:22,1171,High Tide
31-Aug-2023 00:40,503,Low Tide
31-Aug-2023 07:27,1436,High Tide
31-Aug-2023 13:38,721,Low Tide
31-Aug-2023 19:21,1250,High Tide
01-Sep-2023 01:22,553,Low Tide
01-Sep-2023 07:52,1445,High Tide
01-Sep-2023 14:08,598,Low Tide
01-Sep-2023 20:14,1307,High Tide
02-Sep-2023 02:02,630,Low Tide
02-Sep-2023 08:16,1439,High Tide
02-Sep-2023 14:40,493,Low Tide
02-Sep-2023 21:03,1333,High Tide
03-Sep-2023 02:40,719,Low Tide
03-Sep-2023 08:41,1414,High Tide
03-Sep-2023 15:13,424,Low Tide
03-Sep-2023 21:49,1328,High Tide
04-Sep-2023 03:18,804,Low Tide
04-Sep-2023 09:06,1370,High Tide
04-Sep-2023 15:48,401,Low Tide
04-Sep-2023 22:36,1294,High Tide
05-Sep-2023 03:57,877,Low Tide
05-Sep-2023 09:31,1306,High Tide
05-Sep-2023 16:24,424,Low Tide
05-Sep-2023 23:27,1240,High Tide
06-Sep-2023 04:39,940,Low Tide
06-Sep-2023 09:54,1229,High Tide
06-Sep-2023 17:03,481,Low Tide
07-Sep-2023 00:30,1181,High Tide
07-Sep-2023 05:29,996,Low Tide
07-Sep-2023 10:13,1146,High Tide
07-Sep-2023 17:49,556,Low Tide
08-Sep-2023 02:02,1140,High Tide
08-Sep-2023 07:00,1040,Low Tide
08-Sep-2023 10:10,1070,High Tide
08-Sep-2023 18:50,632,Low Tide
09-Sep-2023 04:03,1149,High Tide
09-Sep-2023 20:28,681,Low Tide
10-Sep-2023 05:19,1195,High Tide
10-Sep-2023 12:49,922,Low Tide
10-Sep-2023 15:20,940,High Tide
10-Sep-2023 22:14,678,Low Tide
11-Sep-2023 06:01,1244,High Tide
11-Sep-2023 12:44,871,Low Tide
11-Sep-2023 17:03,987,High Tide
11-Sep-2023 23:16,651,Low Tide
12-Sep-2023 06:31,1284,High Tide
12-Sep-2023 12:56,820,Low Tide
12-Sep-2023 17:59,1052,High Tide
12-Sep-2023 23:59,630,Low Tide
13-Sep-2023 06:56,1312,High Tide
13-Sep-2023 13:12,767,Low Tide
13-Sep-2023 18:39,1116,High Tide
14-Sep-2023 00:33,624,Low Tide
14-Sep-2023 07:16,1326,High Tide
14-Sep-2023 13:29,711,Low Tide
14-Sep-2023 19:14,1174,High Tide
15-Sep-2023 01:03,633,Low Tide
15-Sep-2023 07:33,1328,High Tide
15-Sep-2023 13:48,651,Low Tide
15-Sep-2023 19:46,1223,High Tide
16-Sep-2023 01:32,657,Low Tide
16-Sep-2023 07:48,1318,High Tide
16-Sep-2023 14:07,590,Low Tide
16-Sep-2023 20:16,1260,High Tide
17-Sep-2023 02:00,694,Low Tide
17-Sep-2023 08:02,1301,High Tide
17-Sep-2023 14:27,533,Low Tide
17-Sep-2023 20:48,1284,High Tide
18-Sep-2023 02:27,740,Low Tide
18-Sep-2023 08:15,1278,High Tide
18-Sep-2023 14:48,485,Low Tide
18-Sep-2023 21:20,1291,High Tide
19-Sep-2023 02:55,793,Low Tide
19-Sep-2023 08:30,1251,High Tide
19-Sep-2023 15:12,452,Low Tide
19-Sep-2023 21:56,1279,High Tide
20-Sep-2023 03:24,852,Low Tide
20-Sep-2023 08:45,1221,High Tide
20-Sep-2023 15:38,441,Low Tide
20-Sep-2023 22:36,1250,High Tide
21-Sep-2023 03:55,915,Low Tide
21-Sep-2023 09:01,1191,High Tide
21-Sep-2023 16:09,457,Low Tide
21-Sep-2023 23:29,1206,High Tide
22-Sep-2023 04:31,981,Low Tide
22-Sep-2023 09:16,1159,High Tide
22-Sep-2023 16:49,499,Low Tide
23-Sep-2023 00:48,1164,High Tide
23-Sep-2023 05:22,1048,Low Tide
23-Sep-2023 09:25,1124,High Tide
23-Sep-2023 17:46,563,Low Tide
24-Sep-2023 02:46,1161,High Tide
24-Sep-2023 19:22,628,Low Tide
25-Sep-2023 04:24,1209,High Tide
25-Sep-2023 21:27,647,Low Tide
26-Sep-2023 05:12,1265,High Tide
26-Sep-2023 11:56,905,Low Tide
26-Sep-2023 16:21,1037,High Tide
26-Sep-2023 22:49,633,Low Tide
27-Sep-2023 05:44,1311,High Tide
27-Sep-2023 12:08,789,Low Tide
27-Sep-2023 17:41,1153,High Tide
27-Sep-2023 23:45,632,Low Tide
28-Sep-2023 06:12,1343,High Tide
28-Sep-2023 12:31,655,Low Tide
28-Sep-2023 18:38,1268,High Tide
29-Sep-2023 00:31,658,Low Tide
29-Sep-2023 06:38,1359,High Tide
29-Sep-2023 12:59,521,Low Tide
29-Sep-2023 19:27,1360,High Tide
30-Sep-2023 01:13,703,Low Tide
30-Sep-2023 07:03,1359,High Tide
30-Sep-2023 13:29,409,Low Tide
30-Sep-2023 20:10,1418,High Tide
01-Oct-2023 01:52,754,Low Tide
01-Oct-2023 07:30,1343,High Tide
01-Oct-2023 13:59,338,Low Tide
01-Oct-2023 20:50,1435,High Tide
02-Oct-2023 02:30,803,Low Tide
02-Oct-2023 07:56,1309,High Tide
02-Oct-2023 14:31,317,Low Tide
02-Oct-2023 21:29,1413,High Tide
03-Oct-2023 03:08,844,Low Tide
03-Oct-2023 08:24,1261,High Tide
03-Oct-2023 15:03,344,Low Tide
03-Oct-2023 22:07,1360,High Tide
04-Oct-2023 03:46,880,Low Tide
04-Oct-2023 08:50,1200,High Tide
04-Oct-2023 15:37,409,Low Tide
04-Oct-2023 22:48,1289,High Tide
05-Oct-2023 04:27,916,Low Tide
05-Oct-2023 09:15,1133,High Tide
05-Oct-2023 16:12,496,Low Tide
05-Oct-2023 23:38,1213,High Tide
06-Oct-2023 05:19,955,Low Tide
06-Oct-2023 09:33,1066,High Tide
06-Oct-2023 16:52,593,Low Tide
07-Oct-2023 00:53,1152,High Tide
07-Oct-2023 06:56,987,Low Tide
07-Oct-2023 09:29,1004,High Tide
07-Oct-2023 17:45,689,Low Tide
08-Oct-2023 02:44,1133,High Tide
08-Oct-2023 19:24,768,Low Tide
09-Oct-2023 04:14,1161,High Tide
09-Oct-2023 11:51,872,Low Tide
09-Oct-2023 15:58,938,High Tide
09-Oct-2023 21:38,788,Low Tide
10-Oct-2023 05:02,1198,High Tide
10-Oct-2023 11:51,812,Low Tide
10-Oct-2023 17:13,1024,High Tide
10-Oct-2023 22:52,772,Low Tide
11-Oct-2023 05:34,1228,High Tide
11-Oct-2023 12:04,747,Low Tide
11-Oct-2023 17:57,1113,High Tide
11-Oct-2023 23:38,757,Low Tide
12-Oct-2023 05:58,1246,High Tide
12-Oct-2023 12:21,676,Low Tide
12-Oct-2023 18:32,1197,High Tide
13-Oct-2023 00:14,752,Low Tide
13-Oct-2023 06:18,1252,High Tide
13-Oct-2023 12:40,603,Low Tide
13-Oct-2023 19:04,1271,High Tide
14-Oct-2023 00:47,758,Low Tide
14-Oct-2023 06:36,1248,High Tide
14-Oct-2023 13:00,530,Low Tide
14-Oct-2023 19:34,1333,High Tide
15-Oct-2023 01:18,774,Low Tide
15-Oct-2023 06:52,1236,High Tide
15-Oct-2023 13:20,464,Low Tide
15-Oct-2023 20:03,1379,High Tide
16-Oct-2023 01:49,799,Low Tide
16-Oct-2023 07:08,1220,High Tide
16-Oct-2023 13:42,410,Low Tide
16-Oct-2023 20:34,1405,High Tide
17-Oct-2023 02:19,831,Low Tide
17-Oct-2023 07:26,1202,High Tide
17-Oct-2023 14:05,377,Low Tide
17-Oct-2023 21:05,1407,High Tide
18-Oct-2023 02:49,867,Low Tide
18-Oct-2023 07:46,1184,High Tide
18-Oct-2023 14:31,371,Low Tide
18-Oct-2023 21:40,1384,High Tide
19-Oct-2023 03:20,907,Low Tide
19-Oct-2023 08:07,1167,High Tide
19-Oct-2023 15:01,396,Low Tide
19-Oct-2023 22:19,1339,High Tide
20-Oct-2023 03:55,950,Low Tide
20-Oct-2023 08:30,1146,High Tide
20-Oct-2023 15:36,453,Low Tide
20-Oct-2023 23:08,1282,High Tide
21-Oct-2023 04:40,992,Low Tide
21-Oct-2023 08:54,1116,High Tide
21-Oct-2023 16:19,538,Low Tide
22-Oct-2023 00:17,1230,High Tide
22-Oct-2023 05:56,1024,Low Tide
22-Oct-2023 09:19,1069,High Tide
22-Oct-2023 17:19,643,Low Tide
23-Oct-2023 01:46,1208,High Tide
23-Oct-2023 18:59,746,Low Tide
24-Oct-2023 03:05,1224,High Tide
24-Oct-2023 10:23,898,Low Tide
24-Oct-2023 15:17,1008,High Tide
24-Oct-2023 21:08,801,Low Tide
25-Oct-2023 03:59,1252,High Tide
25-Oct-2023 10:50,774,Low Tide
25-Oct-2023 16:54,1136,High Tide
25-Oct-2023 22:35,816,Low Tide
26-Oct-2023 04:38,1276,High Tide
26-Oct-2023 11:19,636,Low Tide
26-Oct-2023 17:53,1273,High Tide
26-Oct-2023 23:35,827,Low Tide
27-Oct-2023 05:12,1288,High Tide
27-Oct-2023 11:49,502,Low Tide
27-Oct-2023 18:40,1391,High Tide
28-Oct-2023 00:24,842,Low Tide
28-Oct-2023 05:44,1287,High Tide
28-Oct-2023 12:20,393,Low Tide
28-Oct-2023 19:21,1474,High Tide
29-Oct-2023 01:07,856,Low Tide
29-Oct-2023 06:16,1274,High Tide
29-Oct-2023 12:52,322,Low Tide
29-Oct-2023 19:59,1514,High Tide
30-Oct-2023 01:47,866,Low Tide
30-Oct-2023 06:48,1251,High Tide
30-Oct-2023 13:24,298,Low Tide
30-Oct-2023 20:34,1512,High Tide
31-Oct-2023 02:25,874,Low Tide
31-Oct-2023 07:20,1220,High Tide
31-Oct-2023 13:56,318,Low Tide
31-Oct-2023 21:08,1477,High Tide
01-Nov-2023 03:01,881,Low Tide
01-Nov-2023 07:52,1180,High Tide
01-Nov-2023 14:28,373,Low Tide
01-Nov-2023 21:43,1420,High Tide
02-Nov-2023 03:40,895,Low Tide
02-Nov-2023 08:23,1136,High Tide
02-Nov-2023 15:01,450,Low Tide
02-Nov-2023 22:19,1355,High Tide
03-Nov-2023 04:23,916,Low Tide
03-Nov-2023 08:52,1088,High Tide
03-Nov-2023 15:34,540,Low Tide
03-Nov-2023 23:02,1291,High Tide
04-Nov-2023 05:18,940,Low Tide
04-Nov-2023 09:19,1037,High Tide
04-Nov-2023 16:10,638,Low Tide
04-Nov-2023 23:56,1237,High Tide
05-Nov-2023 06:42,952,Low Tide
05-Nov-2023 09:48,984,High Tide
05-Nov-2023 16:52,740,Low Tide
06-Nov-2023 01:08,1202,High Tide
06-Nov-2023 08:59,924,Low Tide
06-Nov-2023 11:51,930,High Tide
06-Nov-2023 18:00,842,Low Tide
07-Nov-2023 02:25,1191,High Tide
07-Nov-2023 10:10,861,Low Tide
07-Nov-2023 15:50,980,High Tide
07-Nov-2023 20:12,915,Low Tide
08-Nov-2023 03:24,1196,High Tide
08-Nov-2023 10:38,788,Low Tide
08-Nov-2023 17:02,1081,High Tide
08-Nov-2023 22:02,931,Low Tide
09-Nov-2023 04:06,1202,High Tide
09-Nov-2023 11:03,708,Low Tide
09-Nov-2023 17:44,1184,High Tide
09-Nov-2023 23:06,925,Low Tide
10-Nov-2023 04:38,1204,High Tide
10-Nov-2023 11:26,624,Low Tide
10-Nov-2023 18:18,1281,High Tide
10-Nov-2023 23:53,918,Low Tide
11-Nov-2023 05:05,1200,High Tide
11-Nov-2023 11:50,541,Low Tide
11-Nov-2023 18:49,1368,High Tide
12-Nov-2023 00:33,914,Low Tide
12-Nov-2023 05:29,1191,High Tide
12-Nov-2023 12:14,465,Low Tide
12-Nov-2023 19:20,1439,High Tide
13-Nov-2023 01:09,915,Low Tide
13-Nov-2023 05:53,1182,High Tide
13-Nov-2023 12:39,402,Low Tide
13-Nov-2023 19:50,1489,High Tide
14-Nov-2023 01:44,922,Low Tide
14-Nov-2023 06:19,1175,High Tide
14-Nov-2023 13:06,361,Low Tide
14-Nov-2023 20:22,1512,High Tide
15-Nov-2023 02:17,935,Low Tide
15-Nov-2023 06:47,1171,High Tide
15-Nov-2023 13:36,349,Low Tide
15-Nov-2023 20:55,1507,High Tide
16-Nov-2023 02:50,951,Low Tide
16-Nov-2023 07:17,1170,High Tide
16-Nov-2023 14:09,370,Low Tide
16-Nov-2023 21:31,1477,High Tide
17-Nov-2023 03:25,968,Low Tide
17-Nov-2023 07:51,1165,High Tide
17-Nov-2023 14:44,426,Low Tide
17-Nov-2023 22:11,1432,High Tide
18-Nov-2023 04:06,981,Low Tide
18-Nov-2023 08:29,1148,High Tide
18-Nov-2023 15:24,512,Low Tide
18-Nov-2023 22:57,1384,High Tide
19-Nov-2023 05:01,983,Low Tide
19-Nov-2023 09:16,1110,High Tide
19-Nov-2023 16:10,624,Low Tide
19-Nov-2023 23:49,1344,High Tide
20-Nov-2023 06:17,960,Low Tide
20-Nov-2023 10:31,1053,High Tide
20-Nov-2023 17:07,754,Low Tide
21-Nov-2023 00:47,1316,High Tide
21-Nov-2023 07:44,893,Low Tide
21-Nov-2023 13:17,1029,High Tide
21-Nov-2023 18:30,887,Low Tide
22-Nov-2023 01:44,1300,High Tide
22-Nov-2023 08:56,788,Low Tide
22-Nov-2023 15:41,1121,High Tide
22-Nov-2023 20:30,983,Low Tide
23-Nov-2023 02:37,1289,High Tide
23-Nov-2023 09:48,666,Low Tide
23-Nov-2023 17:00,1256,High Tide
23-Nov-2023 22:14,1019,Low Tide
24-Nov-2023 03:25,1274,High Tide
24-Nov-2023 10:31,549,Low Tide
24-Nov-2023 17:52,1382,High Tide
24-Nov-2023 23:26,1018,Low Tide
25-Nov-2023 04:10,1256,High Tide
25-Nov-2023 11:10,453,Low Tide
25-Nov-2023 18:35,1478,High Tide
26-Nov-2023 00:21,1001,Low Tide
26-Nov-2023 04:54,1236,High Tide
26-Nov-2023 11:47,390,Low Tide
26-Nov-2023 19:12,1535,High Tide
27-Nov-2023 01:07,978,Low Tide
27-Nov-2023 05:37,1216,High Tide
27-Nov-2023 12:23,362,Low Tide
27-Nov-2023 19:48,1556,High Tide
28-Nov-2023 01:47,955,Low Tide
28-Nov-2023 06:19,1197,High Tide
28-Nov-2023 12:59,367,Low Tide
28-Nov-2023 20:22,1546,High Tide
29-Nov-2023 02:24,938,Low Tide
29-Nov-2023 06:58,1178,High Tide
29-Nov-2023 13:34,399,Low Tide
29-Nov-2023 20:55,1517,High Tide
30-Nov-2023 03:01,929,Low Tide
30-Nov-2023 07:36,1158,High Tide
30-Nov-2023 14:07,451,Low Tide
30-Nov-2023 21:29,1480,High Tide
01-Dec-2023 03:39,929,Low Tide
01-Dec-2023 08:12,1134,High Tide
01-Dec-2023 14:40,518,Low Tide
01-Dec-2023 22:03,1440,High Tide
02-Dec-2023 04:21,933,Low Tide
02-Dec-2023 08:48,1105,High Tide
02-Dec-2023 15:13,597,Low Tide
02-Dec-2023 22:37,1400,High Tide
03-Dec-2023 05:09,934,Low Tide
03-Dec-2023 09:28,1072,High Tide
03-Dec-2023 15:46,687,Low Tide
03-Dec-2023 23:14,1363,High Tide
04-Dec-2023 06:05,925,Low Tide
04-Dec-2023 10:22,1035,High Tide
04-Dec-2023 16:21,787,Low Tide
04-Dec-2023 23:53,1327,High Tide
05-Dec-2023 07:08,898,Low Tide
05-Dec-2023 12:02,1006,High Tide
05-Dec-2023 17:03,894,Low Tide
06-Dec-2023 00:34,1293,High Tide
06-Dec-2023 08:10,849,Low Tide
06-Dec-2023 14:42,1037,High Tide
06-Dec-2023 18:13,1000,Low Tide
07-Dec-2023 01:18,1262,High Tide
07-Dec-2023 09:05,782,Low Tide
07-Dec-2023 16:30,1131,High Tide
07-Dec-2023 20:22,1077,Low Tide
08-Dec-2023 02:04,1233,High Tide
08-Dec-2023 09:49,704,Low Tide
08-Dec-2023 17:24,1238,High Tide
08-Dec-2023 22:18,1097,Low Tide
09-Dec-2023 02:49,1207,High Tide
09-Dec-2023 10:26,621,Low Tide
09-Dec-2023 18:02,1341,High Tide
09-Dec-2023 23:34,1085,Low Tide
10-Dec-2023 03:33,1185,High Tide
10-Dec-2023 11:01,541,Low Tide
10-Dec-2023 18:35,1433,High Tide
11-Dec-2023 00:27,1066,Low Tide
11-Dec-2023 04:15,1171,High Tide
11-Dec-2023 11:34,470,Low Tide
11-Dec-2023 19:08,1507,High Tide
12-Dec-2023 01:10,1049,Low Tide
12-Dec-2023 04:58,1167,High Tide
12-Dec-2023 12:09,415,Low Tide
12-Dec-2023 19:41,1557,High Tide
13-Dec-2023 01:46,1037,Low Tide
13-Dec-2023 05:41,1176,High Tide
13-Dec-2023 12:45,386,Low Tide
13-Dec-2023 20:15,1580,High Tide
14-Dec-2023 02:19,1027,Low Tide
14-Dec-2023 06:25,1193,High Tide
14-Dec-2023 13:23,388,Low Tide
14-Dec-2023 20:50,1579,High Tide
15-Dec-2023 02:53,1016,Low Tide
15-Dec-2023 07:12,1209,High Tide
15-Dec-2023 14:02,425,Low Tide
15-Dec-2023 21:26,1562,High Tide
16-Dec-2023 03:30,996,Low Tide
16-Dec-2023 08:02,1213,High Tide
16-Dec-2023 14:42,497,Low Tide
16-Dec-2023 22:02,1536,High Tide
17-Dec-2023 04:12,963,Low Tide
17-Dec-2023 08:57,1199,High Tide
17-Dec-2023 15:24,601,Low Tide
17-Dec-2023 22:38,1507,High Tide
18-Dec-2023 05:02,914,Low Tide
18-Dec-2023 10:03,1167,High Tide
18-Dec-2023 16:07,729,Low Tide
18-Dec-2023 23:14,1477,High Tide
19-Dec-2023 05:57,849,Low Tide
19-Dec-2023 11:31,1135,High Tide
19-Dec-2023 16:54,873,Low Tide
19-Dec-2023 23:51,1441,High Tide
20-Dec-2023 06:54,772,Low Tide
20-Dec-2023 13:29,1146,High Tide
20-Dec-2023 17:56,1017,Low Tide
21-Dec-2023 00:31,1397,High Tide
21-Dec-2023 07:52,692,Low Tide
21-Dec-2023 15:27,1225,High Tide
21-Dec-2023 19:35,1133,Low Tide
22-Dec-2023 01:15,1343,High Tide
22-Dec-2023 08:50,618,Low Tide
22-Dec-2023 16:50,1332,High Tide
22-Dec-2023 21:44,1176,Low Tide
23-Dec-2023 02:07,1285,High Tide
23-Dec-2023 09:45,558,Low Tide
23-Dec-2023 17:45,1426,High Tide
23-Dec-2023 23:27,1150,Low Tide
24-Dec-2023 03:09,1234,High Tide
24-Dec-2023 10:37,514,Low Tide
24-Dec-2023 18:29,1494,High Tide
25-Dec-2023 00:31,1100,Low Tide
25-Dec-2023 04:14,1199,High Tide
25-Dec-2023 11:25,487,Low Tide
25-Dec-2023 19:07,1534,High Tide
26-Dec-2023 01:17,1052,Low Tide
26-Dec-2023 05:15,1184,High Tide
26-Dec-2023 12:09,476,Low Tide
26-Dec-2023 19:43,1553,High Tide
27-Dec-2023 01:54,1014,Low Tide
27-Dec-2023 06:08,1180,High Tide
27-Dec-2023 12:48,481,Low Tide
27-Dec-2023 20:17,1557,High Tide
28-Dec-2023 02:28,985,Low Tide
28-Dec-2023 06:55,1182,High Tide
28-Dec-2023 13:25,502,Low Tide
28-Dec-2023 20:48,1552,High Tide
29-Dec-2023 03:01,964,Low Tide
29-Dec-2023 07:37,1183,High Tide
29-Dec-2023 13:58,538,Low Tide
29-Dec-2023 21:18,1540,High Tide
30-Dec-2023 03:34,946,Low Tide
30-Dec-2023 08:17,1180,High Tide
30-Dec-2023 14:30,590,Low Tide
30-Dec-2023 21:46,1524,High Tide
31-Dec-2023 04:08,927,Low Tide
31-Dec-2023 08:56,1171,High Tide
31-Dec-2023 15:01,657,Low Tide
31-Dec-2023 22:11,1502,High Tide
01-Jan-2024 04:43,905,Low Tide
01-Jan-2024 09:38,1156,High Tide
01-Jan-2024 15:31,739,Low Tide
01-Jan-2024 22:34,1473,High Tide
02-Jan-2024 05:20,877,Low Tide
02-Jan-2024 10:27,1136,High Tide
02-Jan-2024 16:01,832,Low Tide
02-Jan-2024 22:56,1439,High Tide
03-Jan-2024 06:00,843,Low Tide
03-Jan-2024 11:32,1117,High Tide
03-Jan-2024 16:32,933,Low Tide
03-Jan-2024 23:18,1400,High Tide
04-Jan-2024 06:43,803,Low Tide
04-Jan-2024 13:10,1117,High Tide
04-Jan-2024 17:08,1038,Low Tide
04-Jan-2024 23:39,1355,High Tide
05-Jan-2024 07:30,757,Low Tide
05-Jan-2024 15:14,1168,High Tide
05-Jan-2024 18:08,1144,Low Tide
06-Jan-2024 00:01,1307,High Tide
06-Jan-2024 08:22,706,Low Tide
06-Jan-2024 16:57,1261,High Tide
06-Jan-2024 20:44,1220,Low Tide
07-Jan-2024 00:24,1257,High Tide
07-Jan-2024 09:17,649,Low Tide
07-Jan-2024 17:48,1362,High Tide
08-Jan-2024 00:04,1210,Low Tide
08-Jan-2024 00:52,1210,High Tide
08-Jan-2024 10:12,587,Low Tide
08-Jan-2024 18:27,1454,High Tide
09-Jan-2024 01:04,1170,Low Tide
09-Jan-2024 02:42,1176,High Tide
09-Jan-2024 11:04,528,Low Tide
09-Jan-2024 19:02,1529,High Tide
10-Jan-2024 01:28,1135,Low Tide
10-Jan-2024 04:14,1174,High Tide
10-Jan-2024 11:52,479,Low Tide
10-Jan-2024 19:36,1583,High Tide
11-Jan-2024 01:52,1102,Low Tide
11-Jan-2024 05:27,1201,High Tide
11-Jan-2024 12:37,453,Low Tide
11-Jan-2024 20:09,1616,High Tide
12-Jan-2024 02:18,1062,Low Tide
12-Jan-2024 06:31,1240,High Tide
12-Jan-2024 13:20,460,Low Tide
12-Jan-2024 20:41,1629,High Tide
13-Jan-2024 02:47,1008,Low Tide
13-Jan-2024 07:30,1276,High Tide
13-Jan-2024 14:01,506,Low Tide
13-Jan-2024 21:11,1630,High Tide
14-Jan-2024 03:21,939,Low Tide
14-Jan-2024 08:27,1297,High Tide
14-Jan-2024 14:41,591,Low Tide
14-Jan-2024 21:39,1620,High Tide
15-Jan-2024 03:58,857,Low Tide
15-Jan-2024 09:25,1297,High Tide
15-Jan-2024 15:20,706,Low Tide
15-Jan-2024 22:06,1600,High Tide
16-Jan-2024 04:38,774,Low Tide
16-Jan-2024 10:27,1281,High Tide
16-Jan-2024 15:59,839,Low Tide
16-Jan-2024 22:33,1567,High Tide
17-Jan-2024 05:21,703,Low Tide
17-Jan-2024 11:38,1261,High Tide
17-Jan-2024 16:40,975,Low Tide
17-Jan-2024 23:00,1516,High Tide
18-Jan-2024 06:06,654,Low Tide
18-Jan-2024 13:05,1256,High Tide
18-Jan-2024 17:28,1101,Low Tide
18-Jan-2024 23:28,1447,High Tide
19-Jan-2024 06:56,633,Low Tide
19-Jan-2024 14:47,1283,High Tide
19-Jan-2024 18:42,1202,Low Tide
19-Jan-2024 23:57,1365,High Tide
20-Jan-2024 07:54,632,Low Tide
20-Jan-2024 16:29,1340,High Tide
20-Jan-2024 21:07,1248,Low Tide
21-Jan-2024 00:33,1278,High Tide
21-Jan-2024 09:02,637,Low Tide
21-Jan-2024 17:39,1404,High Tide
22-Jan-2024 00:15,1193,Low Tide
22-Jan-2024 02:01,1200,High Tide
22-Jan-2024 10:15,632,Low Tide
22-Jan-2024 18:27,1459,High Tide
23-Jan-2024 01:02,1123,Low Tide
23-Jan-2024 03:56,1161,High Tide
23-Jan-2024 11:17,614,Low Tide
23-Jan-2024 19:06,1503,High Tide
24-Jan-2024 01:32,1065,Low Tide
24-Jan-2024 05:19,1165,High Tide
24-Jan-2024 12:06,596,Low Tide
24-Jan-2024 19:39,1537,High Tide
25-Jan-2024 01:59,1019,Low Tide
25-Jan-2024 06:20,1187,High Tide
25-Jan-2024 12:47,588,Low Tide
25-Jan-2024 20:09,1560,High Tide
26-Jan-2024 02:25,979,Low Tide
26-Jan-2024 07:07,1213,High Tide
26-Jan-2024 13:21,596,Low Tide
26-Jan-2024 20:35,1572,High Tide
27-Jan-2024 02:50,943,Low Tide
27-Jan-2024 07:48,1236,High Tide
27-Jan-2024 13:52,622,Low Tide
27-Jan-2024 20:58,1573,High Tide
28-Jan-2024 03:15,905,Low Tide
28-Jan-2024 08:24,1253,High Tide
28-Jan-2024 14:21,665,Low Tide
28-Jan-2024 21:18,1563,High Tide
29-Jan-2024 03:40,866,Low Tide
29-Jan-2024 09:00,1262,High Tide
29-Jan-2024 14:49,724,Low Tide
29-Jan-2024 21:36,1544,High Tide
30-Jan-2024 04:05,825,Low Tide
30-Jan-2024 09:37,1262,High Tide
30-Jan-2024 15:16,796,Low Tide
30-Jan-2024 21:52,1516,High Tide
31-Jan-2024 04:32,785,Low Tide
31-Jan-2024 10:17,1252,High Tide
31-Jan-2024 15:43,877,Low Tide
31-Jan-2024 22:06,1481,High Tide
01-Feb-2024 05:01,749,Low Tide
01-Feb-2024 11:05,1234,High Tide
01-Feb-2024 16:10,966,Low Tide
01-Feb-2024 22:21,1441,High Tide
02-Feb-2024 05:33,720,Low Tide
02-Feb-2024 12:07,1217,High Tide
02-Feb-2024 16:39,1059,Low Tide
02-Feb-2024 22:35,1395,High Tide
03-Feb-2024 06:10,699,Low Tide
03-Feb-2024 13:39,1217,High Tide
03-Feb-2024 17:13,1156,Low Tide
03-Feb-2024 22:45,1347,High Tide
04-Feb-2024 06:58,688,Low Tide
04-Feb-2024 15:56,1263,High Tide
04-Feb-2024 18:19,1253,Low Tide
04-Feb-2024 22:39,1303,High Tide
05-Feb-2024 08:03,678,Low Tide
05-Feb-2024 17:40,1352,High Tide
06-Feb-2024 09:28,654,Low Tide
06-Feb-2024 18:19,1440,High Tide
07-Feb-2024 10:44,609,Low Tide
07-Feb-2024 18:52,1515,High Tide
08-Feb-2024 01:36,1142,Low Tide
08-Feb-2024 04:12,1172,High Tide
08-Feb-2024 11:44,564,Low Tide
08-Feb-2024 19:22,1573,High Tide
09-Feb-2024 01:39,1082,Low Tide
09-Feb-2024 05:45,1230,High Tide
09-Feb-2024 12:33,543,Low Tide
09-Feb-2024 19:49,1612,High Tide
10-Feb-2024 01:59,998,Low Tide
10-Feb-2024 06:53,1301,High Tide
10-Feb-2024 13:16,561,Low Tide
10-Feb-2024 20:15,1634,High Tide
11-Feb-2024 02:25,894,Low Tide
11-Feb-2024 07:50,1364,High Tide
11-Feb-2024 13:56,620,Low Tide
11-Feb-2024 20:39,1641,High Tide
12-Feb-2024 02:55,781,Low Tide
12-Feb-2024 08:43,1404,High Tide
12-Feb-2024 14:34,713,Low Tide
12-Feb-2024 21:02,1634,High Tide
13-Feb-2024 03:28,676,Low Tide
13-Feb-2024 09:35,1418,High Tide
13-Feb-2024 15:11,823,Low Tide
13-Feb-2024 21:26,1609,High Tide
14-Feb-2024 04:03,599,Low Tide
14-Feb-2024 10:27,1406,High Tide
14-Feb-2024 15:48,934,Low Tide
14-Feb-2024 21:50,1564,High Tide
15-Feb-2024 04:40,563,Low Tide
15-Feb-2024 11:22,1374,High Tide
15-Feb-2024 16:27,1034,Low Tide
15-Feb-2024 22:14,1498,High Tide
16-Feb-2024 05:19,571,Low Tide
16-Feb-2024 12:27,1332,High Tide
16-Feb-2024 17:10,1121,Low Tide
16-Feb-2024 22:38,1416,High Tide
17-Feb-2024 06:04,615,Low Tide
17-Feb-2024 13:52,1298,High Tide
17-Feb-2024 18:09,1194,Low Tide
17-Feb-2024 22:56,1325,High Tide
18-Feb-2024 07:00,679,Low Tide
18-Feb-2024 15:51,1302,High Tide
18-Feb-2024 20:39,1236,Low Tide
18-Feb-2024 22:27,1240,High Tide
19-Feb-2024 08:19,734,Low Tide
19-Feb-2024 17:28,1352,High Tide
20-Feb-2024 10:00,747,Low Tide
20-Feb-2024 18:17,1410,High Tide
21-Feb-2024 01:11,1076,Low Tide
21-Feb-2024 04:20,1121,High Tide
21-Feb-2024 11:15,723,Low Tide
21-Feb-2024 18:53,1462,High Tide
22-Feb-2024 01:24,1017,Low Tide
22-Feb-2024 05:44,1162,High Tide
22-Feb-2024 12:04,697,Low Tide
22-Feb-2024 19:21,1503,High Tide
23-Feb-2024 01:42,963,Low Tide
23-Feb-2024 06:37,1213,High Tide
23-Feb-2024 12:41,685,Low Tide
23-Feb-2024 19:45,1530,High Tide
24-Feb-2024 02:01,911,Low Tide
24-Feb-2024 07:17,1263,High Tide
24-Feb-2024 13:13,691,Low Tide
24-Feb-2024 20:06,1541,High Tide
25-Feb-2024 02:20,858,Low Tide
25-Feb-2024 07:52,1305,High Tide
25-Feb-2024 13:42,714,Low Tide
25-Feb-2024 20:24,1538,High Tide
26-Feb-2024 02:40,803,Low Tide
26-Feb-2024 08:25,1338,High Tide
26-Feb-2024 14:10,752,Low Tide
26-Feb-2024 20:39,1524,High Tide
27-Feb-2024 03:01,749,Low Tide
27-Feb-2024 08:56,1359,High Tide
27-Feb-2024 14:36,802,Low Tide
27-Feb-2024 20:53,1501,High Tide
28-Feb-2024 03:22,700,Low Tide
28-Feb-2024 09:28,1367,High Tide
28-Feb-2024 15:03,860,Low Tide
28-Feb-2024 21:06,1472,High Tide
29-Feb-2024 03:44,660,Low Tide
29-Feb-2024 10:03,1361,High Tide
29-Feb-2024 15:29,926,Low Tide
29-Feb-2024 21:19,1438,High Tide
01-Mar-2024 04:09,632,Low Tide
01-Mar-2024 10:41,1340,High Tide
01-Mar-2024 15:56,997,Low Tide
01-Mar-2024 21:32,1400,High Tide
02-Mar-2024 04:36,623,Low Tide
02-Mar-2024 11:29,1309,High Tide
02-Mar-2024 16:25,1072,Low Tide
02-Mar-2024 21:45,1361,High Tide
03-Mar-2024 05:09,633,Low Tide
03-Mar-2024 12:37,1275,High Tide
03-Mar-2024 16:57,1152,Low Tide
03-Mar-2024 21:55,1322,High Tide
04-Mar-2024 05:53,662,Low Tide
04-Mar-2024 14:30,1267,High Tide
04-Mar-2024 17:46,1235,Low Tide
04-Mar-2024 21:48,1286,High Tide
05-Mar-2024 07:00,704,Low Tide
05-Mar-2024 17:00,1324,High Tide
06-Mar-2024 08:50,726,Low Tide
06-Mar-2024 17:49,1401,High Tide
07-Mar-2024 10:30,701,Low Tide
07-Mar-2024 18:19,1468,High Tide
08-Mar-2024 00:55,1070,Low Tide
08-Mar-2024 04:52,1178,High Tide
08-Mar-2024 11:35,672,Low Tide
08-Mar-2024 18:45,1519,High Tide
09-Mar-2024 01:02,966,Low Tide
09-Mar-2024 06:11,1280,High Tide
09-Mar-2024 12:24,670,Low Tide
09-Mar-2024 19:09,1553,High Tide
10-Mar-2024 01:23,837,Low Tide
10-Mar-2024 07:09,1383,High Tide
10-Mar-2024 13:07,704,Low Tide
10-Mar-2024 19:32,1571,High Tide
11-Mar-2024 01:50,700,Low Tide
11-Mar-2024 07:59,1465,High Tide
11-Mar-2024 13:47,767,Low Tide
11-Mar-2024 19:55,1574,High Tide
12-Mar-2024 02:19,578,Low Tide
12-Mar-2024 08:46,1515,High Tide
12-Mar-2024 14:25,844,Low Tide
12-Mar-2024 20:19,1559,High Tide
13-Mar-2024 02:51,492,Low Tide
13-Mar-2024 09:30,1526,High Tide
13-Mar-2024 15:03,919,Low Tide
13-Mar-2024 20:44,1526,High Tide
14-Mar-2024 03:24,457,Low Tide
14-Mar-2024 10:13,1500,High Tide
14-Mar-2024 15:40,984,Low Tide
14-Mar-2024 21:11,1472,High Tide
15-Mar-2024 03:59,476,Low Tide
15-Mar-2024 10:58,1444,High Tide
15-Mar-2024 16:19,1040,Low Tide
15-Mar-2024 21:37,1401,High Tide
16-Mar-2024 04:36,539,Low Tide
16-Mar-2024 11:49,1371,High Tide
16-Mar-2024 17:02,1092,Low Tide
16-Mar-2024 22:02,1320,High Tide
17-Mar-2024 05:18,629,Low Tide
17-Mar-2024 12:59,1301,High Tide
17-Mar-2024 18:02,1141,Low Tide
17-Mar-2024 22:18,1236,High Tide
18-Mar-2024 06:10,727,Low Tide
18-Mar-2024 14:50,1269,High Tide
19-Mar-2024 07:32,811,Low Tide
19-Mar-2024 16:44,1301,High Tide
20-Mar-2024 01:00,1065,Low Tide
20-Mar-2024 02:21,1067,High Tide
20-Mar-2024 09:37,841,Low Tide
20-Mar-2024 17:39,1353,High Tide
21-Mar-2024 00:35,1000,Low Tide
21-Mar-2024 04:53,1108,High Tide
21-Mar-2024 11:01,822,Low Tide
21-Mar-2024 18:14,1399,High Tide
22-Mar-2024 00:47,935,Low Tide
22-Mar-2024 05:57,1182,High Tide
22-Mar-2024 11:50,802,Low Tide
22-Mar-2024 18:40,1431,High Tide
23-Mar-2024 01:02,870,Low Tide
23-Mar-2024 06:40,1255,High Tide
23-Mar-2024 12:27,794,Low Tide
23-Mar-2024 19:02,1446,High Tide
24-Mar-2024 01:20,804,Low Tide
24-Mar-2024 07:15,1322,High Tide
24-Mar-2024 13:00,800,Low Tide
24-Mar-2024 19:21,1447,High Tide
25-Mar-2024 01:38,737,Low Tide
25-Mar-2024 07:47,1378,High Tide
25-Mar-2024 13:29,819,Low Tide
25-Mar-2024 19:37,1435,High Tide
26-Mar-2024 01:57,673,Low Tide
26-Mar-2024 08:16,1420,High Tide
26-Mar-2024 13:58,847,Low Tide
26-Mar-2024 19:51,1416,High Tide
27-Mar-2024 02:17,616,Low Tide
27-Mar-2024 08:46,1447,High Tide
27-Mar-2024 14:26,883,Low Tide
27-Mar-2024 20:05,1392,High Tide
28-Mar-2024 02:37,570,Low Tide
28-Mar-2024 09:15,1456,High Tide
28-Mar-2024 14:53,924,Low Tide
28-Mar-2024 20:19,1366,High Tide
29-Mar-2024 03:00,542,Low Tide
29-Mar-2024 09:47,1446,High Tide
29-Mar-2024 15:21,970,Low Tide
29-Mar-2024 20:35,1340,High Tide
30-Mar-2024 03:24,536,Low Tide
30-Mar-2024 10:22,1418,High Tide
30-Mar-2024 15:50,1020,Low Tide
30-Mar-2024 20:52,1313,High Tide
31-Mar-2024 03:53,553,Low Tide
31-Mar-2024 11:05,1373,High Tide
31-Mar-2024 16:22,1076,Low Tide
31-Mar-2024 21:09,1286,High Tide
01-Apr-2024 04:27,596,Low Tide
01-Apr-2024 12:04,1322,High Tide
01-Apr-2024 17:03,1135,Low Tide
01-Apr-2024 21:24,1254,High Tide
02-Apr-2024 05:12,662,Low Tide
02-Apr-2024 13:36,1289,High Tide
02-Apr-2024 18:28,1189,Low Tide
02-Apr-2024 21:26,1213,High Tide
03-Apr-2024 06:22,742,Low Tide
03-Apr-2024 15:27,1306,High Tide
04-Apr-2024 08:22,803,Low Tide
04-Apr-2024 16:36,1354,High Tide
04-Apr-2024 23:49,1047,Low Tide
05-Apr-2024 03:40,1115,High Tide
05-Apr-2024 10:11,813,Low Tide
05-Apr-2024 17:15,1399,High Tide
05-Apr-2024 23:52,930,Low Tide
06-Apr-2024 05:21,1229,High Tide
06-Apr-2024 11:19,814,Low Tide
06-Apr-2024 17:45,1432,High Tide
07-Apr-2024 00:13,788,Low Tide
07-Apr-2024 06:23,1359,High Tide
07-Apr-2024 12:11,832,Low Tide
07-Apr-2024 18:12,1451,High Tide
08-Apr-2024 00:40,641,Low Tide
08-Apr-2024 07:12,1473,High Tide
08-Apr-2024 12:56,865,Low Tide
08-Apr-2024 18:39,1457,High Tide
09-Apr-2024 01:09,511,Low Tide
09-Apr-2024 07:56,1554,High Tide
09-Apr-2024 13:38,904,Low Tide
09-Apr-2024 19:07,1449,High Tide
10-Apr-2024 01:41,421,Low Tide
10-Apr-2024 08:37,1591,High Tide
10-Apr-2024 14:18,940,Low Tide
10-Apr-2024 19:37,1427,High Tide
11-Apr-2024 02:13,383,Low Tide
11-Apr-2024 09:15,1583,High Tide
11-Apr-2024 14:57,967,Low Tide
11-Apr-2024 20:08,1391,High Tide
12-Apr-2024 02:48,401,Low Tide
12-Apr-2024 09:54,1537,High Tide
12-Apr-2024 15:35,989,Low Tide
12-Apr-2024 20:40,1340,High Tide
13-Apr-2024 03:23,462,Low Tide
13-Apr-2024 10:33,1466,High Tide
13-Apr-2024 16:16,1012,Low Tide
13-Apr-2024 21:11,1279,High Tide
14-Apr-2024 04:00,552,Low Tide
14-Apr-2024 11:19,1388,High Tide
14-Apr-2024 17:05,1041,Low Tide
14-Apr-2024 21:41,1210,High Tide
15-Apr-2024 04:41,655,Low Tide
15-Apr-2024 12:19,1317,High Tide
15-Apr-2024 18:16,1069,Low Tide
15-Apr-2024 22:08,1139,High Tide
16-Apr-2024 05:29,761,Low Tide
16-Apr-2024 13:43,1275,High Tide
16-Apr-2024 20:52,1066,Low Tide
16-Apr-2024 22:08,1067,High Tide
17-Apr-2024 06:41,857,Low Tide
17-Apr-2024 15:17,1275,High Tide
17-Apr-2024 23:13,995,Low Tide
18-Apr-2024 03:09,1044,High Tide
18-Apr-2024 08:41,918,Low Tide
18-Apr-2024 16:23,1298,High Tide
18-Apr-2024 23:29,923,Low Tide
19-Apr-2024 04:57,1120,High Tide
19-Apr-2024 10:23,926,Low Tide
19-Apr-2024 17:05,1319,High Tide
19-Apr-2024 23:48,849,Low Tide
20-Apr-2024 05:51,1210,High Tide
20-Apr-2024 11:22,918,Low Tide
20-Apr-2024 17:36,1330,High Tide
21-Apr-2024 00:08,773,Low Tide
21-Apr-2024 06:30,1297,High Tide
21-Apr-2024 12:06,913,Low Tide
21-Apr-2024 18:00,1329,High Tide
22-Apr-2024 00:29,697,Low Tide
22-Apr-2024 07:03,1373,High Tide
22-Apr-2024 12:43,915,Low Tide
22-Apr-2024 18:20,1319,High Tide
23-Apr-2024 00:50,625,Low Tide
23-Apr-2024 07:33,1435,High Tide
23-Apr-2024 13:16,922,Low Tide
23-Apr-2024 18:39,1304,High Tide
24-Apr-2024 01:11,560,Low Tide
24-Apr-2024 08:02,1481,High Tide
24-Apr-2024 13:48,935,Low Tide
24-Apr-2024 18:57,1286,High Tide
25-Apr-2024 01:33,510,Low Tide
25-Apr-2024 08:31,1507,High Tide
25-Apr-2024 14:19,952,Low Tide
25-Apr-2024 19:16,1269,High Tide
26-Apr-2024 01:57,479,Low Tide
26-Apr-2024 09:01,1512,High Tide
26-Apr-2024 14:50,974,Low Tide
26-Apr-2024 19:37,1255,High Tide
27-Apr-2024 02:23,471,Low Tide
27-Apr-2024 09:33,1494,High Tide
27-Apr-2024 15:20,1001,Low Tide
27-Apr-2024 20:01,1243,High Tide
28-Apr-2024 02:52,490,Low Tide
28-Apr-2024 10:09,1458,High Tide
28-Apr-2024 15:54,1031,Low Tide
28-Apr-2024 20:26,1230,High Tide
29-Apr-2024 03:26,535,Low Tide
29-Apr-2024 10:52,1410,High Tide
29-Apr-2024 16:34,1062,Low Tide
29-Apr-2024 20:55,1209,High Tide
30-Apr-2024 04:06,605,Low Tide
30-Apr-2024 11:47,1363,High Tide
30-Apr-2024 17:34,1086,Low Tide
30-Apr-2024 21:29,1172,High Tide
01-May-2024 04:55,696,Low Tide
01-May-2024 12:56,1331,High Tide
01-May-2024 19:13,1080,Low Tide
01-May-2024 22:24,1112,High Tide
02-May-2024 06:05,800,Low Tide
02-May-2024 14:08,1324,High Tide
02-May-2024 21:08,1010,Low Tide
03-May-2024 01:54,1078,High Tide
03-May-2024 07:52,895,Low Tide
03-May-2024 15:07,1332,High Tide
03-May-2024 22:07,893,Low Tide
04-May-2024 04:13,1172,High Tide
04-May-2024 09:42,947,Low Tide
04-May-2024 15:54,1342,High Tide
04-May-2024 22:46,754,Low Tide
05-May-2024 05:28,1306,High Tide
05-May-2024 11:00,971,Low Tide
05-May-2024 16:33,1345,High Tide
05-May-2024 23:21,614,Low Tide
06-May-2024 06:21,1434,High Tide
06-May-2024 11:59,984,Low Tide
06-May-2024 17:09,1341,High Tide
06-May-2024 23:55,491,Low Tide
07-May-2024 07:05,1532,High Tide
07-May-2024 12:49,991,Low Tide
07-May-2024 17:46,1330,High Tide
08-May-2024 00:30,405,Low Tide
08-May-2024 07:45,1588,High Tide
08-May-2024 13:33,989,Low Tide
08-May-2024 18:23,1313,High Tide
09-May-2024 01:06,367,Low Tide
09-May-2024 08:23,1600,High Tide
09-May-2024 14:14,982,Low Tide
09-May-2024 19:02,1291,High Tide
10-May-2024 01:42,375,Low Tide
10-May-2024 09:00,1574,High Tide
10-May-2024 14:54,974,Low Tide
10-May-2024 19:41,1263,High Tide
11-May-2024 02:19,421,Low Tide
11-May-2024 09:37,1524,High Tide
11-May-2024 15:34,971,Low Tide
11-May-2024 20:21,1226,High Tide
12-May-2024 02:57,494,Low Tide
12-May-2024 10:15,1464,High Tide
12-May-2024 16:19,974,Low Tide
12-May-2024 21:00,1182,High Tide
13-May-2024 03:35,583,Low Tide
13-May-2024 10:58,1406,High Tide
13-May-2024 17:12,982,Low Tide
13-May-2024 21:40,1131,High Tide
14-May-2024 04:14,680,Low Tide
14-May-2024 11:46,1355,High Tide
14-May-2024 18:19,983,Low Tide
14-May-2024 22:32,1076,High Tide
15-May-2024 04:58,780,Low Tide
15-May-2024 12:42,1317,High Tide
15-May-2024 19:41,963,Low Tide
16-May-2024 00:16,1032,High Tide
16-May-2024 05:54,881,Low Tide
16-May-2024 13:41,1290,High Tide
16-May-2024 21:02,915,Low Tide
17-May-2024 02:52,1052,High Tide
17-May-2024 07:22,970,Low Tide
17-May-2024 14:37,1271,High Tide
17-May-2024 21:56,847,Low Tide
18-May-2024 04:33,1132,High Tide
18-May-2024 09:15,1020,Low Tide
18-May-2024 15:24,1256,High Tide
18-May-2024 22:34,771,Low Tide
19-May-2024 05:30,1227,High Tide
19-May-2024 10:41,1030,Low Tide
19-May-2024 16:02,1240,High Tide
19-May-2024 23:05,693,Low Tide
20-May-2024 06:10,1316,High Tide
20-May-2024 11:40,1024,Low Tide
20-May-2024 16:35,1223,High Tide
20-May-2024 23:33,617,Low Tide
21-May-2024 06:44,1395,High Tide
21-May-2024 12:27,1015,Low Tide
21-May-2024 17:04,1205,High Tide
22-May-2024 00:00,548,Low Tide
22-May-2024 07:16,1458,High Tide
22-May-2024 13:08,1006,Low Tide
22-May-2024 17:33,1190,High Tide
23-May-2024 00:28,492,Low Tide
23-May-2024 07:47,1503,High Tide
23-May-2024 13:44,1001,Low Tide
23-May-2024 18:02,1181,High Tide
24-May-2024 00:57,454,Low Tide
24-May-2024 08:18,1527,High Tide
24-May-2024 14:18,1001,Low Tide
24-May-2024 18:34,1179,High Tide
25-May-2024 01:27,439,Low Tide
25-May-2024 08:50,1528,High Tide
25-May-2024 14:51,1004,Low Tide
25-May-2024 19:08,1182,High Tide
26-May-2024 02:01,449,Low Tide
26-May-2024 09:25,1510,High Tide
26-May-2024 15:25,1010,Low Tide
26-May-2024 19:45,1184,High Tide
27-May-2024 02:37,487,Low Tide
27-May-2024 10:02,1480,High Tide
27-May-2024 16:04,1012,Low Tide
27-May-2024 20:26,1179,High Tide
28-May-2024 03:16,551,Low Tide
28-May-2024 10:43,1446,High Tide
28-May-2024 16:51,1003,Low Tide
28-May-2024 21:15,1157,High Tide
29-May-2024 04:00,639,Low Tide
29-May-2024 11:28,1414,High Tide
29-May-2024 17:50,973,Low Tide
29-May-2024 22:23,1119,High Tide
30-May-2024 04:49,749,Low Tide
30-May-2024 12:14,1387,High Tide
30-May-2024 18:56,914,Low Tide
31-May-2024 00:14,1091,High Tide
31-May-2024 05:51,873,Low Tide
31-May-2024 13:00,1362,High Tide
31-May-2024 20:00,824,Low Tide
01-Jun-2024 02:31,1132,High Tide
01-Jun-2024 07:18,992,Low Tide
01-Jun-2024 13:46,1336,High Tide
01-Jun-2024 20:57,715,Low Tide
02-Jun-2024 04:13,1238,High Tide
02-Jun-2024 09:07,1070,Low Tide
02-Jun-2024 14:32,1305,High Tide
02-Jun-2024 21:47,604,Low Tide
03-Jun-2024 05:21,1357,High Tide
03-Jun-2024 10:42,1092,Low Tide
03-Jun-2024 15:20,1273,High Tide
03-Jun-2024 22:33,507,Low Tide
04-Jun-2024 06:12,1457,High Tide
04-Jun-2024 11:54,1078,Low Tide
04-Jun-2024 16:09,1242,High Tide
04-Jun-2024 23:18,439,Low Tide
05-Jun-2024 06:55,1521,High Tide
05-Jun-2024 12:49,1049,Low Tide
05-Jun-2024 17:01,1218,High Tide
06-Jun-2024 00:01,403,Low Tide
06-Jun-2024 07:34,1550,High Tide
06-Jun-2024 13:35,1015,Low Tide
06-Jun-2024 17:52,1202,High Tide
07-Jun-2024 00:42,399,Low Tide
07-Jun-2024 08:12,1548,High Tide
07-Jun-2024 14:16,983,Low Tide
07-Jun-2024 18:42,1189,High Tide
08-Jun-2024 01:23,424,Low Tide
08-Jun-2024 08:49,1527,High Tide
08-Jun-2024 14:55,958,Low Tide
08-Jun-2024 19:30,1175,High Tide
09-Jun-2024 02:02,470,Low Tide
09-Jun-2024 09:25,1497,High Tide
09-Jun-2024 15:36,939,Low Tide
09-Jun-2024 20:16,1156,High Tide
10-Jun-2024 02:40,533,Low Tide
10-Jun-2024 10:01,1464,High Tide
10-Jun-2024 16:19,924,Low Tide
10-Jun-2024 21:01,1131,High Tide
11-Jun-2024 03:16,608,Low Tide
11-Jun-2024 10:36,1431,High Tide
11-Jun-2024 17:05,909,Low Tide
11-Jun-2024 21:49,1100,High Tide
12-Jun-2024 03:52,694,Low Tide
12-Jun-2024 11:10,1397,High Tide
12-Jun-2024 17:53,887,Low Tide
12-Jun-2024 22:46,1069,High Tide
13-Jun-2024 04:30,789,Low Tide
13-Jun-2024 11:44,1360,High Tide
13-Jun-2024 18:43,856,Low Tide
14-Jun-2024 00:09,1050,High Tide
14-Jun-2024 05:12,889,Low Tide
14-Jun-2024 12:16,1319,High Tide
14-Jun-2024 19:33,813,Low Tide
15-Jun-2024 02:00,1067,High Tide
15-Jun-2024 06:08,988,Low Tide
15-Jun-2024 12:49,1277,High Tide
15-Jun-2024 20:23,760,Low Tide
16-Jun-2024 03:46,1130,High Tide
16-Jun-2024 07:39,1071,Low Tide
16-Jun-2024 13:22,1234,High Tide
16-Jun-2024 21:11,699,Low Tide
17-Jun-2024 05:00,1215,High Tide
17-Jun-2024 09:39,1111,Low Tide
17-Jun-2024 14:00,1192,High Tide
17-Jun-2024 21:56,634,Low Tide
18-Jun-2024 05:48,1301,High Tide
18-Jun-2024 11:18,1105,Low Tide
18-Jun-2024 14:45,1156,High Tide
18-Jun-2024 22:37,571,Low Tide
19-Jun-2024 06:26,1378,High Tide
19-Jun-2024 12:25,1081,Low Tide
19-Jun-2024 15:34,1128,High Tide
19-Jun-2024 23:16,513,Low Tide
20-Jun-2024 07:01,1441,High Tide
20-Jun-2024 13:12,1055,Low Tide
20-Jun-2024 16:26,1115,High Tide
20-Jun-2024 23:54,467,Low Tide
21-Jun-2024 07:34,1486,High Tide
21-Jun-2024 13:49,1034,Low Tide
21-Jun-2024 17:18,1118,High Tide
22-Jun-2024 00:32,437,Low Tide
22-Jun-2024 08:08,1512,High Tide
22-Jun-2024 14:21,1017,Low Tide
22-Jun-2024 18:09,1133,High Tide
23-Jun-2024 01:12,430,Low Tide
23-Jun-2024 08:42,1520,High Tide
23-Jun-2024 14:52,998,Low Tide
23-Jun-2024 19:01,1154,High Tide
24-Jun-2024 01:51,450,Low Tide
24-Jun-2024 09:16,1514,High Tide
24-Jun-2024 15:25,971,Low Tide
24-Jun-2024 19:54,1169,High Tide
25-Jun-2024 02:32,500,Low Tide
25-Jun-2024 09:49,1500,High Tide
25-Jun-2024 16:02,929,Low Tide
25-Jun-2024 20:49,1170,High Tide
26-Jun-2024 03:12,581,Low Tide
26-Jun-2024 10:22,1481,High Tide
26-Jun-2024 16:44,872,Low Tide
26-Jun-2024 21:51,1157,High Tide
27-Jun-2024 03:54,688,Low Tide
27-Jun-2024 10:54,1457,High Tide
27-Jun-2024 17:30,799,Low Tide
27-Jun-2024 23:06,1140,High Tide
28-Jun-2024 04:38,814,Low Tide
28-Jun-2024 11:25,1426,High Tide
28-Jun-2024 18:18,719,Low Tide
29-Jun-2024 00:39,1141,High Tide
29-Jun-2024 05:30,946,Low Tide
29-Jun-2024 11:57,1382,High Tide
29-Jun-2024 19:08,642,Low Tide
30-Jun-2024 02:24,1185,High Tide
30-Jun-2024 06:43,1065,Low Tide
30-Jun-2024 12:32,1327,High Tide
30-Jun-2024 20:01,576,Low Tide
01-Jul-2024 03:58,1264,High Tide
01-Jul-2024 08:32,1140,Low Tide
01-Jul-2024 13:14,1263,High Tide
01-Jul-2024 20:58,527,Low Tide
02-Jul-2024 05:09,1345,High Tide
02-Jul-2024 10:36,1141,Low Tide
02-Jul-2024 14:11,1200,High Tide
02-Jul-2024 21:57,493,Low Tide
03-Jul-2024 06:03,1409,High Tide
03-Jul-2024 12:07,1094,Low Tide
03-Jul-2024 15:23,1151,High Tide
03-Jul-2024 22:54,470,Low Tide
04-Jul-2024 06:48,1450,High Tide
04-Jul-2024 13:02,1039,Low Tide
04-Jul-2024 16:38,1127,High Tide
04-Jul-2024 23:46,458,Low Tide
05-Jul-2024 07:28,1473,High Tide
05-Jul-2024 13:43,989,Low Tide
05-Jul-2024 17:45,1123,High Tide
06-Jul-2024 00:33,459,Low Tide
06-Jul-2024 08:05,1481,High Tide
06-Jul-2024 14:19,947,Low Tide
06-Jul-2024 18:44,1128,High Tide
07-Jul-2024 01:15,477,Low Tide
07-Jul-2024 08:39,1481,High Tide
07-Jul-2024 14:54,911,Low Tide
07-Jul-2024 19:35,1132,High Tide
08-Jul-2024 01:52,511,Low Tide
08-Jul-2024 09:10,1475,High Tide
08-Jul-2024 15:28,877,Low Tide
08-Jul-2024 20:20,1132,High Tide
09-Jul-2024 02:27,561,Low Tide
09-Jul-2024 09:38,1461,High Tide
09-Jul-2024 16:01,844,Low Tide
09-Jul-2024 21:04,1126,High Tide
10-Jul-2024 02:59,627,Low Tide
10-Jul-2024 10:04,1438,High Tide
10-Jul-2024 16:35,810,Low Tide
10-Jul-2024 21:48,1115,High Tide
11-Jul-2024 03:31,705,Low Tide
11-Jul-2024 10:26,1407,High Tide
11-Jul-2024 17:09,775,Low Tide
11-Jul-2024 22:37,1101,High Tide
12-Jul-2024 04:02,792,Low Tide
12-Jul-2024 10:46,1368,High Tide
12-Jul-2024 17:44,738,Low Tide
12-Jul-2024 23:37,1088,High Tide
13-Jul-2024 04:35,885,Low Tide
13-Jul-2024 11:03,1324,High Tide
13-Jul-2024 18:21,701,Low Tide
14-Jul-2024 00:56,1087,High Tide
14-Jul-2024 05:12,978,Low Tide
14-Jul-2024 11:19,1276,High Tide
14-Jul-2024 19:02,666,Low Tide
15-Jul-2024 02:36,1115,High Tide
15-Jul-2024 06:05,1068,Low Tide
15-Jul-2024 11:34,1227,High Tide
15-Jul-2024 19:49,632,Low Tide
16-Jul-2024 04:20,1177,High Tide
16-Jul-2024 08:03,1139,Low Tide
16-Jul-2024 11:44,1178,High Tide
16-Jul-2024 20:44,598,Low Tide
17-Jul-2024 05:29,1255,High Tide
17-Jul-2024 21:44,558,Low Tide
18-Jul-2024 06:13,1330,High Tide
18-Jul-2024 22:41,513,Low Tide
19-Jul-2024 06:49,1395,High Tide
19-Jul-2024 13:37,1053,Low Tide
19-Jul-2024 15:35,1064,High Tide
19-Jul-2024 23:34,471,Low Tide
20-Jul-2024 07:23,1446,High Tide
20-Jul-2024 13:49,1019,Low Tide
20-Jul-2024 17:04,1083,High Tide
21-Jul-2024 00:21,442,Low Tide
21-Jul-2024 07:55,1481,High Tide
21-Jul-2024 14:10,979,Low Tide
21-Jul-2024 18:14,1122,High Tide
22-Jul-2024 01:04,438,Low Tide
22-Jul-2024 08:25,1500,High Tide
22-Jul-2024 14:35,924,Low Tide
22-Jul-2024 19:16,1165,High Tide
23-Jul-2024 01:45,469,Low Tide
23-Jul-2024 08:53,1506,High Tide
23-Jul-2024 15:05,851,Low Tide
23-Jul-2024 20:13,1197,High Tide
24-Jul-2024 02:25,537,Low Tide
24-Jul-2024 09:19,1501,High Tide
24-Jul-2024 15:38,765,Low Tide
24-Jul-2024 21:09,1213,High Tide
25-Jul-2024 03:03,635,Low Tide
25-Jul-2024 09:44,1486,High Tide
25-Jul-2024 16:14,674,Low Tide
25-Jul-2024 22:08,1212,High Tide
26-Jul-2024 03:41,753,Low Tide
26-Jul-2024 10:09,1457,High Tide
26-Jul-2024 16:53,594,Low Tide
26-Jul-2024 23:12,1203,High Tide
27-Jul-2024 04:22,875,Low Tide
27-Jul-2024 10:34,1412,High Tide
27-Jul-2024 17:34,538,Low Tide
28-Jul-2024 00:27,1195,High Tide
28-Jul-2024 05:09,989,Low Tide
28-Jul-2024 10:59,1350,High Tide
28-Jul-2024 18:20,513,Low Tide
29-Jul-2024 01:55,1202,High Tide
29-Jul-2024 06:11,1082,Low Tide
29-Jul-2024 11:26,1275,High Tide
29-Jul-2024 19:12,517,Low Tide
30-Jul-2024 03:33,1231,High Tide
30-Jul-2024 08:01,1138,Low Tide
30-Jul-2024 11:56,1192,High Tide
30-Jul-2024 20:17,536,Low Tide
31-Jul-2024 05:00,1277,High Tide
31-Jul-2024 11:38,1109,Low Tide
31-Jul-2024 12:52,1110,High Tide
31-Jul-2024 21:35,546,Low Tide
01-Aug-2024 05:59,1325,High Tide
01-Aug-2024 12:42,1035,Low Tide
01-Aug-2024 15:14,1059,High Tide
01-Aug-2024 22:49,537,Low Tide
02-Aug-2024 06:43,1368,High Tide
02-Aug-2024 13:12,971,Low Tide
02-Aug-2024 16:54,1058,High Tide
02-Aug-2024 23:46,521,Low Tide
03-Aug-2024 07:20,1401,High Tide
03-Aug-2024 13:41,915,Low Tide
03-Aug-2024 18:04,1083,High Tide
04-Aug-2024 00:32,514,Low Tide
04-Aug-2024 07:52,1425,High Tide
04-Aug-2024 14:08,865,Low Tide
04-Aug-2024 18:58,1111,High Tide
05-Aug-2024 01:09,524,Low Tide
05-Aug-2024 08:19,1437,High Tide
05-Aug-2024 14:34,818,Low Tide
05-Aug-2024 19:42,1136,High Tide
06-Aug-2024 01:42,553,Low Tide
06-Aug-2024 08:43,1436,High Tide
06-Aug-2024 15:00,772,Low Tide
06-Aug-2024 20:22,1154,High Tide
07-Aug-2024 02:12,598,Low Tide
07-Aug-2024 09:03,1422,High Tide
07-Aug-2024 15:24,727,Low Tide
07-Aug-2024 20:59,1164,High Tide
08-Aug-2024 02:41,657,Low Tide
08-Aug-2024 09:20,1396,High Tide
08-Aug-2024 15:49,683,Low Tide
08-Aug-2024 21:36,1166,High Tide
09-Aug-2024 03:09,725,Low Tide
09-Aug-2024 09:35,1363,High Tide
09-Aug-2024 16:15,643,Low Tide
09-Aug-2024 22:15,1158,High Tide
10-Aug-2024 03:37,800,Low Tide
10-Aug-2024 09:48,1324,High Tide
10-Aug-2024 16:42,611,Low Tide
10-Aug-2024 23:00,1142,High Tide
11-Aug-2024 04:05,878,Low Tide
11-Aug-2024 10:00,1283,High Tide
11-Aug-2024 17:12,588,Low Tide
11-Aug-2024 23:56,1122,High Tide
12-Aug-2024 04:35,957,Low Tide
12-Aug-2024 10:12,1239,High Tide
12-Aug-2024 17:47,578,Low Tide
13-Aug-2024 01:17,1111,High Tide
13-Aug-2024 05:10,1036,Low Tide
13-Aug-2024 10:20,1195,High Tide
13-Aug-2024 18:30,579,Low Tide
14-Aug-2024 03:15,1133,High Tide
14-Aug-2024 06:15,1114,Low Tide
14-Aug-2024 10:14,1156,High Tide
14-Aug-2024 19:31,586,Low Tide
15-Aug-2024 05:11,1199,High Tide
15-Aug-2024 20:57,579,Low Tide
16-Aug-2024 05:58,1273,High Tide
16-Aug-2024 22:20,546,Low Tide
17-Aug-2024 06:31,1341,High Tide
17-Aug-2024 13:25,1000,Low Tide
17-Aug-2024 15:49,1022,High Tide
17-Aug-2024 23:23,504,Low Tide
18-Aug-2024 07:00,1395,High Tide
18-Aug-2024 13:21,945,Low Tide
18-Aug-2024 17:27,1080,High Tide
19-Aug-2024 00:12,480,Low Tide
19-Aug-2024 07:26,1433,High Tide
19-Aug-2024 13:37,866,Low Tide
19-Aug-2024 18:34,1154,High Tide
20-Aug-2024 00:55,490,Low Tide
20-Aug-2024 07:50,1455,High Tide
20-Aug-2024 14:01,766,Low Tide
20-Aug-2024 19:31,1224,High Tide
21-Aug-2024 01:35,539,Low Tide
21-Aug-2024 08:13,1463,High Tide
21-Aug-2024 14:29,652,Low Tide
21-Aug-2024 20:23,1275,High Tide
22-Aug-2024 02:13,621,Low Tide
22-Aug-2024 08:35,1456,High Tide
22-Aug-2024 14:59,544,Low Tide
22-Aug-2024 21:13,1302,High Tide
23-Aug-2024 02:50,720,Low Tide
23-Aug-2024 08:58,1435,High Tide
23-Aug-2024 15:33,460,Low Tide
23-Aug-2024 22:04,1301,High Tide
24-Aug-2024 03:28,821,Low Tide
24-Aug-2024 09:21,1396,High Tide
24-Aug-2024 16:09,417,Low Tide
24-Aug-2024 22:56,1276,High Tide
25-Aug-2024 04:08,911,Low Tide
25-Aug-2024 09:45,1339,High Tide
25-Aug-2024 16:48,421,Low Tide
25-Aug-2024 23:56,1233,High Tide
26-Aug-2024 04:52,987,Low Tide
26-Aug-2024 10:10,1266,High Tide
26-Aug-2024 17:32,465,Low Tide
27-Aug-2024 01:13,1189,High Tide
27-Aug-2024 05:51,1048,Low Tide
27-Aug-2024 10:32,1182,High Tide
27-Aug-2024 18:26,535,Low Tide
28-Aug-2024 02:59,1172,High Tide
28-Aug-2024 07:55,1083,Low Tide
28-Aug-2024 10:33,1097,High Tide
28-Aug-2024 19:42,603,Low Tide
29-Aug-2024 04:45,1202,High Tide
29-Aug-2024 21:28,631,Low Tide
30-Aug-2024 05:44,1252,High Tide
30-Aug-2024 12:35,935,Low Tide
30-Aug-2024 16:03,995,High Tide
30-Aug-2024 22:53,615,Low Tide
31-Aug-2024 06:24,1301,High Tide
31-Aug-2024 12:54,868,Low Tide
31-Aug-2024 17:28,1042,High Tide
31-Aug-2024 23:46,593,Low Tide
01-Sep-2024 06:55,1339,High Tide
01-Sep-2024 13:15,807,Low Tide
01-Sep-2024 18:23,1097,High Tide
02-Sep-2024 00:26,586,Low Tide
02-Sep-2024 07:21,1362,High Tide
02-Sep-2024 13:36,750,Low Tide
02-Sep-2024 19:06,1148,High Tide
03-Sep-2024 00:59,597,Low Tide
03-Sep-2024 07:43,1368,High Tide
03-Sep-2024 13:57,694,Low Tide
03-Sep-2024 19:42,1191,High Tide
04-Sep-2024 01:29,624,Low Tide
04-Sep-2024 08:01,1358,High Tide
04-Sep-2024 14:17,639,Low Tide
04-Sep-2024 20:15,1223,High Tide
05-Sep-2024 01:57,663,Low Tide
05-Sep-2024 08:17,1337,High Tide
05-Sep-2024 14:37,588,Low Tide
05-Sep-2024 20:47,1243,High Tide
06-Sep-2024 02:25,711,Low Tide
06-Sep-2024 08:29,1308,High Tide
06-Sep-2024 14:58,544,Low Tide
06-Sep-2024 21:18,1249,High Tide
07-Sep-2024 02:51,764,Low Tide
07-Sep-2024 08:41,1276,High Tide
07-Sep-2024 15:20,512,Low Tide
07-Sep-2024 21:50,1240,High Tide
08-Sep-2024 03:18,821,Low Tide
08-Sep-2024 08:53,1243,High Tide
08-Sep-2024 15:44,494,Low Tide
08-Sep-2024 22:26,1216,High Tide
09-Sep-2024 03:45,880,Low Tide
09-Sep-2024 09:06,1209,High Tide
09-Sep-2024 16:10,495,Low Tide
09-Sep-2024 23:09,1180,High Tide
10-Sep-2024 04:14,942,Low Tide
10-Sep-2024 09:19,1175,High Tide
10-Sep-2024 16:41,515,Low Tide
11-Sep-2024 00:11,1140,High Tide
11-Sep-2024 04:47,1007,Low Tide
11-Sep-2024 09:28,1141,High Tide
11-Sep-2024 17:22,554,Low Tide
12-Sep-2024 01:54,1121,High Tide
12-Sep-2024 05:45,1075,Low Tide
12-Sep-2024 09:20,1109,High Tide
12-Sep-2024 18:26,604,Low Tide
13-Sep-2024 04:14,1158,High Tide
13-Sep-2024 20:17,638,Low Tide
14-Sep-2024 05:15,1225,High Tide
14-Sep-2024 22:05,621,Low Tide
15-Sep-2024 05:48,1286,High Tide
15-Sep-2024 12:26,912,Low Tide
15-Sep-2024 16:36,1029,High Tide
15-Sep-2024 23:11,593,Low Tide
16-Sep-2024 06:14,1333,High Tide
16-Sep-2024 12:33,815,Low Tide
16-Sep-2024 17:50,1135,High Tide
17-Sep-2024 00:00,588,Low Tide
17-Sep-2024 06:37,1365,High Tide
17-Sep-2024 12:53,692,Low Tide
17-Sep-2024 18:46,1244,High Tide
18-Sep-2024 00:43,616,Low Tide
18-Sep-2024 07:00,1381,High Tide
18-Sep-2024 13:18,557,Low Tide
18-Sep-2024 19:36,1335,High Tide
19-Sep-2024 01:23,672,Low Tide
19-Sep-2024 07:22,1383,High Tide
19-Sep-2024 13:47,434,Low Tide
19-Sep-2024 20:21,1395,High Tide
20-Sep-2024 02:02,742,Low Tide
20-Sep-2024 07:46,1371,High Tide
20-Sep-2024 14:18,345,Low Tide
20-Sep-2024 21:05,1415,High Tide
21-Sep-2024 02:40,810,Low Tide
21-Sep-2024 08:11,1344,High Tide
21-Sep-2024 14:51,307,Low Tide
21-Sep-2024 21:47,1395,High Tide
22-Sep-2024 03:18,869,Low Tide
22-Sep-2024 08:38,1300,High Tide
22-Sep-2024 15:26,325,Low Tide
22-Sep-2024 22:31,1341,High Tide
23-Sep-2024 03:58,916,Low Tide
23-Sep-2024 09:06,1239,High Tide
23-Sep-2024 16:04,391,Low Tide
23-Sep-2024 23:21,1265,High Tide
24-Sep-2024 04:44,957,Low Tide
24-Sep-2024 09:35,1165,High Tide
24-Sep-2024 16:47,489,Low Tide
25-Sep-2024 00:27,1189,High Tide
25-Sep-2024 05:48,995,Low Tide
25-Sep-2024 09:59,1084,High Tide
25-Sep-2024 17:41,599,Low Tide
26-Sep-2024 02:08,1146,High Tide
26-Sep-2024 19:05,695,Low Tide
27-Sep-2024 03:57,1162,High Tide
27-Sep-2024 11:45,917,Low Tide
27-Sep-2024 14:42,943,High Tide
27-Sep-2024 21:14,736,Low Tide
28-Sep-2024 05:00,1206,High Tide
28-Sep-2024 11:53,842,Low Tide
28-Sep-2024 16:44,1003,High Tide
28-Sep-2024 22:43,724,Low Tide
29-Sep-2024 05:39,1247,High Tide
29-Sep-2024 12:13,771,Low Tide
29-Sep-2024 17:44,1085,High Tide
29-Sep-2024 23:34,709,Low Tide
30-Sep-2024 06:09,1274,High Tide
30-Sep-2024 12:32,703,Low Tide
30-Sep-2024 18:27,1162,High Tide
01-Oct-2024 00:13,706,Low Tide
01-Oct-2024 06:33,1282,High Tide
01-Oct-2024 12:51,637,Low Tide
01-Oct-2024 19:02,1230,High Tide
02-Oct-2024 00:46,715,Low Tide
02-Oct-2024 06:52,1276,High Tide
02-Oct-2024 13:10,575,Low Tide
02-Oct-2024 19:33,1285,High Tide
03-Oct-2024 01:16,734,Low Tide
03-Oct-2024 07:09,1258,High Tide
03-Oct-2024 13:30,517,Low Tide
03-Oct-2024 20:02,1325,High Tide
04-Oct-2024 01:45,760,Low Tide
04-Oct-2024 07:23,1235,High Tide
04-Oct-2024 13:49,469,Low Tide
04-Oct-2024 20:30,1347,High Tide
05-Oct-2024 02:13,790,Low Tide
05-Oct-2024 07:37,1211,High Tide
05-Oct-2024 14:10,435,Low Tide
05-Oct-2024 20:58,1351,High Tide
06-Oct-2024 02:40,824,Low Tide
06-Oct-2024 07:51,1187,High Tide
06-Oct-2024 14:32,419,Low Tide
06-Oct-2024 21:27,1337,High Tide
07-Oct-2024 03:07,861,Low Tide
07-Oct-2024 08:07,1165,High Tide
07-Oct-2024 14:55,424,Low Tide
07-Oct-2024 21:59,1305,High Tide
08-Oct-2024 03:36,902,Low Tide
08-Oct-2024 08:24,1143,High Tide
08-Oct-2024 15:22,451,Low Tide
08-Oct-2024 22:38,1259,High Tide
09-Oct-2024 04:08,948,Low Tide
09-Oct-2024 08:42,1120,High Tide
09-Oct-2024 15:54,502,Low Tide
09-Oct-2024 23:30,1207,High Tide
10-Oct-2024 04:50,997,Low Tide
10-Oct-2024 08:58,1093,High Tide
10-Oct-2024 16:35,573,Low Tide
11-Oct-2024 00:52,1168,High Tide
11-Oct-2024 06:20,1039,Low Tide
11-Oct-2024 09:01,1056,High Tide
11-Oct-2024 17:38,659,Low Tide
12-Oct-2024 02:38,1171,High Tide
12-Oct-2024 19:37,734,Low Tide
13-Oct-2024 03:52,1209,High Tide
13-Oct-2024 11:13,907,Low Tide
13-Oct-2024 15:30,986,High Tide
13-Oct-2024 21:40,754,Low Tide
14-Oct-2024 04:35,1249,High Tide
14-Oct-2024 11:17,796,Low Tide
14-Oct-2024 17:02,1111,High Tide
14-Oct-2024 22:53,756,Low Tide
15-Oct-2024 05:07,1279,High Tide
15-Oct-2024 11:39,660,Low Tide
15-Oct-2024 18:00,1249,High Tide
15-Oct-2024 23:46,769,Low Tide
16-Oct-2024 05:34,1297,High Tide
16-Oct-2024 12:05,515,Low Tide
16-Oct-2024 18:48,1373,High Tide
17-Oct-2024 00:32,797,Low Tide
17-Oct-2024 06:02,1303,High Tide
17-Oct-2024 12:35,384,Low Tide
17-Oct-2024 19:31,1464,High Tide
18-Oct-2024 01:15,831,Low Tide
18-Oct-2024 06:30,1299,High Tide
18-Oct-2024 13:07,290,Low Tide
18-Oct-2024 20:11,1511,High Tide
19-Oct-2024 01:55,861,Low Tide
19-Oct-2024 07:00,1284,High Tide
19-Oct-2024 13:40,250,Low Tide
19-Oct-2024 20:49,1510,High Tide
20-Oct-2024 02:34,883,Low Tide
20-Oct-2024 07:33,1257,High Tide
20-Oct-2024 14:15,268,Low Tide
20-Oct-2024 21:27,1467,High Tide
21-Oct-2024 03:13,899,Low Tide
21-Oct-2024 08:07,1217,High Tide
21-Oct-2024 14:52,335,Low Tide
21-Oct-2024 22:07,1397,High Tide
22-Oct-2024 03:55,914,Low Tide
22-Oct-2024 08:43,1163,High Tide
22-Oct-2024 15:30,436,Low Tide
22-Oct-2024 22:51,1316,High Tide
23-Oct-2024 04:45,932,Low Tide
23-Oct-2024 09:19,1097,High Tide
23-Oct-2024 16:12,553,Low Tide
23-Oct-2024 23:48,1243,High Tide
24-Oct-2024 06:00,949,Low Tide
24-Oct-2024 09:59,1024,High Tide
24-Oct-2024 17:01,675,Low Tide
25-Oct-2024 01:05,1195,High Tide
25-Oct-2024 08:13,934,Low Tide
25-Oct-2024 11:37,950,High Tide
25-Oct-2024 18:13,787,Low Tide
26-Oct-2024 02:32,1185,High Tide
26-Oct-2024 10:16,865,Low Tide
26-Oct-2024 15:17,965,High Tide
26-Oct-2024 20:16,863,Low Tide
27-Oct-2024 03:41,1198,High Tide
27-Oct-2024 10:51,788,Low Tide
27-Oct-2024 16:51,1058,High Tide
27-Oct-2024 22:07,878,Low Tide
28-Oct-2024 04:27,1212,High Tide
28-Oct-2024 11:17,713,Low Tide
28-Oct-2024 17:41,1156,High Tide
28-Oct-2024 23:11,873,Low Tide
29-Oct-2024 05:01,1216,High Tide
29-Oct-2024 11:40,639,Low Tide
29-Oct-2024 18:18,1247,High Tide
29-Oct-2024 23:55,868,Low Tide
30-Oct-2024 05:28,1209,High Tide
30-Oct-2024 12:02,569,Low Tide
30-Oct-2024 18:50,1324,High Tide
31-Oct-2024 00:33,866,Low Tide
31-Oct-2024 05:51,1195,High Tide
31-Oct-2024 12:23,505,Low Tide
31-Oct-2024 19:19,1383,High Tide
01-Nov-2024 01:06,869,Low Tide
01-Nov-2024 06:10,1178,High Tide
01-Nov-2024 12:45,451,Low Tide
01-Nov-2024 19:47,1425,High Tide
02-Nov-2024 01:37,875,Low Tide
02-Nov-2024 06:29,1162,High Tide
02-Nov-2024 13:08,412,Low Tide
02-Nov-2024 20:14,1446,High Tide
03-Nov-2024 02:07,885,Low Tide
03-Nov-2024 06:49,1149,High Tide
03-Nov-2024 13:32,392,Low Tide
03-Nov-2024 20:42,1447,High Tide
04-Nov-2024 02:36,900,Low Tide
04-Nov-2024 07:11,1139,High Tide
04-Nov-2024 13:57,395,Low Tide
04-Nov-2024 21:11,1430,High Tide
05-Nov-2024 03:05,920,Low Tide
05-Nov-2024 07:35,1132,High Tide
05-Nov-2024 14:25,421,Low Tide
05-Nov-2024 21:44,1397,High Tide
06-Nov-2024 03:37,944,Low Tide
06-Nov-2024 08:02,1123,High Tide
06-Nov-2024 14:56,470,Low Tide
06-Nov-2024 22:22,1354,High Tide
07-Nov-2024 04:16,969,Low Tide
07-Nov-2024 08:31,1107,High Tide
07-Nov-2024 15:32,542,Low Tide
07-Nov-2024 23:10,1309,High Tide
08-Nov-2024 05:12,988,Low Tide
08-Nov-2024 09:07,1076,High Tide
08-Nov-2024 16:14,635,Low Tide
09-Nov-2024 00:09,1275,High Tide
09-Nov-2024 06:39,981,Low Tide
09-Nov-2024 10:03,1025,High Tide
09-Nov-2024 17:13,746,Low Tide
10-Nov-2024 01:16,1258,High Tide
10-Nov-2024 08:22,921,Low Tide
10-Nov-2024 13:16,989,High Tide
10-Nov-2024 18:50,860,Low Tide
11-Nov-2024 02:17,1257,High Tide
11-Nov-2024 09:27,813,Low Tide
11-Nov-2024 15:52,1087,High Tide
11-Nov-2024 20:57,935,Low Tide
12-Nov-2024 03:07,1260,High Tide
12-Nov-2024 10:09,681,Low Tide
12-Nov-2024 17:07,1232,High Tide
12-Nov-2024 22:29,964,Low Tide
13-Nov-2024 03:48,1260,High Tide
13-Nov-2024 10:46,541,Low Tide
13-Nov-2024 17:59,1372,High Tide
13-Nov-2024 23:34,974,Low Tide
14-Nov-2024 04:27,1256,High Tide
14-Nov-2024 11:22,416,Low Tide
14-Nov-2024 18:42,1484,High Tide
15-Nov-2024 00:26,975,Low Tide
15-Nov-2024 05:06,1249,High Tide
15-Nov-2024 11:58,325,Low Tide
15-Nov-2024 19:22,1553,High Tide
16-Nov-2024 01:11,968,Low Tide
16-Nov-2024 05:46,1241,High Tide
16-Nov-2024 12:35,280,Low Tide
16-Nov-2024 19:59,1576,High Tide
17-Nov-2024 01:52,955,Low Tide
17-Nov-2024 06:28,1229,High Tide
17-Nov-2024 13:13,285,Low Tide
17-Nov-2024 20:36,1558,High Tide
18-Nov-2024 02:31,940,Low Tide
18-Nov-2024 07:11,1212,High Tide
18-Nov-2024 13:52,333,Low Tide
18-Nov-2024 21:13,1514,High Tide
19-Nov-2024 03:12,928,Low Tide
19-Nov-2024 07:54,1184,High Tide
19-Nov-2024 14:31,414,Low Tide
19-Nov-2024 21:51,1458,High Tide
20-Nov-2024 03:57,922,Low Tide
20-Nov-2024 08:38,1144,High Tide
20-Nov-2024 15:09,515,Low Tide
20-Nov-2024 22:31,1402,High Tide
21-Nov-2024 04:49,919,Low Tide
21-Nov-2024 09:25,1092,High Tide
21-Nov-2024 15:48,626,Low Tide
21-Nov-2024 23:16,1352,High Tide
22-Nov-2024 05:54,912,Low Tide
22-Nov-2024 10:24,1036,High Tide
22-Nov-2024 16:29,743,Low Tide
23-Nov-2024 00:05,1310,High Tide
23-Nov-2024 07:10,887,Low Tide
23-Nov-2024 12:10,993,High Tide
23-Nov-2024 17:18,860,Low Tide
24-Nov-2024 00:58,1276,High Tide
24-Nov-2024 08:25,839,Low Tide
24-Nov-2024 14:47,1022,High Tide
24-Nov-2024 18:38,968,Low Tide
25-Nov-2024 01:51,1246,High Tide
25-Nov-2024 09:23,775,Low Tide
25-Nov-2024 16:32,1115,High Tide
25-Nov-2024 20:45,1038,Low Tide
26-Nov-2024 02:41,1219,High Tide
26-Nov-2024 10:06,704,Low Tide
26-Nov-2024 17:26,1217,High Tide
26-Nov-2024 22:30,1050,Low Tide
27-Nov-2024 03:24,1194,High Tide
27-Nov-2024 10:40,632,Low Tide
27-Nov-2024 18:04,1310,High Tide
27-Nov-2024 23:37,1038,Low Tide
28-Nov-2024 04:02,1171,High Tide
28-Nov-2024 11:11,565,Low Tide
28-Nov-2024 18:36,1389,High Tide
29-Nov-2024 00:25,1020,Low Tide
29-Nov-2024 04:36,1153,High Tide
29-Nov-2024 11:40,505,Low Tide
29-Nov-2024 19:05,1450,High Tide
30-Nov-2024 01:03,1002,Low Tide
30-Nov-2024 05:08,1141,High Tide
30-Nov-2024 12:09,459,Low Tide
30-Nov-2024 19:34,1493,High Tide
01-Dec-2024 01:37,989,Low Tide
01-Dec-2024 05:41,1137,High Tide
01-Dec-2024 12:38,429,Low Tide
01-Dec-2024 20:03,1517,High Tide
02-Dec-2024 02:08,981,Low Tide
02-Dec-2024 06:14,1140,High Tide
02-Dec-2024 13:08,419,Low Tide
02-Dec-2024 20:33,1522,High Tide
03-Dec-2024 02:38,979,Low Tide
03-Dec-2024 06:49,1149,High Tide
03-Dec-2024 13:40,431,Low Tide
03-Dec-2024 21:04,1513,High Tide
04-Dec-2024 03:09,980,Low Tide
04-Dec-2024 07:26,1157,High Tide
04-Dec-2024 14:14,467,Low Tide
04-Dec-2024 21:38,1492,High Tide
05-Dec-2024 03:44,978,Low Tide
05-Dec-2024 08:07,1158,High Tide
05-Dec-2024 14:49,528,Low Tide
05-Dec-2024 22:13,1467,High Tide
06-Dec-2024 04:25,968,Low Tide
06-Dec-2024 08:54,1145,High Tide
06-Dec-2024 15:27,614,Low Tide
06-Dec-2024 22:50,1440,High Tide
07-Dec-2024 05:15,941,Low Tide
07-Dec-2024 09:53,1115,High Tide
07-Dec-2024 16:08,724,Low Tide
07-Dec-2024 23:29,1413,High Tide
08-Dec-2024 06:13,889,Low Tide
08-Dec-2024 11:22,1083,High Tide
08-Dec-2024 16:57,854,Low Tide
09-Dec-2024 00:09,1384,High Tide
09-Dec-2024 07:14,810,Low Tide
09-Dec-2024 13:39,1100,High Tide
09-Dec-2024 18:06,992,Low Tide
10-Dec-2024 00:51,1351,High Tide
10-Dec-2024 08:12,711,Low Tide
10-Dec-2024 15:42,1201,High Tide
10-Dec-2024 19:58,1106,Low Tide
11-Dec-2024 01:35,1314,High Tide
11-Dec-2024 09:06,606,Low Tide
11-Dec-2024 17:00,1330,High Tide
11-Dec-2024 22:02,1150,Low Tide
12-Dec-2024 02:25,1275,High Tide
12-Dec-2024 09:57,510,Low Tide
12-Dec-2024 17:52,1444,High Tide
12-Dec-2024 23:31,1136,Low Tide
13-Dec-2024 03:21,1242,High Tide
13-Dec-2024 10:46,436,Low Tide
13-Dec-2024 18:35,1526,High Tide
14-Dec-2024 00:31,1100,Low Tide
14-Dec-2024 04:20,1222,High Tide
14-Dec-2024 11:33,391,Low Tide
14-Dec-2024 19:15,1571,High Tide
15-Dec-2024 01:17,1057,Low Tide
15-Dec-2024 05:19,1214,High Tide
15-Dec-2024 12:19,379,Low Tide
15-Dec-2024 19:53,1584,High Tide
16-Dec-2024 01:56,1016,Low Tide
16-Dec-2024 06:16,1214,High Tide
16-Dec-2024 13:02,397,Low Tide
16-Dec-2024 20:29,1576,High Tide
17-Dec-2024 02:34,979,Low Tide
17-Dec-2024 07:09,1213,High Tide
17-Dec-2024 13:43,443,Low Tide
17-Dec-2024 21:04,1556,High Tide
18-Dec-2024 03:14,947,Low Tide
18-Dec-2024 07:59,1203,High Tide
18-Dec-2024 14:21,511,Low Tide
18-Dec-2024 21:38,1532,High Tide
19-Dec-2024 03:55,920,Low Tide
19-Dec-2024 08:47,1181,High Tide
19-Dec-2024 14:57,596,Low Tide
19-Dec-2024 22:11,1504,High Tide
20-Dec-2024 04:38,895,Low Tide
20-Dec-2024 09:36,1150,High Tide
20-Dec-2024 15:32,694,Low Tide
20-Dec-2024 22:42,1472,High Tide
21-Dec-2024 05:23,869,Low Tide
21-Dec-2024 10:31,1116,High Tide
21-Dec-2024 16:05,800,Low Tide
21-Dec-2024 23:11,1432,High Tide
22-Dec-2024 06:10,839,Low Tide
22-Dec-2024 11:44,1091,High Tide
22-Dec-2024 16:40,912,Low Tide
22-Dec-2024 23:37,1386,High Tide
23-Dec-2024 06:58,804,Low Tide
23-Dec-2024 13:29,1096,High Tide
23-Dec-2024 17:22,1024,Low Tide
24-Dec-2024 00:02,1335,High Tide
24-Dec-2024 07:48,764,Low Tide
24-Dec-2024 15:32,1154,High Tide
24-Dec-2024 18:34,1127,Low Tide
25-Dec-2024 00:26,1283,High Tide
25-Dec-2024 08:40,717,Low Tide
25-Dec-2024 17:02,1243,High Tide
25-Dec-2024 21:02,1189,Low Tide
26-Dec-2024 00:55,1232,High Tide
26-Dec-2024 09:31,666,Low Tide
26-Dec-2024 17:50,1331,High Tide
26-Dec-2024 23:35,1177,Low Tide
27-Dec-2024 01:41,1185,High Tide
27-Dec-2024 10:19,614,Low Tide
27-Dec-2024 18:25,1409,High Tide
28-Dec-2024 00:46,1137,Low Tide
28-Dec-2024 02:54,1150,High Tide
28-Dec-2024 11:03,564,Low Tide
28-Dec-2024 18:56,1473,High Tide
29-Dec-2024 01:20,1102,Low Tide
29-Dec-2024 04:06,1137,High Tide
29-Dec-2024 11:43,521,Low Tide
29-Dec-2024 19:26,1523,High Tide
30-Dec-2024 01:47,1072,Low Tide
30-Dec-2024 05:07,1145,High Tide
30-Dec-2024 12:22,491,Low Tide
30-Dec-2024 19:57,1557,High Tide
31-Dec-2024 02:12,1048,Low Tide
31-Dec-2024 06:02,1169,High Tide
31-Dec-2024 12:59,479,Low Tide
31-Dec-2024 20:27,1578,High Tide
01-Jan-2025 02:38,1024,Low Tide
01-Jan-2025 06:52,1199,High Tide
01-Jan-2025 13:36,491,Low Tide
01-Jan-2025 20:56,1585,High Tide
02-Jan-2025 03:06,994,Low Tide
02-Jan-2025 07:41,1225,High Tide
02-Jan-2025 14:12,532,Low Tide
02-Jan-2025 21:25,1583,High Tide
03-Jan-2025 03:38,952,Low Tide
03-Jan-2025 08:31,1238,High Tide
03-Jan-2025 14:48,604,Low Tide
03-Jan-2025 21:53,1573,High Tide
04-Jan-2025 04:14,895,Low Tide
04-Jan-2025 09:24,1235,High Tide
04-Jan-2025 15:24,704,Low Tide
04-Jan-2025 22:20,1554,High Tide
05-Jan-2025 04:53,827,Low Tide
05-Jan-2025 10:26,1220,High Tide
05-Jan-2025 16:01,827,Low Tide
05-Jan-2025 22:46,1525,High Tide
06-Jan-2025 05:36,754,Low Tide
06-Jan-2025 11:42,1207,High Tide
06-Jan-2025 16:42,962,Low Tide
06-Jan-2025 23:12,1483,High Tide
07-Jan-2025 06:22,686,Low Tide
07-Jan-2025 13:20,1220,High Tide
07-Jan-2025 17:33,1097,Low Tide
07-Jan-2025 23:39,1427,High Tide
08-Jan-2025 07:13,632,Low Tide
08-Jan-2025 15:11,1278,High Tide
08-Jan-2025 18:58,1211,Low Tide
09-Jan-2025 00:09,1361,High Tide
09-Jan-2025 08:11,594,Low Tide
09-Jan-2025 16:46,1364,High Tide
09-Jan-2025 21:32,1258,Low Tide
10-Jan-2025 00:51,1290,High Tide
10-Jan-2025 09:17,567,Low Tide
10-Jan-2025 17:48,1443,High Tide
11-Jan-2025 00:00,1211,Low Tide
11-Jan-2025 02:18,1226,High Tide
11-Jan-2025 10:25,542,Low Tide
11-Jan-2025 18:34,1504,High Tide
12-Jan-2025 00:54,1144,Low Tide
12-Jan-2025 04:00,1197,High Tide
12-Jan-2025 11:26,520,Low Tide
12-Jan-2025 19:14,1546,High Tide
13-Jan-2025 01:29,1081,Low Tide
13-Jan-2025 05:23,1204,High Tide
13-Jan-2025 12:17,510,Low Tide
13-Jan-2025 19:50,1572,High Tide
14-Jan-2025 02:02,1023,Low Tide
14-Jan-2025 06:29,1225,High Tide
14-Jan-2025 13:01,519,Low Tide
14-Jan-2025 20:22,1588,High Tide
15-Jan-2025 02:34,969,Low Tide
15-Jan-2025 07:23,1245,High Tide
15-Jan-2025 13:40,551,Low Tide
15-Jan-2025 20:52,1593,High Tide
16-Jan-2025 03:06,920,Low Tide
16-Jan-2025 08:11,1255,High Tide
16-Jan-2025 14:14,604,Low Tide
16-Jan-2025 21:18,1587,High Tide
17-Jan-2025 03:38,874,Low Tide
17-Jan-2025 08:54,1254,High Tide
17-Jan-2025 14:46,676,Low Tide
17-Jan-2025 21:42,1569,High Tide
18-Jan-2025 04:09,833,Low Tide
18-Jan-2025 09:37,1245,High Tide
18-Jan-2025 15:16,760,Low Tide
18-Jan-2025 22:03,1538,High Tide
19-Jan-2025 04:41,797,Low Tide
19-Jan-2025 10:21,1229,High Tide
19-Jan-2025 15:45,852,Low Tide
19-Jan-2025 22:20,1496,High Tide
20-Jan-2025 05:13,766,Low Tide
20-Jan-2025 11:11,1209,High Tide
20-Jan-2025 16:14,949,Low Tide
20-Jan-2025 22:35,1447,High Tide
21-Jan-2025 05:47,742,Low Tide
21-Jan-2025 12:16,1192,High Tide
21-Jan-2025 16:44,1045,Low Tide
21-Jan-2025 22:48,1395,High Tide
22-Jan-2025 06:26,726,Low Tide
22-Jan-2025 13:49,1192,High Tide
22-Jan-2025 17:16,1140,Low Tide
22-Jan-2025 22:57,1342,High Tide
23-Jan-2025 07:12,715,Low Tide
23-Jan-2025 16:05,1235,High Tide
23-Jan-2025 18:14,1228,Low Tide
23-Jan-2025 22:56,1293,High Tide
24-Jan-2025 08:10,705,Low Tide
24-Jan-2025 17:43,1315,High Tide
25-Jan-2025 09:22,684,Low Tide
25-Jan-2025 18:19,1393,High Tide
26-Jan-2025 10:31,647,Low Tide
26-Jan-2025 18:49,1463,High Tide
27-Jan-2025 02:08,1132,Low Tide
27-Jan-2025 03:09,1134,High Tide
27-Jan-2025 11:27,602,Low Tide
27-Jan-2025 19:17,1524,High Tide
28-Jan-2025 01:48,1096,Low Tide
28-Jan-2025 05:05,1159,High Tide
28-Jan-2025 12:13,565,Low Tide
28-Jan-2025 19:44,1571,High Tide
29-Jan-2025 02:01,1050,Low Tide
29-Jan-2025 06:13,1213,High Tide
29-Jan-2025 12:54,550,Low Tide
29-Jan-2025 20:10,1604,High Tide
30-Jan-2025 02:21,992,Low Tide
30-Jan-2025 07:09,1270,High Tide
30-Jan-2025 13:32,567,Low Tide
30-Jan-2025 20:34,1623,High Tide
31-Jan-2025 02:46,917,Low Tide
31-Jan-2025 08:00,1319,High Tide
31-Jan-2025 14:08,620,Low Tide
31-Jan-2025 20:57,1627,High Tide
01-Feb-2025 03:14,829,Low Tide
01-Feb-2025 08:49,1350,High Tide
01-Feb-2025 14:43,705,Low Tide
01-Feb-2025 21:19,1619,High Tide
02-Feb-2025 03:45,737,Low Tide
02-Feb-2025 09:40,1361,High Tide
02-Feb-2025 15:17,813,Low Tide
02-Feb-2025 21:41,1596,High Tide
03-Feb-2025 04:18,657,Low Tide
03-Feb-2025 10:33,1354,High Tide
03-Feb-2025 15:53,930,Low Tide
03-Feb-2025 22:02,1557,High Tide
04-Feb-2025 04:55,603,Low Tide
04-Feb-2025 11:34,1333,High Tide
04-Feb-2025 16:30,1043,Low Tide
04-Feb-2025 22:24,1502,High Tide
05-Feb-2025 05:36,584,Low Tide
05-Feb-2025 12:48,1310,High Tide
05-Feb-2025 17:14,1146,Low Tide
05-Feb-2025 22:46,1431,High Tide
06-Feb-2025 06:23,600,Low Tide
06-Feb-2025 14:27,1304,High Tide
06-Feb-2025 18:19,1232,Low Tide
06-Feb-2025 23:05,1351,High Tide
07-Feb-2025 07:24,638,Low Tide
07-Feb-2025 16:28,1339,High Tide
07-Feb-2025 21:30,1270,Low Tide
07-Feb-2025 22:32,1271,High Tide
08-Feb-2025 08:48,671,Low Tide
08-Feb-2025 17:45,1400,High Tide
09-Feb-2025 10:21,669,Low Tide
09-Feb-2025 18:31,1460,High Tide
10-Feb-2025 01:06,1103,Low Tide
10-Feb-2025 04:28,1168,High Tide
10-Feb-2025 11:31,645,Low Tide
10-Feb-2025 19:06,1511,High Tide
11-Feb-2025 01:27,1029,Low Tide
11-Feb-2025 05:52,1208,High Tide
11-Feb-2025 12:20,628,Low Tide
11-Feb-2025 19:36,1551,High Tide
12-Feb-2025 01:52,960,Low Tide
12-Feb-2025 06:50,1257,High Tide
12-Feb-2025 13:00,632,Low Tide
12-Feb-2025 20:02,1575,High Tide
13-Feb-2025 02:17,894,Low Tide
13-Feb-2025 07:36,1297,High Tide
13-Feb-2025 13:34,658,Low Tide
13-Feb-2025 20:26,1582,High Tide
14-Feb-2025 02:41,832,Low Tide
14-Feb-2025 08:16,1326,High Tide
14-Feb-2025 14:05,704,Low Tide
14-Feb-2025 20:46,1573,High Tide
15-Feb-2025 03:06,777,Low Tide
15-Feb-2025 08:53,1343,High Tide
15-Feb-2025 14:33,762,Low Tide
15-Feb-2025 21:03,1548,High Tide
16-Feb-2025 03:30,730,Low Tide
16-Feb-2025 09:28,1348,High Tide
16-Feb-2025 15:01,829,Low Tide
16-Feb-2025 21:19,1513,High Tide
17-Feb-2025 03:54,693,Low Tide
17-Feb-2025 10:03,1340,High Tide
17-Feb-2025 15:29,900,Low Tide
17-Feb-2025 21:32,1471,High Tide
18-Feb-2025 04:19,669,Low Tide
18-Feb-2025 10:41,1318,High Tide
18-Feb-2025 15:55,974,Low Tide
18-Feb-2025 21:44,1426,High Tide
19-Feb-2025 04:47,659,Low Tide
19-Feb-2025 11:26,1285,High Tide
19-Feb-2025 16:22,1050,Low Tide
19-Feb-2025 21:55,1381,High Tide
20-Feb-2025 05:18,666,Low Tide
20-Feb-2025 12:27,1250,High Tide
20-Feb-2025 16:48,1126,Low Tide
20-Feb-2025 22:04,1336,High Tide
21-Feb-2025 05:55,689,Low Tide
21-Feb-2025 14:09,1233,High Tide
21-Feb-2025 17:17,1202,Low Tide
21-Feb-2025 22:03,1293,High Tide
22-Feb-2025 06:49,721,Low Tide
22-Feb-2025 17:21,1280,High Tide
23-Feb-2025 08:18,746,Low Tide
23-Feb-2025 17:59,1357,High Tide
24-Feb-2025 10:02,729,Low Tide
24-Feb-2025 18:25,1429,High Tide
25-Feb-2025 01:42,1105,Low Tide
25-Feb-2025 03:35,1114,High Tide
25-Feb-2025 11:12,687,Low Tide
25-Feb-2025 18:49,1492,High Tide
26-Feb-2025 01:18,1050,Low Tide
26-Feb-2025 05:27,1182,High Tide
26-Feb-2025 12:02,654,Low Tide
26-Feb-2025 19:12,1541,High Tide
27-Feb-2025 01:28,968,Low Tide
27-Feb-2025 06:30,1271,High Tide
27-Feb-2025 12:44,650,Low Tide
27-Feb-2025 19:33,1572,High Tide
28-Feb-2025 01:47,864,Low Tide
28-Feb-2025 07:22,1359,High Tide
28-Feb-2025 13:22,682,Low Tide
28-Feb-2025 19:54,1588,High Tide
01-Mar-2025 02:11,747,Low Tide
01-Mar-2025 08:09,1430,High Tide
01-Mar-2025 13:59,746,Low Tide
01-Mar-2025 20:15,1588,High Tide
02-Mar-2025 02:38,633,Low Tide
02-Mar-2025 08:55,1475,High Tide
02-Mar-2025 14:34,830,Low Tide
02-Mar-2025 20:36,1574,High Tide
03-Mar-2025 03:08,542,Low Tide
03-Mar-2025 09:39,1488,High Tide
03-Mar-2025 15:10,919,Low Tide
03-Mar-2025 20:58,1545,High Tide
04-Mar-2025 03:40,491,Low Tide
04-Mar-2025 10:25,1468,High Tide
04-Mar-2025 15:46,1001,Low Tide
04-Mar-2025 21:22,1498,High Tide
05-Mar-2025 04:16,490,Low Tide
05-Mar-2025 11:15,1419,High Tide
05-Mar-2025 16:24,1073,Low Tide
05-Mar-2025 21:47,1435,High Tide
06-Mar-2025 04:56,535,Low Tide
06-Mar-2025 12:15,1355,High Tide
06-Mar-2025 17:08,1137,Low Tide
06-Mar-2025 22:11,1359,High Tide
07-Mar-2025 05:43,615,Low Tide
07-Mar-2025 13:42,1301,High Tide
07-Mar-2025 18:15,1193,Low Tide
07-Mar-2025 22:28,1274,High Tide
08-Mar-2025 06:47,707,Low Tide
08-Mar-2025 15:50,1299,High Tide
09-Mar-2025 08:29,774,Low Tide
09-Mar-2025 17:18,1350,High Tide
10-Mar-2025 00:31,1090,Low Tide
10-Mar-2025 03:14,1116,High Tide
10-Mar-2025 10:22,778,Low Tide
10-Mar-2025 18:03,1409,High Tide
11-Mar-2025 00:39,1005,Low Tide
11-Mar-2025 05:11,1166,High Tide
11-Mar-2025 11:29,756,Low Tide
11-Mar-2025 18:35,1459,High Tide
12-Mar-2025 01:00,924,Low Tide
12-Mar-2025 06:15,1238,High Tide
12-Mar-2025 12:15,745,Low Tide
12-Mar-2025 19:02,1491,High Tide
13-Mar-2025 01:21,847,Low Tide
13-Mar-2025 07:01,1306,High Tide
13-Mar-2025 12:51,752,Low Tide
13-Mar-2025 19:26,1503,High Tide
14-Mar-2025 01:43,776,Low Tide
14-Mar-2025 07:39,1362,High Tide
14-Mar-2025 13:24,775,Low Tide
14-Mar-2025 19:46,1496,High Tide
15-Mar-2025 02:04,712,Low Tide
15-Mar-2025 08:12,1403,High Tide
15-Mar-2025 13:53,809,Low Tide
15-Mar-2025 20:03,1475,High Tide
16-Mar-2025 02:24,657,Low Tide
16-Mar-2025 08:43,1429,High Tide
16-Mar-2025 14:22,850,Low Tide
16-Mar-2025 20:18,1444,High Tide
17-Mar-2025 02:46,614,Low Tide
17-Mar-2025 09:13,1436,High Tide
17-Mar-2025 14:49,894,Low Tide
17-Mar-2025 20:32,1410,High Tide
18-Mar-2025 03:08,586,Low Tide
18-Mar-2025 09:43,1426,High Tide
18-Mar-2025 15:16,942,Low Tide
18-Mar-2025 20:45,1375,High Tide
19-Mar-2025 03:31,575,Low Tide
19-Mar-2025 10:15,1399,High Tide
19-Mar-2025 15:43,992,Low Tide
19-Mar-2025 20:59,1342,High Tide
20-Mar-2025 03:56,585,Low Tide
20-Mar-2025 10:52,1357,High Tide
20-Mar-2025 16:10,1045,Low Tide
20-Mar-2025 21:13,1308,High Tide
21-Mar-2025 04:24,615,Low Tide
21-Mar-2025 11:40,1306,High Tide
21-Mar-2025 16:41,1103,Low Tide
21-Mar-2025 21:26,1274,High Tide
22-Mar-2025 04:59,663,Low Tide
22-Mar-2025 12:55,1262,High Tide
22-Mar-2025 17:23,1165,Low Tide
22-Mar-2025 21:30,1238,High Tide
23-Mar-2025 05:48,726,Low Tide
23-Mar-2025 15:00,1260,High Tide
24-Mar-2025 07:16,790,Low Tide
24-Mar-2025 16:43,1313,High Tide
25-Mar-2025 09:26,809,Low Tide
25-Mar-2025 17:25,1373,High Tide
26-Mar-2025 00:23,1036,Low Tide
26-Mar-2025 04:21,1119,High Tide
26-Mar-2025 10:49,789,Low Tide
26-Mar-2025 17:52,1424,High Tide
27-Mar-2025 00:22,939,Low Tide
27-Mar-2025 05:42,1230,High Tide
27-Mar-2025 11:44,779,Low Tide
27-Mar-2025 18:16,1459,High Tide
28-Mar-2025 00:39,816,Low Tide
28-Mar-2025 06:37,1350,High Tide
28-Mar-2025 12:29,794,Low Tide
28-Mar-2025 18:39,1478,High Tide
29-Mar-2025 01:02,678,Low Tide
29-Mar-2025 07:24,1458,High Tide
29-Mar-2025 13:10,833,Low Tide
29-Mar-2025 19:02,1485,High Tide
30-Mar-2025 01:29,547,Low Tide
30-Mar-2025 08:08,1538,High Tide
30-Mar-2025 13:49,886,Low Tide
30-Mar-2025 19:26,1480,High Tide
31-Mar-2025 01:58,446,Low Tide
31-Mar-2025 08:49,1577,High Tide
31-Mar-2025 14:27,939,Low Tide
31-Mar-2025 19:52,1463,High Tide
01-Apr-2025 02:31,392,Low Tide
01-Apr-2025 09:29,1572,High Tide
01-Apr-2025 15:05,985,Low Tide
01-Apr-2025 20:20,1432,High Tide
02-Apr-2025 03:05,396,Low Tide
02-Apr-2025 10:10,1527,High Tide
02-Apr-2025 15:43,1022,Low Tide
02-Apr-2025 20:51,1386,High Tide
03-Apr-2025 03:43,452,Low Tide
03-Apr-2025 10:55,1453,High Tide
03-Apr-2025 16:25,1054,Low Tide
03-Apr-2025 21:24,1324,High Tide
04-Apr-2025 04:25,546,Low Tide
04-Apr-2025 11:49,1371,High Tide
04-Apr-2025 17:18,1087,Low Tide
04-Apr-2025 21:57,1249,High Tide
05-Apr-2025 05:13,660,Low Tide
05-Apr-2025 13:05,1305,High Tide
05-Apr-2025 18:48,1112,Low Tide
05-Apr-2025 22:33,1163,High Tide
06-Apr-2025 06:19,774,Low Tide
06-Apr-2025 14:47,1285,High Tide
06-Apr-2025 22:39,1072,Low Tide
07-Apr-2025 01:12,1081,High Tide
07-Apr-2025 08:04,859,Low Tide
07-Apr-2025 16:12,1312,High Tide
07-Apr-2025 23:23,980,Low Tide
08-Apr-2025 04:06,1110,High Tide
08-Apr-2025 10:02,883,Low Tide
08-Apr-2025 17:05,1350,High Tide
08-Apr-2025 23:50,892,Low Tide
09-Apr-2025 05:27,1195,High Tide
09-Apr-2025 11:12,877,Low Tide
09-Apr-2025 17:41,1376,High Tide
10-Apr-2025 00:14,809,Low Tide
10-Apr-2025 06:18,1282,High Tide
10-Apr-2025 12:00,874,Low Tide
10-Apr-2025 18:10,1385,High Tide
11-Apr-2025 00:37,732,Low Tide
11-Apr-2025 06:57,1360,High Tide
11-Apr-2025 12:38,879,Low Tide
11-Apr-2025 18:35,1377,High Tide
12-Apr-2025 00:58,663,Low Tide
12-Apr-2025 07:30,1421,High Tide
12-Apr-2025 13:12,890,Low Tide
12-Apr-2025 18:55,1357,High Tide
13-Apr-2025 01:19,604,Low Tide
13-Apr-2025 08:00,1464,High Tide
13-Apr-2025 13:44,906,Low Tide
13-Apr-2025 19:13,1331,High Tide
14-Apr-2025 01:41,557,Low Tide
14-Apr-2025 08:29,1488,High Tide
14-Apr-2025 14:14,925,Low Tide
14-Apr-2025 19:30,1305,High Tide
15-Apr-2025 02:03,525,Low Tide
15-Apr-2025 08:57,1491,High Tide
15-Apr-2025 14:42,946,Low Tide
15-Apr-2025 19:46,1281,High Tide
16-Apr-2025 02:26,512,Low Tide
16-Apr-2025 09:25,1476,High Tide
16-Apr-2025 15:10,972,Low Tide
16-Apr-2025 20:03,1260,High Tide
17-Apr-2025 02:50,519,Low Tide
17-Apr-2025 09:55,1444,High Tide
17-Apr-2025 15:39,1001,Low Tide
17-Apr-2025 20:23,1241,High Tide
18-Apr-2025 03:17,547,Low Tide
18-Apr-2025 10:30,1400,High Tide
18-Apr-2025 16:11,1036,Low Tide
18-Apr-2025 20:44,1221,High Tide
19-Apr-2025 03:48,595,Low Tide
19-Apr-2025 11:14,1352,High Tide
19-Apr-2025 16:51,1074,Low Tide
19-Apr-2025 21:06,1196,High Tide
20-Apr-2025 04:24,661,Low Tide
20-Apr-2025 12:15,1309,High Tide
20-Apr-2025 17:56,1107,Low Tide
20-Apr-2025 21:28,1159,High Tide
21-Apr-2025 05:13,743,Low Tide
21-Apr-2025 13:36,1290,High Tide
21-Apr-2025 20:24,1103,Low Tide
21-Apr-2025 21:41,1105,High Tide
22-Apr-2025 06:33,832,Low Tide
22-Apr-2025 14:55,1301,High Tide
22-Apr-2025 22:29,1025,Low Tide
23-Apr-2025 02:27,1064,High Tide
23-Apr-2025 08:38,896,Low Tide
23-Apr-2025 15:51,1326,High Tide
23-Apr-2025 22:49,918,Low Tide
24-Apr-2025 04:36,1167,High Tide
24-Apr-2025 10:15,919,Low Tide
24-Apr-2025 16:30,1347,High Tide
24-Apr-2025 23:15,786,Low Tide
25-Apr-2025 05:43,1302,High Tide
25-Apr-2025 11:21,933,Low Tide
25-Apr-2025 17:02,1359,High Tide
25-Apr-2025 23:43,642,Low Tide
26-Apr-2025 06:33,1433,High Tide
26-Apr-2025 12:14,953,Low Tide
26-Apr-2025 17:33,1362,High Tide
27-Apr-2025 00:14,506,Low Tide
27-Apr-2025 07:17,1538,High Tide
27-Apr-2025 13:00,974,Low Tide
27-Apr-2025 18:04,1360,High Tide
28-Apr-2025 00:47,401,Low Tide
28-Apr-2025 07:58,1602,High Tide
28-Apr-2025 13:43,991,Low Tide
28-Apr-2025 18:38,1353,High Tide
29-Apr-2025 01:22,343,Low Tide
29-Apr-2025 08:37,1617,High Tide
29-Apr-2025 14:23,1000,Low Tide
29-Apr-2025 19:14,1338,High Tide
30-Apr-2025 01:59,342,Low Tide
30-Apr-2025 09:15,1589,High Tide
30-Apr-2025 15:03,1002,Low Tide
30-Apr-2025 19:53,1314,High Tide
01-May-2025 02:38,391,Low Tide
01-May-2025 09:55,1530,High Tide
01-May-2025 15:45,1003,Low Tide
01-May-2025 20:35,1275,High Tide
02-May-2025 03:20,479,Low Tide
02-May-2025 10:39,1458,High Tide
02-May-2025 16:34,1005,Low Tide
02-May-2025 21:20,1221,High Tide
03-May-2025 04:04,590,Low Tide
03-May-2025 11:29,1391,High Tide
03-May-2025 17:37,1007,Low Tide
03-May-2025 22:13,1154,High Tide
04-May-2025 04:53,709,Low Tide
04-May-2025 12:30,1339,High Tide
04-May-2025 19:03,995,Low Tide
04-May-2025 23:38,1086,High Tide
05-May-2025 05:52,826,Low Tide
05-May-2025 13:39,1311,High Tide
05-May-2025 20:46,948,Low Tide
06-May-2025 02:07,1067,High Tide
06-May-2025 07:18,927,Low Tide
06-May-2025 14:45,1300,High Tide
06-May-2025 22:00,873,Low Tide
07-May-2025 04:09,1131,High Tide
07-May-2025 09:11,985,Low Tide
07-May-2025 15:41,1295,High Tide
07-May-2025 22:44,794,Low Tide
08-May-2025 05:19,1224,High Tide
08-May-2025 10:39,999,Low Tide
08-May-2025 16:24,1284,High Tide
08-May-2025 23:16,718,Low Tide
09-May-2025 06:06,1314,High Tide
09-May-2025 11:39,996,Low Tide
09-May-2025 17:00,1266,High Tide
09-May-2025 23:44,649,Low Tide
10-May-2025 06:43,1391,High Tide
10-May-2025 12:25,989,Low Tide
10-May-2025 17:29,1243,High Tide
11-May-2025 00:10,588,Low Tide
11-May-2025 07:15,1448,High Tide
11-May-2025 13:04,982,Low Tide
11-May-2025 17:55,1219,High Tide
12-May-2025 00:35,539,Low Tide
12-May-2025 07:44,1486,High Tide
12-May-2025 13:39,978,Low Tide
12-May-2025 18:18,1199,High Tide
13-May-2025 01:00,503,Low Tide
13-May-2025 08:13,1504,High Tide
13-May-2025 14:11,977,Low Tide
13-May-2025 18:41,1185,High Tide
14-May-2025 01:26,485,Low Tide
14-May-2025 08:41,1505,High Tide
14-May-2025 14:41,980,Low Tide
14-May-2025 19:06,1177,High Tide
15-May-2025 01:54,485,Low Tide
15-May-2025 09:11,1489,High Tide
15-May-2025 15:11,988,Low Tide
15-May-2025 19:33,1173,High Tide
16-May-2025 02:23,506,Low Tide
16-May-2025 09:42,1463,High Tide
16-May-2025 15:43,999,Low Tide
16-May-2025 20:03,1169,High Tide
17-May-2025 02:54,546,Low Tide
17-May-2025 10:18,1430,High Tide
17-May-2025 16:20,1012,Low Tide
17-May-2025 20:37,1158,High Tide
18-May-2025 03:29,604,Low Tide
18-May-2025 10:59,1397,High Tide
18-May-2025 17:08,1018,Low Tide
18-May-2025 21:17,1136,High Tide
19-May-2025 04:09,681,Low Tide
19-May-2025 11:45,1368,High Tide
19-May-2025 18:10,1005,Low Tide
19-May-2025 22:16,1099,High Tide
20-May-2025 04:57,777,Low Tide
20-May-2025 12:37,1346,High Tide
20-May-2025 19:23,959,Low Tide
21-May-2025 00:13,1066,High Tide
21-May-2025 06:04,886,Low Tide
21-May-2025 13:28,1329,High Tide
21-May-2025 20:30,874,Low Tide
22-May-2025 02:51,1113,High Tide
22-May-2025 07:45,988,Low Tide
22-May-2025 14:15,1314,High Tide
22-May-2025 21:23,759,Low Tide
23-May-2025 04:30,1231,High Tide
23-May-2025 09:35,1051,Low Tide
23-May-2025 14:59,1297,High Tide
23-May-2025 22:08,631,Low Tide
24-May-2025 05:34,1363,High Tide
24-May-2025 11:00,1074,Low Tide
24-May-2025 15:42,1279,High Tide
24-May-2025 22:50,509,Low Tide
25-May-2025 06:23,1477,High Tide
25-May-2025 12:04,1073,Low Tide
25-May-2025 16:26,1264,High Tide
25-May-2025 23:32,412,Low Tide
26-May-2025 07:06,1556,High Tide
26-May-2025 12:56,1060,Low Tide
26-May-2025 17:12,1254,High Tide
27-May-2025 00:13,355,Low Tide
27-May-2025 07:46,1591,High Tide
27-May-2025 13:41,1038,Low Tide
27-May-2025 18:01,1247,High Tide
28-May-2025 00:56,342,Low Tide
28-May-2025 08:25,1587,High Tide
28-May-2025 14:23,1011,Low Tide
28-May-2025 18:52,1241,High Tide
29-May-2025 01:39,373,Low Tide
29-May-2025 09:04,1556,High Tide
29-May-2025 15:04,983,Low Tide
29-May-2025 19:44,1227,High Tide
30-May-2025 02:22,438,Low Tide
30-May-2025 09:44,1513,High Tide
30-May-2025 15:50,956,Low Tide
30-May-2025 20:37,1201,High Tide
31-May-2025 03:06,527,Low Tide
31-May-2025 10:24,1468,High Tide
31-May-2025 16:40,931,Low Tide
31-May-2025 21:32,1161,High Tide
01-Jun-2025 03:49,632,Low Tide
01-Jun-2025 11:06,1427,High Tide
01-Jun-2025 17:37,904,Low Tide
01-Jun-2025 22:36,1115,High Tide
02-Jun-2025 04:32,746,Low Tide
02-Jun-2025 11:48,1388,High Tide
02-Jun-2025 18:37,870,Low Tide
03-Jun-2025 00:01,1078,High Tide
03-Jun-2025 05:20,861,Low Tide
03-Jun-2025 12:32,1349,High Tide
03-Jun-2025 19:38,827,Low Tide
04-Jun-2025 01:53,1084,High Tide
04-Jun-2025 06:22,970,Low Tide
04-Jun-2025 13:15,1306,High Tide
04-Jun-2025 20:35,775,Low Tide
05-Jun-2025 03:40,1144,High Tide
05-Jun-2025 07:54,1056,Low Tide
05-Jun-2025 13:58,1260,High Tide
05-Jun-2025 21:25,719,Low Tide
06-Jun-2025 04:55,1228,High Tide
06-Jun-2025 09:47,1094,Low Tide
06-Jun-2025 14:40,1214,High Tide
06-Jun-2025 22:09,661,Low Tide
07-Jun-2025 05:46,1309,High Tide
07-Jun-2025 11:18,1088,Low Tide
07-Jun-2025 15:22,1173,High Tide
07-Jun-2025 22:48,605,Low Tide
08-Jun-2025 06:25,1377,High Tide
08-Jun-2025 12:20,1065,Low Tide
08-Jun-2025 16:04,1141,High Tide
08-Jun-2025 23:23,556,Low Tide
09-Jun-2025 06:59,1429,High Tide
09-Jun-2025 13:06,1039,Low Tide
09-Jun-2025 16:44,1120,High Tide
09-Jun-2025 23:57,517,Low Tide
10-Jun-2025 07:30,1464,High Tide
10-Jun-2025 13:42,1017,Low Tide
10-Jun-2025 17:24,1110,High Tide
11-Jun-2025 00:29,490,Low Tide
11-Jun-2025 08:00,1484,High Tide
11-Jun-2025 14:14,1001,Low Tide
11-Jun-2025 18:03,1111,High Tide
12-Jun-2025 01:02,479,Low Tide
12-Jun-2025 08:31,1491,High Tide
12-Jun-2025 14:43,989,Low Tide
12-Jun-2025 18:43,1120,High Tide
13-Jun-2025 01:35,485,Low Tide
13-Jun-2025 09:01,1487,High Tide
13-Jun-2025 15:13,979,Low Tide
13-Jun-2025 19:24,1132,High Tide
14-Jun-2025 02:09,511,Low Tide
14-Jun-2025 09:32,1476,High Tide
14-Jun-2025 15:45,967,Low Tide
14-Jun-2025 20:07,1140,High Tide
15-Jun-2025 02:44,556,Low Tide
15-Jun-2025 10:04,1461,High Tide
15-Jun-2025 16:21,946,Low Tide
15-Jun-2025 20:55,1138,High Tide
16-Jun-2025 03:21,624,Low Tide
16-Jun-2025 10:36,1443,High Tide
16-Jun-2025 17:02,910,Low Tide
16-Jun-2025 21:51,1124,High Tide
17-Jun-2025 03:59,714,Low Tide
17-Jun-2025 11:09,1421,High Tide
17-Jun-2025 17:47,856,Low Tide
17-Jun-2025 23:04,1106,High Tide
18-Jun-2025 04:42,824,Low Tide
18-Jun-2025 11:41,1393,High Tide
18-Jun-2025 18:36,783,Low Tide
19-Jun-2025 00:45,1111,High Tide
19-Jun-2025 05:36,947,Low Tide
19-Jun-2025 12:14,1357,High Tide
19-Jun-2025 19:26,697,Low Tide
20-Jun-2025 02:39,1169,High Tide
20-Jun-2025 06:56,1066,Low Tide
20-Jun-2025 12:49,1313,High Tide
20-Jun-2025 20:18,608,Low Tide
21-Jun-2025 04:13,1269,High Tide
21-Jun-2025 08:52,1144,Low Tide
21-Jun-2025 13:30,1265,High Tide
21-Jun-2025 21:12,525,Low Tide
22-Jun-2025 05:21,1371,High Tide
22-Jun-2025 10:47,1155,Low Tide
22-Jun-2025 14:23,1220,High Tide
22-Jun-2025 22:08,458,Low Tide
23-Jun-2025 06:13,1452,High Tide
23-Jun-2025 12:09,1122,Low Tide
23-Jun-2025 15:29,1187,High Tide
23-Jun-2025 23:03,412,Low Tide
24-Jun-2025 06:58,1502,High Tide
24-Jun-2025 13:03,1076,Low Tide
24-Jun-2025 16:39,1172,High Tide
24-Jun-2025 23:55,390,Low Tide
25-Jun-2025 07:39,1524,High Tide
25-Jun-2025 13:45,1026,Low Tide
25-Jun-2025 17:48,1173,High Tide
26-Jun-2025 00:44,396,Low Tide
26-Jun-2025 08:18,1526,High Tide
26-Jun-2025 14:24,975,Low Tide
26-Jun-2025 18:52,1181,High Tide
27-Jun-2025 01:30,430,Low Tide
27-Jun-2025 08:54,1517,High Tide
27-Jun-2025 15:04,924,Low Tide
27-Jun-2025 19:51,1182,High Tide
28-Jun-2025 02:13,489,Low Tide
28-Jun-2025 09:29,1501,High Tide
28-Jun-2025 15:45,875,Low Tide
28-Jun-2025 20:47,1172,High Tide
29-Jun-2025 02:53,570,Low Tide
29-Jun-2025 10:01,1481,High Tide
29-Jun-2025 16:27,829,Low Tide
29-Jun-2025 21:41,1150,High Tide
30-Jun-2025 03:31,666,Low Tide
30-Jun-2025 10:32,1452,High Tide
30-Jun-2025 17:09,786,Low Tide
30-Jun-2025 22:38,1125,High Tide
01-Jul-2025 04:07,770,Low Tide
01-Jul-2025 11:00,1412,High Tide
01-Jul-2025 17:51,749,Low Tide
01-Jul-2025 23:44,1105,High Tide
02-Jul-2025 04:45,876,Low Tide
02-Jul-2025 11:25,1361,High Tide
02-Jul-2025 18:34,715,Low Tide
03-Jul-2025 01:07,1104,High Tide
03-Jul-2025 05:29,979,Low Tide
03-Jul-2025 11:47,1302,High Tide
03-Jul-2025 19:18,686,Low Tide
04-Jul-2025 02:44,1135,High Tide
04-Jul-2025 06:30,1071,Low Tide
04-Jul-2025 12:05,1242,High Tide
04-Jul-2025 20:05,657,Low Tide
05-Jul-2025 04:18,1193,High Tide
05-Jul-2025 08:21,1134,Low Tide
05-Jul-2025 12:20,1184,High Tide
05-Jul-2025 20:57,627,Low Tide
06-Jul-2025 05:26,1261,High Tide
06-Jul-2025 11:41,1132,Low Tide
06-Jul-2025 12:08,1132,High Tide
06-Jul-2025 21:52,594,Low Tide
07-Jul-2025 06:11,1323,High Tide
07-Jul-2025 22:43,558,Low Tide
08-Jul-2025 06:47,1375,High Tide
08-Jul-2025 13:36,1047,Low Tide
08-Jul-2025 15:28,1056,High Tide
08-Jul-2025 23:29,524,Low Tide
09-Jul-2025 07:19,1416,High Tide
09-Jul-2025 13:52,1015,Low Tide
09-Jul-2025 16:48,1056,High Tide
10-Jul-2025 00:11,497,Low Tide
10-Jul-2025 07:49,1448,High Tide
10-Jul-2025 14:12,986,Low Tide
10-Jul-2025 17:51,1076,High Tide
11-Jul-2025 00:49,484,Low Tide
11-Jul-2025 08:18,1469,High Tide
11-Jul-2025 14:35,957,Low Tide
11-Jul-2025 18:45,1106,High Tide
12-Jul-2025 01:26,490,Low Tide
12-Jul-2025 08:46,1481,High Tide
12-Jul-2025 15:00,921,Low Tide
12-Jul-2025 19:35,1136,High Tide
13-Jul-2025 02:02,519,Low Tide
13-Jul-2025 09:12,1483,High Tide
13-Jul-2025 15:27,874,Low Tide
13-Jul-2025 20:24,1158,High Tide
14-Jul-2025 02:37,576,Low Tide
14-Jul-2025 09:37,1477,High Tide
14-Jul-2025 15:58,814,Low Tide
14-Jul-2025 21:15,1168,High Tide
15-Jul-2025 03:11,658,Low Tide
15-Jul-2025 10:01,1462,High Tide
15-Jul-2025 16:32,743,Low Tide
15-Jul-2025 22:11,1168,High Tide
16-Jul-2025 03:47,761,Low Tide
16-Jul-2025 10:24,1436,High Tide
16-Jul-2025 17:08,668,Low Tide
16-Jul-2025 23:16,1163,High Tide
17-Jul-2025 04:25,877,Low Tide
17-Jul-2025 10:47,1398,High Tide
17-Jul-2025 17:49,601,Low Tide
18-Jul-2025 00:36,1168,High Tide
18-Jul-2025 05:11,995,Low Tide
18-Jul-2025 11:10,1348,High Tide
18-Jul-2025 18:34,549,Low Tide
19-Jul-2025 02:12,1197,High Tide
19-Jul-2025 06:16,1101,Low Tide
19-Jul-2025 11:34,1288,High Tide
19-Jul-2025 19:26,518,Low Tide
20-Jul-2025 03:53,1252,High Tide
20-Jul-2025 08:13,1170,Low Tide
20-Jul-2025 12:01,1222,High Tide
20-Jul-2025 20:30,502,Low Tide
21-Jul-2025 05:14,1319,High Tide
21-Jul-2025 11:27,1153,Low Tide
21-Jul-2025 12:50,1155,High Tide
21-Jul-2025 21:43,488,Low Tide
22-Jul-2025 06:10,1377,High Tide
22-Jul-2025 12:40,1087,Low Tide
22-Jul-2025 15:05,1108,High Tide
22-Jul-2025 22:54,469,Low Tide
23-Jul-2025 06:54,1421,High Tide
23-Jul-2025 13:12,1020,Low Tide
23-Jul-2025 16:47,1106,High Tide
23-Jul-2025 23:54,454,Low Tide
24-Jul-2025 07:31,1452,High Tide
24-Jul-2025 13:44,952,Low Tide
24-Jul-2025 18:05,1131,High Tide
25-Jul-2025 00:43,458,Low Tide
25-Jul-2025 08:05,1472,High Tide
25-Jul-2025 14:16,884,Low Tide
25-Jul-2025 19:08,1160,High Tide
26-Jul-2025 01:25,488,Low Tide
26-Jul-2025 08:35,1481,High Tide
26-Jul-2025 14:49,817,Low Tide
26-Jul-2025 20:02,1179,High Tide
27-Jul-2025 02:03,542,Low Tide
27-Jul-2025 09:02,1477,High Tide
27-Jul-2025 15:21,755,Low Tide
27-Jul-2025 20:50,1185,High Tide
28-Jul-2025 02:37,614,Low Tide
28-Jul-2025 09:26,1458,High Tide
28-Jul-2025 15:53,702,Low Tide
28-Jul-2025 21:35,1180,High Tide
29-Jul-2025 03:10,698,Low Tide
29-Jul-2025 09:47,1424,High Tide
29-Jul-2025 16:25,659,Low Tide
29-Jul-2025 22:21,1167,High Tide
30-Jul-2025 03:42,786,Low Tide
30-Jul-2025 10:06,1378,High Tide
30-Jul-2025 16:56,630,Low Tide
30-Jul-2025 23:10,1149,High Tide
31-Jul-2025 04:13,875,Low Tide
31-Jul-2025 10:20,1324,High Tide
31-Jul-2025 17:29,612,Low Tide
01-Aug-2025 00:09,1129,High Tide
01-Aug-2025 04:46,960,Low Tide
01-Aug-2025 10:32,1267,High Tide
01-Aug-2025 18:05,605,Low Tide
02-Aug-2025 01:28,1120,High Tide
02-Aug-2025 05:24,1040,Low Tide
02-Aug-2025 10:39,1213,High Tide
02-Aug-2025 18:48,607,Low Tide
03-Aug-2025 03:17,1137,High Tide
03-Aug-2025 06:31,1111,Low Tide
03-Aug-2025 10:35,1164,High Tide
03-Aug-2025 19:43,612,Low Tide
04-Aug-2025 05:08,1191,High Tide
04-Aug-2025 20:56,609,Low Tide
05-Aug-2025 05:59,1253,High Tide
05-Aug-2025 22:12,586,Low Tide
06-Aug-2025 06:32,1311,High Tide
06-Aug-2025 23:11,550,Low Tide
07-Aug-2025 07:01,1363,High Tide
07-Aug-2025 13:37,968,Low Tide
07-Aug-2025 16:55,1025,High Tide
07-Aug-2025 23:59,518,Low Tide
08-Aug-2025 07:27,1405,High Tide
08-Aug-2025 13:47,923,Low Tide
08-Aug-2025 18:04,1077,High Tide
09-Aug-2025 00:39,503,Low Tide
09-Aug-2025 07:51,1436,High Tide
09-Aug-2025 14:05,865,Low Tide
09-Aug-2025 18:58,1135,High Tide
10-Aug-2025 01:16,515,Low Tide
10-Aug-2025 08:14,1453,High Tide
10-Aug-2025 14:26,792,Low Tide
10-Aug-2025 19:47,1187,High Tide
11-Aug-2025 01:51,558,Low Tide
11-Aug-2025 08:35,1458,High Tide
11-Aug-2025 14:52,707,Low Tide
11-Aug-2025 20:34,1227,High Tide
12-Aug-2025 02:25,629,Low Tide
12-Aug-2025 08:55,1449,High Tide
12-Aug-2025 15:20,618,Low Tide
12-Aug-2025 21:21,1248,High Tide
13-Aug-2025 02:59,721,Low Tide
13-Aug-2025 09:15,1428,High Tide
13-Aug-2025 15:50,538,Low Tide
13-Aug-2025 22:11,1251,High Tide
14-Aug-2025 03:33,821,Low Tide
14-Aug-2025 09:35,1394,High Tide
14-Aug-2025 16:24,482,Low Tide
14-Aug-2025 23:05,1236,High Tide
15-Aug-2025 04:10,920,Low Tide
15-Aug-2025 09:56,1347,High Tide
15-Aug-2025 17:03,459,Low Tide
16-Aug-2025 00:11,1209,High Tide
16-Aug-2025 04:52,1009,Low Tide
16-Aug-2025 10:17,1288,High Tide
16-Aug-2025 17:47,471,Low Tide
17-Aug-2025 01:38,1188,High Tide
17-Aug-2025 05:50,1086,Low Tide
17-Aug-2025 10:37,1220,High Tide
17-Aug-2025 18:44,510,Low Tide
18-Aug-2025 03:31,1198,High Tide
18-Aug-2025 08:03,1133,Low Tide
18-Aug-2025 10:37,1147,High Tide
18-Aug-2025 20:03,553,Low Tide
19-Aug-2025 05:08,1246,High Tide
19-Aug-2025 21:41,565,Low Tide
20-Aug-2025 06:00,1301,High Tide
20-Aug-2025 12:39,985,Low Tide
20-Aug-2025 15:52,1038,High Tide
20-Aug-2025 23:01,546,Low Tide
21-Aug-2025 06:38,1351,High Tide
21-Aug-2025 12:59,905,Low Tide
21-Aug-2025 17:26,1083,High Tide
21-Aug-2025 23:57,530,Low Tide
22-Aug-2025 07:09,1390,High Tide
22-Aug-2025 13:24,825,Low Tide
22-Aug-2025 18:30,1139,High Tide
23-Aug-2025 00:40,536,Low Tide
23-Aug-2025 07:37,1413,High Tide
23-Aug-2025 13:51,746,Low Tide
23-Aug-2025 19:21,1188,High Tide
24-Aug-2025 01:17,567,Low Tide
24-Aug-2025 08:01,1419,High Tide
24-Aug-2025 14:17,675,Low Tide
24-Aug-2025 20:04,1222,High Tide
25-Aug-2025 01:50,615,Low Tide
25-Aug-2025 08:22,1406,High Tide
25-Aug-2025 14:42,614,Low Tide
25-Aug-2025 20:43,1242,High Tide
26-Aug-2025 02:21,675,Low Tide
26-Aug-2025 08:41,1378,High Tide
26-Aug-2025 15:07,567,Low Tide
26-Aug-2025 21:19,1246,High Tide
27-Aug-2025 02:51,739,Low Tide
27-Aug-2025 08:57,1337,High Tide
27-Aug-2025 15:32,535,Low Tide
27-Aug-2025 21:55,1234,High Tide
28-Aug-2025 03:20,804,Low Tide
28-Aug-2025 09:10,1292,High Tide
28-Aug-2025 15:58,520,Low Tide
28-Aug-2025 22:32,1209,High Tide
29-Aug-2025 03:48,868,Low Tide
29-Aug-2025 09:22,1245,High Tide
29-Aug-2025 16:25,521,Low Tide
29-Aug-2025 23:15,1172,High Tide
30-Aug-2025 04:17,932,Low Tide
30-Aug-2025 09:33,1199,High Tide
30-Aug-2025 16:56,539,Low Tide
31-Aug-2025 00:13,1130,High Tide
31-Aug-2025 04:48,995,Low Tide
31-Aug-2025 09:41,1157,High Tide
31-Aug-2025 17:33,572,Low Tide
01-Sep-2025 01:46,1103,High Tide
01-Sep-2025 05:29,1058,Low Tide
01-Sep-2025 09:39,1118,High Tide
01-Sep-2025 18:26,614,Low Tide
02-Sep-2025 04:18,1128,High Tide
02-Sep-2025 19:55,649,Low Tide
03-Sep-2025 05:27,1190,High Tide
03-Sep-2025 21:44,643,Low Tide
04-Sep-2025 05:58,1251,High Tide
04-Sep-2025 13:07,941,Low Tide
04-Sep-2025 15:47,964,High Tide
04-Sep-2025 22:55,609,Low Tide
05-Sep-2025 06:22,1305,High Tide
05-Sep-2025 12:51,886,Low Tide
05-Sep-2025 17:20,1038,High Tide
05-Sep-2025 23:44,581,Low Tide
06-Sep-2025 06:45,1348,High Tide
06-Sep-2025 13:02,809,Low Tide
06-Sep-2025 18:17,1128,High Tide
07-Sep-2025 00:25,576,Low Tide
07-Sep-2025 07:06,1376,High Tide
07-Sep-2025 13:20,713,Low Tide
07-Sep-2025 19:05,1216,High Tide
08-Sep-2025 01:02,602,Low Tide
08-Sep-2025 07:25,1389,High Tide
08-Sep-2025 13:42,604,Low Tide
08-Sep-2025 19:49,1290,High Tide
09-Sep-2025 01:38,655,Low Tide
09-Sep-2025 07:45,1388,High Tide
09-Sep-2025 14:08,497,Low Tide
09-Sep-2025 20:32,1341,High Tide
10-Sep-2025 02:13,726,Low Tide
10-Sep-2025 08:06,1375,High Tide
10-Sep-2025 14:36,410,Low Tide
10-Sep-2025 21:15,1362,High Tide
11-Sep-2025 02:48,803,Low Tide
11-Sep-2025 08:27,1350,High Tide
11-Sep-2025 15:08,359,Low Tide
11-Sep-2025 21:58,1348,High Tide
12-Sep-2025 03:24,875,Low Tide
12-Sep-2025 08:50,1312,High Tide
12-Sep-2025 15:42,355,Low Tide
12-Sep-2025 22:45,1303,High Tide
13-Sep-2025 04:02,938,Low Tide
13-Sep-2025 09:15,1261,High Tide
13-Sep-2025 16:21,397,Low Tide
13-Sep-2025 23:41,1238,High Tide
14-Sep-2025 04:46,993,Low Tide
14-Sep-2025 09:41,1197,High Tide
14-Sep-2025 17:08,475,Low Tide
15-Sep-2025 01:01,1177,High Tide
15-Sep-2025 05:52,1040,Low Tide
15-Sep-2025 10:03,1123,High Tide
15-Sep-2025 18:10,570,Low Tide
16-Sep-2025 02:56,1158,High Tide
16-Sep-2025 19:47,649,Low Tide
17-Sep-2025 04:33,1195,High Tide
17-Sep-2025 11:46,948,Low Tide
17-Sep-2025 14:51,982,High Tide
17-Sep-2025 21:47,668,Low Tide
18-Sep-2025 05:24,1248,High Tide
18-Sep-2025 12:01,857,Low Tide
18-Sep-2025 16:47,1043,High Tide
18-Sep-2025 23:03,653,Low Tide
19-Sep-2025 06:00,1293,High Tide
19-Sep-2025 12:25,767,Low Tide
19-Sep-2025 17:53,1126,High Tide
19-Sep-2025 23:53,646,Low Tide
20-Sep-2025 06:29,1323,High Tide
20-Sep-2025 12:49,682,Low Tide
20-Sep-2025 18:42,1202,High Tide
21-Sep-2025 00:32,657,Low Tide
21-Sep-2025 06:54,1332,High Tide
21-Sep-2025 13:12,606,Low Tide
21-Sep-2025 19:22,1264,High Tide
22-Sep-2025 01:06,682,Low Tide
22-Sep-2025 07:16,1321,High Tide
22-Sep-2025 13:35,541,Low Tide
22-Sep-2025 19:57,1307,High Tide
23-Sep-2025 01:38,716,Low Tide
23-Sep-2025 07:35,1296,High Tide
23-Sep-2025 13:57,491,Low Tide
23-Sep-2025 20:28,1330,High Tide
24-Sep-2025 02:08,754,Low Tide
24-Sep-2025 07:52,1263,High Tide
24-Sep-2025 14:19,457,Low Tide
24-Sep-2025 20:58,1333,High Tide
25-Sep-2025 02:37,792,Low Tide
25-Sep-2025 08:06,1226,High Tide
25-Sep-2025 14:41,440,Low Tide
25-Sep-2025 21:28,1317,High Tide
26-Sep-2025 03:05,832,Low Tide
26-Sep-2025 08:19,1191,High Tide
26-Sep-2025 15:05,443,Low Tide
26-Sep-2025 21:59,1283,High Tide
27-Sep-2025 03:33,874,Low Tide
27-Sep-2025 08:34,1159,High Tide
27-Sep-2025 15:30,464,Low Tide
27-Sep-2025 22:34,1236,High Tide
28-Sep-2025 04:02,918,Low Tide
28-Sep-2025 08:48,1128,High Tide
28-Sep-2025 15:58,506,Low Tide
28-Sep-2025 23:18,1182,High Tide
29-Sep-2025 04:35,966,Low Tide
29-Sep-2025 09:02,1097,High Tide
29-Sep-2025 16:31,564,Low Tide
30-Sep-2025 00:27,1134,High Tide
30-Sep-2025 05:28,1016,Low Tide
30-Sep-2025 09:06,1063,High Tide
30-Sep-2025 17:17,636,Low Tide
01-Oct-2025 02:19,1121,High Tide
01-Oct-2025 18:44,709,Low Tide
02-Oct-2025 03:59,1158,High Tide
02-Oct-2025 21:03,738,Low Tide
03-Oct-2025 04:47,1208,High Tide
03-Oct-2025 11:46,874,Low Tide
03-Oct-2025 16:25,994,High Tide
03-Oct-2025 22:29,724,Low Tide
04-Oct-2025 05:17,1252,High Tide
04-Oct-2025 11:50,782,Low Tide
04-Oct-2025 17:31,1109,High Tide
04-Oct-2025 23:24,714,Low Tide
05-Oct-2025 05:42,1283,High Tide
05-Oct-2025 12:07,668,Low Tide
05-Oct-2025 18:19,1230,High Tide
06-Oct-2025 00:08,723,Low Tide
06-Oct-2025 06:05,1301,High Tide
06-Oct-2025 12:30,541,Low Tide
06-Oct-2025 19:03,1340,High Tide
07-Oct-2025 00:49,753,Low Tide
07-Oct-2025 06:28,1306,High Tide
07-Oct-2025 12:56,419,Low Tide
07-Oct-2025 19:44,1424,High Tide
08-Oct-2025 01:27,796,Low Tide
08-Oct-2025 06:52,1302,High Tide
08-Oct-2025 13:25,323,Low Tide
08-Oct-2025 20:23,1470,High Tide
09-Oct-2025 02:05,841,Low Tide
09-Oct-2025 07:18,1290,High Tide
09-Oct-2025 13:57,270,Low Tide
09-Oct-2025 21:02,1471,High Tide
10-Oct-2025 02:42,880,Low Tide
10-Oct-2025 07:46,1268,High Tide
10-Oct-2025 14:31,272,Low Tide
10-Oct-2025 21:42,1431,High Tide
11-Oct-2025 03:20,912,Low Tide
11-Oct-2025 08:18,1234,High Tide
11-Oct-2025 15:09,326,Low Tide
11-Oct-2025 22:25,1361,High Tide
12-Oct-2025 04:02,939,Low Tide
12-Oct-2025 08:52,1184,High Tide
12-Oct-2025 15:50,421,Low Tide
12-Oct-2025 23:16,1280,High Tide
13-Oct-2025 04:55,963,Low Tide
13-Oct-2025 09:29,1117,High Tide
13-Oct-2025 16:39,541,Low Tide
14-Oct-2025 00:26,1210,High Tide
14-Oct-2025 06:23,978,Low Tide
14-Oct-2025 10:16,1037,High Tide
14-Oct-2025 17:42,666,Low Tide
15-Oct-2025 01:58,1180,High Tide
15-Oct-2025 09:13,938,Low Tide
15-Oct-2025 13:02,966,High Tide
15-Oct-2025 19:24,768,Low Tide
16-Oct-2025 03:23,1195,High Tide
16-Oct-2025 10:35,845,Low Tide
16-Oct-2025 15:48,1013,High Tide
16-Oct-2025 21:30,809,Low Tide
17-Oct-2025 04:21,1224,High Tide
17-Oct-2025 11:10,750,Low Tide
17-Oct-2025 17:08,1113,High Tide
17-Oct-2025 22:49,810,Low Tide
18-Oct-2025 05:01,1246,High Tide
18-Oct-2025 11:39,661,Low Tide
18-Oct-2025 17:59,1211,High Tide
18-Oct-2025 23:41,809,Low Tide
19-Oct-2025 05:34,1252,High Tide
19-Oct-2025 12:05,582,Low Tide
19-Oct-2025 18:39,1295,High Tide
20-Oct-2025 00:22,812,Low Tide
20-Oct-2025 06:01,1241,High Tide
20-Oct-2025 12:28,516,Low Tide
20-Oct-2025 19:13,1359,High Tide
21-Oct-2025 00:58,821,Low Tide
21-Oct-2025 06:24,1218,High Tide
21-Oct-2025 12:51,464,Low Tide
21-Oct-2025 19:43,1401,High Tide
22-Oct-2025 01:31,832,Low Tide
22-Oct-2025 06:44,1191,High Tide
22-Oct-2025 13:14,427,Low Tide
22-Oct-2025 20:12,1420,High Tide
23-Oct-2025 02:01,845,Low Tide
23-Oct-2025 07:02,1165,High Tide
23-Oct-2025 13:37,407,Low Tide
23-Oct-2025 20:39,1418,High Tide
24-Oct-2025 02:30,860,Low Tide
24-Oct-2025 07:20,1143,High Tide
24-Oct-2025 14:00,406,Low Tide
24-Oct-2025 21:06,1398,High Tide
25-Oct-2025 02:58,879,Low Tide
25-Oct-2025 07:39,1125,High Tide
25-Oct-2025 14:25,424,Low Tide
25-Oct-2025 21:35,1364,High Tide
26-Oct-2025 03:27,903,Low Tide
26-Oct-2025 07:59,1109,High Tide
26-Oct-2025 14:51,462,Low Tide
26-Oct-2025 22:08,1319,High Tide
27-Oct-2025 03:59,930,Low Tide
27-Oct-2025 08:22,1091,High Tide
27-Oct-2025 15:20,519,Low Tide
27-Oct-2025 22:47,1272,High Tide
28-Oct-2025 04:41,960,Low Tide
28-Oct-2025 08:46,1067,High Tide
28-Oct-2025 15:53,593,Low Tide
28-Oct-2025 23:39,1229,High Tide
29-Oct-2025 05:48,983,Low Tide
29-Oct-2025 09:13,1031,High Tide
29-Oct-2025 16:35,682,Low Tide
30-Oct-2025 00:50,1203,High Tide
30-Oct-2025 07:53,971,Low Tide
30-Oct-2025 09:52,978,High Tide
30-Oct-2025 17:43,782,Low Tide
31-Oct-2025 02:06,1202,High Tide
31-Oct-2025 09:40,902,Low Tide
31-Oct-2025 14:34,962,High Tide
31-Oct-2025 19:55,865,Low Tide
01-Nov-2025 03:05,1217,High Tide
01-Nov-2025 10:13,802,Low Tide
01-Nov-2025 16:30,1079,High Tide
01-Nov-2025 21:48,896,Low Tide
02-Nov-2025 03:48,1232,High Tide
02-Nov-2025 10:42,681,Low Tide
02-Nov-2025 17:28,1218,High Tide
02-Nov-2025 22:59,906,Low Tide
03-Nov-2025 04:23,1241,High Tide
03-Nov-2025 11:11,548,Low Tide
03-Nov-2025 18:14,1353,High Tide
03-Nov-2025 23:54,916,Low Tide
04-Nov-2025 04:56,1244,High Tide
04-Nov-2025 11:42,420,Low Tide
04-Nov-2025 18:55,1465,High Tide
05-Nov-2025 00:40,929,Low Tide
05-Nov-2025 05:28,1244,High Tide
05-Nov-2025 12:15,317,Low Tide
05-Nov-2025 19:34,1537,High Tide
06-Nov-2025 01:22,939,Low Tide
06-Nov-2025 06:03,1242,High Tide
06-Nov-2025 12:51,257,Low Tide
06-Nov-2025 20:11,1562,High Tide
07-Nov-2025 02:01,944,Low Tide
07-Nov-2025 06:40,1237,High Tide
07-Nov-2025 13:28,250,Low Tide
07-Nov-2025 20:49,1543,High Tide
08-Nov-2025 02:40,943,Low Tide
08-Nov-2025 07:21,1224,High Tide
08-Nov-2025 14:07,296,Low Tide
08-Nov-2025 21:28,1492,High Tide
09-Nov-2025 03:21,938,Low Tide
09-Nov-2025 08:04,1197,High Tide
09-Nov-2025 14:48,384,Low Tide
09-Nov-2025 22:10,1427,High Tide
10-Nov-2025 04:09,934,Low Tide
10-Nov-2025 08:52,1153,High Tide
10-Nov-2025 15:32,500,Low Tide
10-Nov-2025 22:57,1362,High Tide
11-Nov-2025 05:10,927,Low Tide
11-Nov-2025 09:49,1091,High Tide
11-Nov-2025 16:19,632,Low Tide
11-Nov-2025 23:51,1310,High Tide
12-Nov-2025 06:30,905,Low Tide
12-Nov-2025 11:15,1026,High Tide
12-Nov-2025 17:15,766,Low Tide
13-Nov-2025 00:53,1274,High Tide
13-Nov-2025 08:02,854,Low Tide
13-Nov-2025 13:43,1010,High Tide
13-Nov-2025 18:34,889,Low Tide
14-Nov-2025 01:56,1254,High Tide
14-Nov-2025 09:17,779,Low Tide
14-Nov-2025 15:53,1086,High Tide
14-Nov-2025 20:31,971,Low Tide
15-Nov-2025 02:54,1238,High Tide
15-Nov-2025 10:08,698,Low Tide
15-Nov-2025 17:05,1192,High Tide
15-Nov-2025 22:18,994,Low Tide
16-Nov-2025 03:42,1221,High Tide
16-Nov-2025 10:45,624,Low Tide
16-Nov-2025 17:52,1291,High Tide
16-Nov-2025 23:26,987,Low Tide
17-Nov-2025 04:23,1198,High Tide
17-Nov-2025 11:17,559,Low Tide
17-Nov-2025 18:28,1371,High Tide
18-Nov-2025 00:16,973,Low Tide
18-Nov-2025 04:58,1172,High Tide
18-Nov-2025 11:45,506,Low Tide
18-Nov-2025 19:00,1430,High Tide
19-Nov-2025 00:56,958,Low Tide
19-Nov-2025 05:28,1149,High Tide
19-Nov-2025 12:13,465,Low Tide
19-Nov-2025 19:30,1467,High Tide
20-Nov-2025 01:30,946,Low Tide
20-Nov-2025 05:55,1131,High Tide
20-Nov-2025 12:39,439,Low Tide
20-Nov-2025 19:58,1483,High Tide
21-Nov-2025 02:01,939,Low Tide
21-Nov-2025 06:21,1121,High Tide
21-Nov-2025 13:06,428,Low Tide
21-Nov-2025 20:26,1482,High Tide
22-Nov-2025 02:29,937,Low Tide
22-Nov-2025 06:47,1117,High Tide
22-Nov-2025 13:34,436,Low Tide
22-Nov-2025 20:54,1469,High Tide
23-Nov-2025 02:58,939,Low Tide
23-Nov-2025 07:16,1116,High Tide
23-Nov-2025 14:02,462,Low Tide
23-Nov-2025 21:23,1446,High Tide
24-Nov-2025 03:29,946,Low Tide
24-Nov-2025 07:47,1115,High Tide
24-Nov-2025 14:32,507,Low Tide
24-Nov-2025 21:54,1419,High Tide
25-Nov-2025 04:04,952,Low Tide
25-Nov-2025 08:21,1107,High Tide
25-Nov-2025 15:03,570,Low Tide
25-Nov-2025 22:29,1390,High Tide
26-Nov-2025 04:47,953,Low Tide
26-Nov-2025 09:02,1088,High Tide
26-Nov-2025 15:38,651,Low Tide
26-Nov-2025 23:07,1363,High Tide
27-Nov-2025 05:42,939,Low Tide
27-Nov-2025 09:57,1056,High Tide
27-Nov-2025 16:17,751,Low Tide
27-Nov-2025 23:50,1338,High Tide
28-Nov-2025 06:46,899,Low Tide
28-Nov-2025 11:36,1025,High Tide
28-Nov-2025 17:08,867,Low Tide
29-Nov-2025 00:36,1314,High Tide
29-Nov-2025 07:49,826,Low Tide
29-Nov-2025 14:22,1061,High Tide
29-Nov-2025 18:35,990,Low Tide
30-Nov-2025 01:22,1290,High Tide
30-Nov-2025 08:45,725,Low Tide
30-Nov-2025 16:14,1181,High Tide
30-Nov-2025 20:47,1077,Low Tide
01-Dec-2025 02:09,1265,High Tide
01-Dec-2025 09:34,610,Low Tide
01-Dec-2025 17:18,1319,High Tide
01-Dec-2025 22:33,1103,Low Tide
02-Dec-2025 02:56,1242,High Tide
02-Dec-2025 10:18,495,Low Tide
02-Dec-2025 18:05,1443,High Tide
02-Dec-2025 23:46,1096,Low Tide
03-Dec-2025 03:44,1226,High Tide
03-Dec-2025 11:02,398,Low Tide
03-Dec-2025 18:46,1534,High Tide
04-Dec-2025 00:39,1076,Low Tide
04-Dec-2025 04:35,1220,High Tide
04-Dec-2025 11:46,333,Low Tide
04-Dec-2025 19:26,1585,High Tide
05-Dec-2025 01:23,1049,Low Tide
05-Dec-2025 05:28,1223,High Tide
05-Dec-2025 12:30,310,Low Tide
05-Dec-2025 20:04,1597,High Tide
06-Dec-2025 02:02,1017,Low Tide
06-Dec-2025 06:22,1230,High Tide
06-Dec-2025 13:14,329,Low Tide
06-Dec-2025 20:42,1581,High Tide
07-Dec-2025 02:42,983,Low Tide
07-Dec-2025 07:17,1230,High Tide
07-Dec-2025 13:57,388,Low Tide
07-Dec-2025 21:19,1549,High Tide
08-Dec-2025 03:24,947,Low Tide
08-Dec-2025 08:12,1215,High Tide
08-Dec-2025 14:40,479,Low Tide
08-Dec-2025 21:57,1513,High Tide
09-Dec-2025 04:12,910,Low Tide
09-Dec-2025 09:09,1184,High Tide
09-Dec-2025 15:22,593,Low Tide
09-Dec-2025 22:35,1477,High Tide
10-Dec-2025 05:04,873,Low Tide
10-Dec-2025 10:12,1140,High Tide
10-Dec-2025 16:03,720,Low Tide
10-Dec-2025 23:12,1439,High Tide
11-Dec-2025 06:01,834,Low Tide
11-Dec-2025 11:30,1100,High Tide
11-Dec-2025 16:46,852,Low Tide
11-Dec-2025 23:49,1397,High Tide
12-Dec-2025 06:59,791,Low Tide
12-Dec-2025 13:17,1094,High Tide
12-Dec-2025 17:37,980,Low Tide
13-Dec-2025 00:27,1346,High Tide
13-Dec-2025 07:56,746,Low Tide
13-Dec-2025 15:16,1149,High Tide
13-Dec-2025 18:57,1090,Low Tide
14-Dec-2025 01:06,1289,High Tide
14-Dec-2025 08:51,699,Low Tide
14-Dec-2025 16:45,1238,High Tide
14-Dec-2025 21:09,1150,Low Tide
15-Dec-2025 01:50,1232,High Tide
15-Dec-2025 09:41,652,Low Tide
15-Dec-2025 17:38,1326,High Tide
15-Dec-2025 23:16,1140,Low Tide
16-Dec-2025 02:39,1181,High Tide
16-Dec-2025 10:26,606,Low Tide
16-Dec-2025 18:17,1398,High Tide
17-Dec-2025 00:27,1103,Low Tide
17-Dec-2025 03:33,1144,High Tide
17-Dec-2025 11:06,564,Low Tide
17-Dec-2025 18:51,1453,High Tide
18-Dec-2025 01:09,1068,Low Tide
18-Dec-2025 04:25,1123,High Tide
18-Dec-2025 11:43,529,Low Tide
18-Dec-2025 19:21,1491,High Tide
19-Dec-2025 01:40,1039,Low Tide
19-Dec-2025 05:12,1118,High Tide
19-Dec-2025 12:18,505,Low Tide
19-Dec-2025 19:50,1515,High Tide
20-Dec-2025 02:06,1016,Low Tide
20-Dec-2025 05:56,1126,High Tide
20-Dec-2025 12:51,495,Low Tide
20-Dec-2025 20:18,1528,High Tide
21-Dec-2025 02:32,999,Low Tide
21-Dec-2025 06:37,1141,High Tide
21-Dec-2025 13:23,501,Low Tide
21-Dec-2025 20:46,1532,High Tide
22-Dec-2025 02:58,983,Low Tide
22-Dec-2025 07:17,1159,High Tide
22-Dec-2025 13:55,525,Low Tide
22-Dec-2025 21:13,1530,High Tide
23-Dec-2025 03:27,965,Low Tide
23-Dec-2025 07:58,1173,High Tide
23-Dec-2025 14:26,570,Low Tide
23-Dec-2025 21:40,1522,High Tide
24-Dec-2025 03:58,941,Low Tide
24-Dec-2025 08:41,1177,High Tide
24-Dec-2025 14:58,637,Low Tide
24-Dec-2025 22:07,1510,High Tide
25-Dec-2025 04:33,906,Low Tide
25-Dec-2025 09:30,1170,High Tide
25-Dec-2025 15:31,725,Low Tide
25-Dec-2025 22:34,1491,High Tide
26-Dec-2025 05:12,857,Low Tide
26-Dec-2025 10:30,1154,High Tide
26-Dec-2025 16:06,833,Low Tide
26-Dec-2025 23:01,1464,High Tide
27-Dec-2025 05:55,796,Low Tide
27-Dec-2025 11:51,1145,High Tide
27-Dec-2025 16:46,957,Low Tide
27-Dec-2025 23:28,1426,High Tide
28-Dec-2025 06:42,726,Low Tide
28-Dec-2025 13:44,1174,High Tide
28-Dec-2025 17:41,1089,Low Tide
28-Dec-2025 23:55,1380,High Tide
29-Dec-2025 07:34,654,Low Tide
29-Dec-2025 15:41,1259,High Tide
29-Dec-2025 19:25,1204,Low Tide
30-Dec-2025 00:27,1327,High Tide
30-Dec-2025 08:32,585,Low Tide
30-Dec-2025 17:05,1368,High Tide
30-Dec-2025 22:05,1244,Low Tide
31-Dec-2025 01:12,1274,High Tide
31-Dec-2025 09:34,524,Low Tide
31-Dec-2025 18:00,1465,High Tide
01-Jan-2026 00:03,1209,Low Tide
01-Jan-2026 02:32,1231,High Tide
01-Jan-2026 10:35,472,Low Tide
01-Jan-2026 18:43,1535,High Tide
02-Jan-2026 00:54,1156,Low Tide
02-Jan-2026 04:02,1215,High Tide
02-Jan-2026 11:33,436,Low Tide
02-Jan-2026 19:23,1578,High Tide
03-Jan-2026 01:30,1099,Low Tide
03-Jan-2026 05:21,1227,High Tide
03-Jan-2026 12:24,425,Low Tide
03-Jan-2026 20:00,1600,High Tide
04-Jan-2026 02:05,1038,Low Tide
04-Jan-2026 06:30,1251,High Tide
04-Jan-2026 13:11,446,Low Tide
04-Jan-2026 20:34,1607,High Tide
05-Jan-2026 02:41,973,Low Tide
05-Jan-2026 07:31,1271,High Tide
05-Jan-2026 13:54,499,Low Tide
05-Jan-2026 21:06,1605,High Tide
06-Jan-2026 03:19,908,Low Tide
06-Jan-2026 08:27,1274,High Tide
06-Jan-2026 14:33,582,Low Tide
06-Jan-2026 21:36,1593,High Tide
07-Jan-2026 03:58,847,Low Tide
07-Jan-2026 09:20,1261,High Tide
07-Jan-2026 15:10,685,Low Tide
07-Jan-2026 22:04,1570,High Tide
08-Jan-2026 04:37,795,Low Tide
08-Jan-2026 10:14,1237,High Tide
08-Jan-2026 15:45,799,Low Tide
08-Jan-2026 22:29,1532,High Tide
09-Jan-2026 05:17,757,Low Tide
09-Jan-2026 11:13,1209,High Tide
09-Jan-2026 16:19,916,Low Tide
09-Jan-2026 22:52,1479,High Tide
10-Jan-2026 05:58,731,Low Tide
10-Jan-2026 12:25,1191,High Tide
10-Jan-2026 16:55,1027,Low Tide
10-Jan-2026 23:11,1415,High Tide
11-Jan-2026 06:41,717,Low Tide
11-Jan-2026 13:59,1197,High Tide
11-Jan-2026 17:38,1130,Low Tide
11-Jan-2026 23:24,1347,High Tide
12-Jan-2026 07:29,710,Low Tide
12-Jan-2026 15:55,1241,High Tide
12-Jan-2026 19:00,1216,Low Tide
12-Jan-2026 23:25,1283,High Tide
13-Jan-2026 08:26,701,Low Tide
13-Jan-2026 17:26,1312,High Tide
14-Jan-2026 09:31,683,Low Tide
14-Jan-2026 18:12,1379,High Tide
15-Jan-2026 10:32,653,Low Tide
15-Jan-2026 18:45,1437,High Tide
16-Jan-2026 02:13,1116,Low Tide
16-Jan-2026 03:01,1117,High Tide
16-Jan-2026 11:23,618,Low Tide
16-Jan-2026 19:14,1486,High Tide
17-Jan-2026 01:53,1081,Low Tide
17-Jan-2026 04:53,1123,High Tide
17-Jan-2026 12:06,588,Low Tide
17-Jan-2026 19:41,1525,High Tide
18-Jan-2026 02:05,1046,Low Tide
18-Jan-2026 05:57,1154,High Tide
18-Jan-2026 12:44,570,Low Tide
18-Jan-2026 20:07,1556,High Tide
19-Jan-2026 02:23,1010,Low Tide
19-Jan-2026 06:48,1194,High Tide
19-Jan-2026 13:18,571,Low Tide
19-Jan-2026 20:31,1578,High Tide
20-Jan-2026 02:44,968,Low Tide
20-Jan-2026 07:32,1234,High Tide
20-Jan-2026 13:50,595,Low Tide
20-Jan-2026 20:53,1589,High Tide
21-Jan-2026 03:08,917,Low Tide
21-Jan-2026 08:15,1266,High Tide
21-Jan-2026 14:21,644,Low Tide
21-Jan-2026 21:14,1590,High Tide
22-Jan-2026 03:34,857,Low Tide
22-Jan-2026 08:58,1286,High Tide
22-Jan-2026 14:52,718,Low Tide
22-Jan-2026 21:35,1580,High Tide
23-Jan-2026 04:03,790,Low Tide
23-Jan-2026 09:45,1292,High Tide
23-Jan-2026 15:23,812,Low Tide
23-Jan-2026 21:55,1558,High Tide
24-Jan-2026 04:34,723,Low Tide
24-Jan-2026 10:37,1286,High Tide
24-Jan-2026 15:56,920,Low Tide
24-Jan-2026 22:15,1523,High Tide
25-Jan-2026 05:10,666,Low Tide
25-Jan-2026 11:40,1275,High Tide
25-Jan-2026 16:31,1035,Low Tide
25-Jan-2026 22:35,1476,High Tide
26-Jan-2026 05:50,626,Low Tide
26-Jan-2026 13:03,1270,High Tide
26-Jan-2026 17:13,1148,Low Tide
26-Jan-2026 22:54,1420,High Tide
27-Jan-2026 06:38,609,Low Tide
27-Jan-2026 14:55,1294,High Tide
27-Jan-2026 18:19,1249,Low Tide
27-Jan-2026 23:09,1358,High Tide
28-Jan-2026 07:41,610,Low Tide
28-Jan-2026 16:56,1360,High Tide
29-Jan-2026 09:02,610,Low Tide
29-Jan-2026 18:00,1436,High Tide
30-Jan-2026 10:27,589,Low Tide
30-Jan-2026 18:41,1501,High Tide
31-Jan-2026 01:08,1144,Low Tide
31-Jan-2026 04:15,1199,High Tide
31-Jan-2026 11:34,561,Low Tide
31-Jan-2026 19:16,1552,High Tide
01-Feb-2026 01:29,1063,Low Tide
01-Feb-2026 05:46,1240,High Tide
01-Feb-2026 12:27,550,Low Tide
01-Feb-2026 19:47,1589,High Tide
02-Feb-2026 01:57,977,Low Tide
02-Feb-2026 06:53,1291,High Tide
02-Feb-2026 13:10,568,Low Tide
02-Feb-2026 20:15,1613,High Tide
03-Feb-2026 02:27,889,Low Tide
03-Feb-2026 07:47,1331,High Tide
03-Feb-2026 13:49,618,Low Tide
03-Feb-2026 20:40,1620,High Tide
04-Feb-2026 02:57,808,Low Tide
04-Feb-2026 08:35,1354,High Tide
04-Feb-2026 14:24,691,Low Tide
04-Feb-2026 21:04,1609,High Tide
05-Feb-2026 03:28,741,Low Tide
05-Feb-2026 09:20,1357,High Tide
05-Feb-2026 14:56,777,Low Tide
05-Feb-2026 21:25,1580,High Tide
06-Feb-2026 03:58,694,Low Tide
06-Feb-2026 10:03,1345,High Tide
06-Feb-2026 15:28,867,Low Tide
06-Feb-2026 21:44,1534,High Tide
07-Feb-2026 04:29,668,Low Tide
07-Feb-2026 10:46,1320,High Tide
07-Feb-2026 15:58,955,Low Tide
07-Feb-2026 22:00,1476,High Tide
08-Feb-2026 05:00,663,Low Tide
08-Feb-2026 11:35,1286,High Tide
08-Feb-2026 16:28,1039,Low Tide
08-Feb-2026 22:13,1414,High Tide
09-Feb-2026 05:34,675,Low Tide
09-Feb-2026 12:38,1250,High Tide
09-Feb-2026 16:58,1120,Low Tide
09-Feb-2026 22:21,1354,High Tide
10-Feb-2026 06:13,699,Low Tide
10-Feb-2026 14:16,1232,High Tide
10-Feb-2026 17:32,1195,Low Tide
10-Feb-2026 22:20,1300,High Tide
11-Feb-2026 07:05,730,Low Tide
11-Feb-2026 17:07,1269,High Tide
11-Feb-2026 20:10,1261,Low Tide
11-Feb-2026 21:09,1262,High Tide
12-Feb-2026 08:23,752,Low Tide
12-Feb-2026 18:03,1336,High Tide
13-Feb-2026 09:58,743,Low Tide
13-Feb-2026 18:31,1400,High Tide
14-Feb-2026 11:07,708,Low Tide
14-Feb-2026 18:55,1458,High Tide
15-Feb-2026 01:36,1064,Low Tide
15-Feb-2026 05:09,1129,High Tide
15-Feb-2026 11:55,673,Low Tide
15-Feb-2026 19:17,1507,High Tide
16-Feb-2026 01:39,1011,Low Tide
16-Feb-2026 06:13,1193,High Tide
16-Feb-2026 12:34,653,Low Tide
16-Feb-2026 19:39,1546,High Tide
17-Feb-2026 01:54,947,Low Tide
17-Feb-2026 07:00,1263,High Tide
17-Feb-2026 13:08,656,Low Tide
17-Feb-2026 19:58,1571,High Tide
18-Feb-2026 02:12,871,Low Tide
18-Feb-2026 07:42,1327,High Tide
18-Feb-2026 13:41,687,Low Tide
18-Feb-2026 20:17,1582,High Tide
19-Feb-2026 02:34,786,Low Tide
19-Feb-2026 08:23,1378,High Tide
19-Feb-2026 14:13,744,Low Tide
19-Feb-2026 20:36,1579,High Tide
20-Feb-2026 02:58,698,Low Tide
20-Feb-2026 09:04,1412,High Tide
20-Feb-2026 14:44,820,Low Tide
20-Feb-2026 20:54,1563,High Tide
21-Feb-2026 03:25,621,Low Tide
21-Feb-2026 09:46,1422,High Tide
21-Feb-2026 15:16,906,Low Tide
21-Feb-2026 21:13,1534,High Tide
22-Feb-2026 03:55,566,Low Tide
22-Feb-2026 10:31,1409,High Tide
22-Feb-2026 15:48,995,Low Tide
22-Feb-2026 21:33,1494,High Tide
23-Feb-2026 04:29,545,Low Tide
23-Feb-2026 11:23,1373,High Tide
23-Feb-2026 16:23,1080,Low Tide
23-Feb-2026 21:54,1443,High Tide
24-Feb-2026 05:08,560,Low Tide
24-Feb-2026 12:30,1326,High Tide
24-Feb-2026 17:02,1160,Low Tide
24-Feb-2026 22:13,1383,High Tide
25-Feb-2026 05:57,607,Low Tide
25-Feb-2026 14:12,1295,High Tide
25-Feb-2026 18:03,1234,Low Tide
25-Feb-2026 22:25,1315,High Tide
26-Feb-2026 07:05,671,Low Tide
26-Feb-2026 16:32,1325,High Tide
27-Feb-2026 08:48,714,Low Tide
27-Feb-2026 17:41,1391,High Tide
28-Feb-2026 00:48,1140,Low Tide
28-Feb-2026 02:53,1152,High Tide
28-Feb-2026 10:30,706,Low Tide
28-Feb-2026 18:19,1455,High Tide
01-Mar-2026 00:45,1048,Low Tide
01-Mar-2026 05:02,1198,High Tide
01-Mar-2026 11:37,684,Low Tide
01-Mar-2026 18:49,1507,High Tide
02-Mar-2026 01:07,948,Low Tide
02-Mar-2026 06:15,1275,High Tide
02-Mar-2026 12:25,681,Low Tide
02-Mar-2026 19:16,1543,High Tide
03-Mar-2026 01:32,847,Low Tide
03-Mar-2026 07:09,1348,High Tide
03-Mar-2026 13:04,704,Low Tide
03-Mar-2026 19:41,1559,High Tide
04-Mar-2026 01:58,754,Low Tide
04-Mar-2026 07:54,1403,High Tide
04-Mar-2026 13:40,748,Low Tide
04-Mar-2026 20:03,1554,High Tide
05-Mar-2026 02:23,677,Low Tide
05-Mar-2026 08:33,1437,High Tide
05-Mar-2026 14:13,802,Low Tide
05-Mar-2026 20:24,1531,High Tide
06-Mar-2026 02:49,622,Low Tide
06-Mar-2026 09:09,1447,High Tide
06-Mar-2026 14:44,860,Low Tide
06-Mar-2026 20:43,1492,High Tide
07-Mar-2026 03:15,591,Low Tide
07-Mar-2026 09:44,1436,High Tide
07-Mar-2026 15:14,918,Low Tide
07-Mar-2026 20:59,1445,High Tide
08-Mar-2026 03:41,583,Low Tide
08-Mar-2026 10:18,1406,High Tide
08-Mar-2026 15:43,974,Low Tide
08-Mar-2026 21:14,1395,High Tide
09-Mar-2026 04:08,596,Low Tide
09-Mar-2026 10:56,1359,High Tide
09-Mar-2026 16:11,1031,Low Tide
09-Mar-2026 21:27,1346,High Tide
10-Mar-2026 04:37,627,Low Tide
10-Mar-2026 11:42,1304,High Tide
10-Mar-2026 16:41,1090,Low Tide
10-Mar-2026 21:38,1299,High Tide
11-Mar-2026 05:11,675,Low Tide
11-Mar-2026 12:50,1252,High Tide
11-Mar-2026 17:15,1151,Low Tide
11-Mar-2026 21:43,1255,High Tide
12-Mar-2026 05:54,734,Low Tide
12-Mar-2026 14:54,1236,High Tide
12-Mar-2026 18:49,1209,Low Tide
12-Mar-2026 21:09,1217,High Tide
13-Mar-2026 07:07,794,Low Tide
13-Mar-2026 17:02,1283,High Tide
14-Mar-2026 09:11,821,Low Tide
14-Mar-2026 17:42,1344,High Tide
15-Mar-2026 01:17,1057,Low Tide
15-Mar-2026 03:45,1071,High Tide
15-Mar-2026 10:40,800,Low Tide
15-Mar-2026 18:07,1400,High Tide
16-Mar-2026 00:45,998,Low Tide
16-Mar-2026 05:26,1151,High Tide
16-Mar-2026 11:34,773,Low Tide
16-Mar-2026 18:29,1446,High Tide
17-Mar-2026 00:52,917,Low Tide
17-Mar-2026 06:19,1247,High Tide
17-Mar-2026 12:16,763,Low Tide
17-Mar-2026 18:49,1477,High Tide
18-Mar-2026 01:08,820,Low Tide
18-Mar-2026 07:02,1344,High Tide
18-Mar-2026 12:53,776,Low Tide
18-Mar-2026 19:09,1494,High Tide
19-Mar-2026 01:29,712,Low Tide
19-Mar-2026 07:42,1429,High Tide
19-Mar-2026 13:29,811,Low Tide
19-Mar-2026 19:28,1497,High Tide
20-Mar-2026 01:52,606,Low Tide
20-Mar-2026 08:21,1493,High Tide
20-Mar-2026 14:03,863,Low Tide
20-Mar-2026 19:49,1488,High Tide
21-Mar-2026 02:18,517,Low Tide
21-Mar-2026 08:59,1527,High Tide
21-Mar-2026 14:37,922,Low Tide
21-Mar-2026 20:11,1470,High Tide
22-Mar-2026 02:47,460,Low Tide
22-Mar-2026 09:38,1524,High Tide
22-Mar-2026 15:11,980,Low Tide
22-Mar-2026 20:34,1443,High Tide
23-Mar-2026 03:20,446,Low Tide
23-Mar-2026 10:20,1487,High Tide
23-Mar-2026 15:46,1033,Low Tide
23-Mar-2026 21:00,1404,High Tide
24-Mar-2026 03:56,478,Low Tide
24-Mar-2026 11:07,1423,High Tide
24-Mar-2026 16:24,1083,Low Tide
24-Mar-2026 21:27,1353,High Tide
25-Mar-2026 04:38,549,Low Tide
25-Mar-2026 12:08,1350,High Tide
25-Mar-2026 17:14,1131,Low Tide
25-Mar-2026 21:55,1288,High Tide
26-Mar-2026 05:30,646,Low Tide
26-Mar-2026 13:38,1297,High Tide
26-Mar-2026 18:49,1168,Low Tide
26-Mar-2026 22:20,1209,High Tide
27-Mar-2026 06:44,747,Low Tide
27-Mar-2026 15:30,1302,High Tide
27-Mar-2026 23:34,1115,Low Tide
28-Mar-2026 01:00,1117,High Tide
28-Mar-2026 08:40,815,Low Tide
28-Mar-2026 16:44,1348,High Tide
28-Mar-2026 23:36,1012,Low Tide
29-Mar-2026 04:07,1146,High Tide
29-Mar-2026 10:25,824,Low Tide
29-Mar-2026 17:28,1396,High Tide
30-Mar-2026 00:02,904,Low Tide
30-Mar-2026 05:32,1238,High Tide
30-Mar-2026 11:29,819,Low Tide
30-Mar-2026 18:01,1430,High Tide
31-Mar-2026 00:28,799,Low Tide
31-Mar-2026 06:28,1332,High Tide
31-Mar-2026 12:16,826,Low Tide
31-Mar-2026 18:30,1445,High Tide
01-Apr-2026 00:54,703,Low Tide
01-Apr-2026 07:11,1412,High Tide
01-Apr-2026 12:55,844,Low Tide
01-Apr-2026 18:56,1440,High Tide
02-Apr-2026 01:19,624,Low Tide
02-Apr-2026 07:49,1469,High Tide
02-Apr-2026 13:31,868,Low Tide
02-Apr-2026 19:19,1419,High Tide
03-Apr-2026 01:43,567,Low Tide
03-Apr-2026 08:22,1500,High Tide
03-Apr-2026 14:04,895,Low Tide
03-Apr-2026 19:40,1387,High Tide
04-Apr-2026 02:08,532,Low Tide
04-Apr-2026 08:53,1506,High Tide
04-Apr-2026 14:35,922,Low Tide
04-Apr-2026 19:59,1350,High Tide
05-Apr-2026 02:32,519,Low Tide
05-Apr-2026 09:24,1488,High Tide
05-Apr-2026 15:05,950,Low Tide
05-Apr-2026 20:17,1314,High Tide
06-Apr-2026 02:58,526,Low Tide
06-Apr-2026 09:54,1453,High Tide
06-Apr-2026 15:34,981,Low Tide
06-Apr-2026 20:34,1280,High Tide
07-Apr-2026 03:24,553,Low Tide
07-Apr-2026 10:27,1403,High Tide
07-Apr-2026 16:05,1016,Low Tide
07-Apr-2026 20:51,1248,High Tide
08-Apr-2026 03:53,599,Low Tide
08-Apr-2026 11:07,1347,High Tide
08-Apr-2026 16:39,1056,Low Tide
08-Apr-2026 21:09,1215,High Tide
09-Apr-2026 04:25,661,Low Tide
09-Apr-2026 12:00,1293,High Tide
09-Apr-2026 17:28,1097,Low Tide
09-Apr-2026 21:25,1177,High Tide
10-Apr-2026 05:04,736,Low Tide
10-Apr-2026 13:19,1259,High Tide
10-Apr-2026 19:18,1123,Low Tide
10-Apr-2026 21:24,1132,High Tide
11-Apr-2026 06:05,819,Low Tide
11-Apr-2026 14:55,1263,High Tide
12-Apr-2026 08:02,886,Low Tide
12-Apr-2026 16:03,1295,High Tide
12-Apr-2026 23:25,990,Low Tide
13-Apr-2026 04:09,1084,High Tide
13-Apr-2026 09:56,902,Low Tide
13-Apr-2026 16:44,1330,High Tide
13-Apr-2026 23:33,898,Low Tide
14-Apr-2026 05:25,1193,High Tide
14-Apr-2026 11:04,898,Low Tide
14-Apr-2026 17:15,1356,High Tide
14-Apr-2026 23:51,788,Low Tide
15-Apr-2026 06:13,1313,High Tide
15-Apr-2026 11:54,901,Low Tide
15-Apr-2026 17:41,1371,High Tide
16-Apr-2026 00:14,667,Low Tide
16-Apr-2026 06:55,1427,High Tide
16-Apr-2026 12:38,916,Low Tide
16-Apr-2026 18:06,1375,High Tide
17-Apr-2026 00:40,548,Low Tide
17-Apr-2026 07:34,1519,High Tide
17-Apr-2026 13:18,941,Low Tide
17-Apr-2026 18:33,1373,High Tide
18-Apr-2026 01:09,448,Low Tide
18-Apr-2026 08:12,1578,High Tide
18-Apr-2026 13:57,968,Low Tide
18-Apr-2026 19:01,1367,High Tide
19-Apr-2026 01:41,386,Low Tide
19-Apr-2026 08:49,1594,High Tide
19-Apr-2026 14:34,994,Low Tide
19-Apr-2026 19:31,1355,High Tide
20-Apr-2026 02:15,370,Low Tide
20-Apr-2026 09:28,1569,High Tide
20-Apr-2026 15:11,1014,Low Tide
20-Apr-2026 20:05,1335,High Tide
21-Apr-2026 02:53,404,Low Tide
21-Apr-2026 10:09,1512,High Tide
21-Apr-2026 15:51,1030,Low Tide
21-Apr-2026 20:42,1302,High Tide
22-Apr-2026 03:34,480,Low Tide
22-Apr-2026 10:55,1441,High Tide
22-Apr-2026 16:39,1045,Low Tide
22-Apr-2026 21:24,1252,High Tide
23-Apr-2026 04:21,585,Low Tide
23-Apr-2026 11:52,1373,High Tide
23-Apr-2026 17:46,1053,Low Tide
23-Apr-2026 22:16,1184,High Tide
24-Apr-2026 05:16,706,Low Tide
24-Apr-2026 13:03,1328,High Tide
24-Apr-2026 19:28,1035,Low Tide
24-Apr-2026 23:56,1111,High Tide
25-Apr-2026 06:29,824,Low Tide
25-Apr-2026 14:20,1315,High Tide
25-Apr-2026 21:21,965,Low Tide
26-Apr-2026 02:38,1106,High Tide
26-Apr-2026 08:15,913,Low Tide
26-Apr-2026 15:26,1323,High Tide
26-Apr-2026 22:27,866,Low Tide
27-Apr-2026 04:29,1187,High Tide
27-Apr-2026 10:00,950,Low Tide
27-Apr-2026 16:17,1333,High Tide
27-Apr-2026 23:07,766,Low Tide
28-Apr-2026 05:36,1290,High Tide
28-Apr-2026 11:12,958,Low Tide
28-Apr-2026 16:58,1332,High Tide
28-Apr-2026 23:40,676,Low Tide
29-Apr-2026 06:24,1383,High Tide
29-Apr-2026 12:05,959,Low Tide
29-Apr-2026 17:33,1318,High Tide
30-Apr-2026 00:10,602,Low Tide
30-Apr-2026 07:03,1455,High Tide
30-Apr-2026 12:49,958,Low Tide
30-Apr-2026 18:04,1294,High Tide
01-May-2026 00:37,547,Low Tide
01-May-2026 07:36,1501,High Tide
01-May-2026 13:27,957,Low Tide
01-May-2026 18:31,1265,High Tide
02-May-2026 01:04,511,Low Tide
02-May-2026 08:07,1521,High Tide
02-May-2026 14:01,957,Low Tide
02-May-2026 18:55,1237,High Tide
03-May-2026 01:30,493,Low Tide
03-May-2026 08:37,1518,High Tide
03-May-2026 14:32,960,Low Tide
03-May-2026 19:18,1214,High Tide
04-May-2026 01:57,493,Low Tide
04-May-2026 09:06,1498,High Tide
04-May-2026 15:02,967,Low Tide
04-May-2026 19:41,1196,High Tide
05-May-2026 02:24,510,Low Tide
05-May-2026 09:36,1465,High Tide
05-May-2026 15:33,980,Low Tide
05-May-2026 20:04,1181,High Tide
06-May-2026 02:52,546,Low Tide
06-May-2026 10:08,1425,High Tide
06-May-2026 16:07,996,Low Tide
06-May-2026 20:31,1164,High Tide
07-May-2026 03:23,598,Low Tide
07-May-2026 10:45,1383,High Tide
07-May-2026 16:48,1012,Low Tide
07-May-2026 21:01,1142,High Tide
08-May-2026 03:56,667,Low Tide
08-May-2026 11:28,1345,High Tide
08-May-2026 17:43,1022,Low Tide
08-May-2026 21:38,1109,High Tide
09-May-2026 04:35,749,Low Tide
09-May-2026 12:20,1317,High Tide
09-May-2026 18:59,1011,Low Tide
09-May-2026 22:38,1065,High Tide
10-May-2026 05:26,842,Low Tide
10-May-2026 13:18,1300,High Tide
10-May-2026 20:23,964,Low Tide
11-May-2026 01:28,1043,High Tide
11-May-2026 06:52,938,Low Tide
11-May-2026 14:13,1292,High Tide
11-May-2026 21:26,881,Low Tide
12-May-2026 03:55,1122,High Tide
12-May-2026 08:52,1004,Low Tide
12-May-2026 15:01,1288,High Tide
12-May-2026 22:08,775,Low Tide
13-May-2026 05:09,1244,High Tide
13-May-2026 10:26,1030,Low Tide
13-May-2026 15:42,1282,High Tide
13-May-2026 22:44,655,Low Tide
14-May-2026 05:59,1371,High Tide
14-May-2026 11:33,1038,Low Tide
14-May-2026 16:20,1274,High Tide
14-May-2026 23:19,536,Low Tide
15-May-2026 06:42,1481,High Tide
15-May-2026 12:26,1040,Low Tide
15-May-2026 16:58,1267,High Tide
15-May-2026 23:55,435,Low Tide
16-May-2026 07:21,1560,High Tide
16-May-2026 13:12,1038,Low Tide
16-May-2026 17:37,1264,High Tide
17-May-2026 00:32,366,Low Tide
17-May-2026 08:00,1598,High Tide
17-May-2026 13:54,1033,Low Tide
17-May-2026 18:19,1265,High Tide
18-May-2026 01:12,341,Low Tide
18-May-2026 08:39,1595,High Tide
18-May-2026 14:33,1022,Low Tide
18-May-2026 19:04,1264,High Tide
19-May-2026 01:54,363,Low Tide
19-May-2026 09:18,1562,High Tide
19-May-2026 15:14,1006,Low Tide
19-May-2026 19:53,1254,High Tide
20-May-2026 02:37,426,Low Tide
20-May-2026 10:00,1513,High Tide
20-May-2026 16:00,986,Low Tide
20-May-2026 20:46,1229,High Tide
21-May-2026 03:23,521,Low Tide
21-May-2026 10:43,1462,High Tide
21-May-2026 16:54,961,Low Tide
21-May-2026 21:46,1186,High Tide
22-May-2026 04:11,638,Low Tide
22-May-2026 11:30,1417,High Tide
22-May-2026 17:58,927,Low Tide
22-May-2026 23:02,1135,High Tide
23-May-2026 05:03,766,Low Tide
23-May-2026 12:20,1381,High Tide
23-May-2026 19:09,877,Low Tide
24-May-2026 00:48,1106,High Tide
24-May-2026 06:05,892,Low Tide
24-May-2026 13:11,1348,High Tide
24-May-2026 20:18,811,Low Tide
25-May-2026 02:47,1140,High Tide
25-May-2026 07:30,1000,Low Tide
25-May-2026 14:03,1315,High Tide
25-May-2026 21:17,740,Low Tide
26-May-2026 04:21,1223,High Tide
26-May-2026 09:17,1061,Low Tide
26-May-2026 14:53,1277,High Tide
26-May-2026 22:07,671,Low Tide
27-May-2026 05:25,1315,High Tide
27-May-2026 10:52,1070,Low Tide
27-May-2026 15:40,1237,High Tide
27-May-2026 22:48,611,Low Tide
28-May-2026 06:11,1392,High Tide
28-May-2026 11:59,1052,Low Tide
28-May-2026 16:25,1198,High Tide
28-May-2026 23:25,564,Low Tide
29-May-2026 06:49,1447,High Tide
29-May-2026 12:50,1028,Low Tide
29-May-2026 17:05,1166,High Tide
29-May-2026 23:58,528,Low Tide
30-May-2026 07:23,1481,High Tide
30-May-2026 13:30,1005,Low Tide
30-May-2026 17:41,1142,High Tide
31-May-2026 00:30,505,Low Tide
31-May-2026 07:54,1494,High Tide
31-May-2026 14:04,988,Low Tide
31-May-2026 18:15,1128,High Tide
01-Jun-2026 01:01,495,Low Tide
01-Jun-2026 08:24,1493,High Tide
01-Jun-2026 14:35,976,Low Tide
01-Jun-2026 18:47,1123,High Tide
02-Jun-2026 01:32,500,Low Tide
02-Jun-2026 08:54,1482,High Tide
02-Jun-2026 15:04,968,Low Tide
02-Jun-2026 19:20,1123,High Tide
03-Jun-2026 02:03,521,Low Tide
03-Jun-2026 09:24,1464,High Tide
03-Jun-2026 15:35,963,Low Tide
03-Jun-2026 19:54,1124,High Tide
04-Jun-2026 02:34,558,Low Tide
04-Jun-2026 09:54,1443,High Tide
04-Jun-2026 16:09,956,Low Tide
04-Jun-2026 20:32,1120,High Tide
05-Jun-2026 03:06,613,Low Tide
05-Jun-2026 10:25,1421,High Tide
05-Jun-2026 16:47,944,Low Tide
05-Jun-2026 21:15,1109,High Tide
06-Jun-2026 03:39,683,Low Tide
06-Jun-2026 10:57,1399,High Tide
06-Jun-2026 17:31,920,Low Tide
06-Jun-2026 22:09,1089,High Tide
07-Jun-2026 04:16,769,Low Tide
07-Jun-2026 11:31,1376,High Tide
07-Jun-2026 18:19,879,Low Tide
07-Jun-2026 23:27,1071,High Tide
08-Jun-2026 04:59,870,Low Tide
08-Jun-2026 12:05,1348,High Tide
08-Jun-2026 19:09,819,Low Tide
09-Jun-2026 01:26,1086,High Tide
09-Jun-2026 06:00,981,Low Tide
09-Jun-2026 12:42,1316,High Tide
09-Jun-2026 20:00,739,Low Tide
10-Jun-2026 03:23,1164,High Tide
10-Jun-2026 07:40,1081,Low Tide
10-Jun-2026 13:21,1279,High Tide
10-Jun-2026 20:51,647,Low Tide
11-Jun-2026 04:45,1276,High Tide
11-Jun-2026 09:41,1134,Low Tide
11-Jun-2026 14:04,1242,High Tide
11-Jun-2026 21:41,551,Low Tide
12-Jun-2026 05:42,1387,High Tide
12-Jun-2026 11:18,1136,Low Tide
12-Jun-2026 14:55,1211,High Tide
12-Jun-2026 22:31,464,Low Tide
13-Jun-2026 06:29,1476,High Tide
13-Jun-2026 12:26,1113,Low Tide
13-Jun-2026 15:53,1193,High Tide
13-Jun-2026 23:20,398,Low Tide
14-Jun-2026 07:11,1533,High Tide
14-Jun-2026 13:14,1082,Low Tide
14-Jun-2026 16:55,1191,High Tide
15-Jun-2026 00:09,362,Low Tide
15-Jun-2026 07:52,1558,High Tide
15-Jun-2026 13:55,1045,Low Tide
15-Jun-2026 17:57,1200,High Tide
16-Jun-2026 00:57,362,Low Tide
16-Jun-2026 08:31,1556,High Tide
16-Jun-2026 14:34,1001,Low Tide
16-Jun-2026 19:00,1211,High Tide
17-Jun-2026 01:44,399,Low Tide
17-Jun-2026 09:09,1539,High Tide
17-Jun-2026 15:15,950,Low Tide
17-Jun-2026 20:01,1214,High Tide
18-Jun-2026 02:30,471,Low Tide
18-Jun-2026 09:46,1516,High Tide
18-Jun-2026 16:00,894,Low Tide
18-Jun-2026 21:02,1201,High Tide
19-Jun-2026 03:14,571,Low Tide
19-Jun-2026 10:21,1490,High Tide
19-Jun-2026 16:47,835,Low Tide
19-Jun-2026 22:06,1175,High Tide
20-Jun-2026 03:57,689,Low Tide
20-Jun-2026 10:56,1458,High Tide
20-Jun-2026 17:37,779,Low Tide
20-Jun-2026 23:17,1147,High Tide
21-Jun-2026 04:41,816,Low Tide
21-Jun-2026 11:30,1417,High Tide
21-Jun-2026 18:27,728,Low Tide
22-Jun-2026 00:43,1136,High Tide
22-Jun-2026 05:31,939,Low Tide
22-Jun-2026 12:04,1364,High Tide
22-Jun-2026 19:18,687,Low Tide
23-Jun-2026 02:20,1161,High Tide
23-Jun-2026 06:35,1047,Low Tide
23-Jun-2026 12:37,1299,High Tide
23-Jun-2026 20:10,654,Low Tide
24-Jun-2026 03:53,1219,High Tide
24-Jun-2026 08:14,1120,Low Tide
24-Jun-2026 13:13,1229,High Tide
24-Jun-2026 21:03,625,Low Tide
25-Jun-2026 05:05,1286,High Tide
25-Jun-2026 10:32,1130,Low Tide
25-Jun-2026 13:56,1163,High Tide
25-Jun-2026 21:55,598,Low Tide
26-Jun-2026 05:57,1346,High Tide
26-Jun-2026 12:20,1091,Low Tide
26-Jun-2026 14:53,1109,High Tide
26-Jun-2026 22:44,570,Low Tide
27-Jun-2026 06:37,1391,High Tide
27-Jun-2026 13:13,1048,Low Tide
27-Jun-2026 15:58,1075,High Tide
27-Jun-2026 23:28,543,Low Tide
28-Jun-2026 07:13,1423,High Tide
28-Jun-2026 13:45,1012,Low Tide
28-Jun-2026 16:59,1063,High Tide
29-Jun-2026 00:08,522,Low Tide
29-Jun-2026 07:44,1444,High Tide
29-Jun-2026 14:10,984,Low Tide
29-Jun-2026 17:51,1066,High Tide
30-Jun-2026 00:44,511,Low Tide
30-Jun-2026 08:14,1456,High Tide
30-Jun-2026 14:34,960,Low Tide
30-Jun-2026 18:37,1080,High Tide
01-Jul-2026 01:18,514,Low Tide
01-Jul-2026 08:41,1461,High Tide
01-Jul-2026 14:59,936,Low Tide
01-Jul-2026 19:20,1098,High Tide
02-Jul-2026 01:51,534,Low Tide
02-Jul-2026 09:07,1461,High Tide
02-Jul-2026 15:25,910,Low Tide
02-Jul-2026 20:02,1115,High Tide
03-Jul-2026 02:22,573,Low Tide
03-Jul-2026 09:32,1456,High Tide
03-Jul-2026 15:53,877,Low Tide
03-Jul-2026 20:44,1126,High Tide
04-Jul-2026 02:53,629,Low Tide
04-Jul-2026 09:56,1446,High Tide
04-Jul-2026 16:23,835,Low Tide
04-Jul-2026 21:30,1128,High Tide
05-Jul-2026 03:25,704,Low Tide
05-Jul-2026 10:19,1428,High Tide
05-Jul-2026 16:56,784,Low Tide
05-Jul-2026 22:24,1124,High Tide
06-Jul-2026 03:58,795,Low Tide
06-Jul-2026 10:41,1402,High Tide
06-Jul-2026 17:31,725,Low Tide
06-Jul-2026 23:31,1122,High Tide
07-Jul-2026 04:35,899,Low Tide
07-Jul-2026 11:04,1366,High Tide
07-Jul-2026 18:11,662,Low Tide
08-Jul-2026 00:59,1136,High Tide
08-Jul-2026 05:21,1010,Low Tide
08-Jul-2026 11:27,1321,High Tide
08-Jul-2026 18:56,602,Low Tide
09-Jul-2026 02:43,1184,High Tide
09-Jul-2026 06:35,1116,Low Tide
09-Jul-2026 11:51,1271,High Tide
09-Jul-2026 19:49,549,Low Tide
10-Jul-2026 04:21,1264,High Tide
10-Jul-2026 08:52,1182,Low Tide
10-Jul-2026 12:17,1219,High Tide
10-Jul-2026 20:51,503,Low Tide
11-Jul-2026 05:33,1348,High Tide
11-Jul-2026 11:46,1166,Low Tide
11-Jul-2026 13:09,1169,High Tide
11-Jul-2026 21:59,461,Low Tide
12-Jul-2026 06:23,1417,High Tide
12-Jul-2026 12:48,1115,Low Tide
12-Jul-2026 15:08,1135,High Tide
12-Jul-2026 23:04,424,Low Tide
13-Jul-2026 07:06,1466,High Tide
13-Jul-2026 13:19,1058,Low Tide
13-Jul-2026 16:45,1138,High Tide
14-Jul-2026 00:01,403,Low Tide
14-Jul-2026 07:43,1496,High Tide
14-Jul-2026 13:51,992,Low Tide
14-Jul-2026 18:05,1165,High Tide
15-Jul-2026 00:52,410,Low Tide
15-Jul-2026 08:18,1512,High Tide
15-Jul-2026 14:25,916,Low Tide
15-Jul-2026 19:13,1195,High Tide
16-Jul-2026 01:38,452,Low Tide
16-Jul-2026 08:49,1516,High Tide
16-Jul-2026 15:02,834,Low Tide
16-Jul-2026 20:14,1215,High Tide
17-Jul-2026 02:20,527,Low Tide
17-Jul-2026 09:19,1509,High Tide
17-Jul-2026 15:39,754,Low Tide
17-Jul-2026 21:11,1217,High Tide
18-Jul-2026 02:59,626,Low Tide
18-Jul-2026 09:46,1489,High Tide
18-Jul-2026 16:18,685,Low Tide
18-Jul-2026 22:06,1205,High Tide
19-Jul-2026 03:37,737,Low Tide
19-Jul-2026 10:12,1453,High Tide
19-Jul-2026 16:57,634,Low Tide
19-Jul-2026 23:04,1185,High Tide
20-Jul-2026 04:15,847,Low Tide
20-Jul-2026 10:36,1400,High Tide
20-Jul-2026 17:36,606,Low Tide
21-Jul-2026 00:10,1165,High Tide
21-Jul-2026 04:55,950,Low Tide
21-Jul-2026 10:57,1333,High Tide
21-Jul-2026 18:17,598,Low Tide
22-Jul-2026 01:28,1157,High Tide
22-Jul-2026 05:42,1040,Low Tide
22-Jul-2026 11:13,1259,High Tide
22-Jul-2026 19:02,603,Low Tide
23-Jul-2026 03:04,1173,High Tide
23-Jul-2026 06:56,1113,Low Tide
23-Jul-2026 11:17,1189,High Tide
23-Jul-2026 19:56,612,Low Tide
24-Jul-2026 04:42,1215,High Tide
24-Jul-2026 21:02,614,Low Tide
25-Jul-2026 05:46,1267,High Tide
25-Jul-2026 22:11,599,Low Tide
26-Jul-2026 06:28,1314,High Tide
26-Jul-2026 23:09,572,Low Tide
27-Jul-2026 07:01,1355,High Tide
27-Jul-2026 13:49,975,Low Tide
27-Jul-2026 16:50,1012,High Tide
27-Jul-2026 23:55,546,Low Tide
28-Jul-2026 07:29,1389,High Tide
28-Jul-2026 13:57,939,Low Tide
28-Jul-2026 17:57,1042,High Tide
29-Jul-2026 00:33,531,Low Tide
29-Jul-2026 07:54,1415,High Tide
29-Jul-2026 14:13,899,Low Tide
29-Jul-2026 18:46,1081,High Tide
30-Jul-2026 01:08,533,Low Tide
30-Jul-2026 08:17,1433,High Tide
30-Jul-2026 14:32,854,Low Tide
30-Jul-2026 19:29,1120,High Tide
31-Jul-2026 01:39,556,Low Tide
31-Jul-2026 08:37,1441,High Tide
31-Jul-2026 14:54,802,Low Tide
31-Jul-2026 20:10,1154,High Tide
01-Aug-2026 02:10,599,Low Tide
01-Aug-2026 08:57,1440,High Tide
01-Aug-2026 15:17,742,Low Tide
01-Aug-2026 20:50,1179,High Tide
02-Aug-2026 02:39,661,Low Tide
02-Aug-2026 09:15,1429,High Tide
02-Aug-2026 15:43,677,Low Tide
02-Aug-2026 21:33,1192,High Tide
03-Aug-2026 03:10,740,Low Tide
03-Aug-2026 09:33,1407,High Tide
03-Aug-2026 16:11,614,Low Tide
03-Aug-2026 22:20,1194,High Tide
04-Aug-2026 03:41,829,Low Tide
04-Aug-2026 09:51,1375,High Tide
04-Aug-2026 16:43,560,Low Tide
04-Aug-2026 23:15,1186,High Tide
05-Aug-2026 04:15,924,Low Tide
05-Aug-2026 10:10,1334,High Tide
05-Aug-2026 17:19,523,Low Tide
06-Aug-2026 00:25,1174,High Tide
06-Aug-2026 04:54,1018,Low Tide
06-Aug-2026 10:27,1285,High Tide
06-Aug-2026 18:03,508,Low Tide
07-Aug-2026 02:01,1176,High Tide
07-Aug-2026 05:50,1107,Low Tide
07-Aug-2026 10:43,1233,High Tide
07-Aug-2026 19:00,513,Low Tide
08-Aug-2026 04:03,1215,High Tide
08-Aug-2026 08:16,1169,Low Tide
08-Aug-2026 10:36,1179,High Tide
08-Aug-2026 20:17,522,Low Tide
09-Aug-2026 05:29,1281,High Tide
09-Aug-2026 21:48,512,Low Tide
10-Aug-2026 06:15,1345,High Tide
10-Aug-2026 12:51,1040,Low Tide
10-Aug-2026 15:32,1071,High Tide
10-Aug-2026 23:04,485,Low Tide
11-Aug-2026 06:51,1397,High Tide
11-Aug-2026 13:06,959,Low Tide
11-Aug-2026 17:15,1110,High Tide
12-Aug-2026 00:01,470,Low Tide
12-Aug-2026 07:22,1435,High Tide
12-Aug-2026 13:32,866,Low Tide
12-Aug-2026 18:29,1169,High Tide
13-Aug-2026 00:48,485,Low Tide
13-Aug-2026 07:50,1459,High Tide
13-Aug-2026 14:01,766,Low Tide
13-Aug-2026 19:28,1222,High Tide
14-Aug-2026 01:29,533,Low Tide
14-Aug-2026 08:15,1467,High Tide
14-Aug-2026 14:32,670,Low Tide
14-Aug-2026 20:19,1257,High Tide
15-Aug-2026 02:07,606,Low Tide
15-Aug-2026 08:40,1457,High Tide
15-Aug-2026 15:04,591,Low Tide
15-Aug-2026 21:06,1270,High Tide
16-Aug-2026 02:42,691,Low Tide
16-Aug-2026 09:02,1428,High Tide
16-Aug-2026 15:35,537,Low Tide
16-Aug-2026 21:51,1261,High Tide
17-Aug-2026 03:16,776,Low Tide
17-Aug-2026 09:23,1382,High Tide
17-Aug-2026 16:07,512,Low Tide
17-Aug-2026 22:36,1236,High Tide
18-Aug-2026 03:50,857,Low Tide
18-Aug-2026 09:41,1322,High Tide
18-Aug-2026 16:39,514,Low Tide
18-Aug-2026 23:24,1197,High Tide
19-Aug-2026 04:24,930,Low Tide
19-Aug-2026 09:56,1257,High Tide
19-Aug-2026 17:14,537,Low Tide
20-Aug-2026 00:24,1154,High Tide
20-Aug-2026 05:01,997,Low Tide
20-Aug-2026 10:05,1193,High Tide
20-Aug-2026 17:54,574,Low Tide
21-Aug-2026 01:51,1124,High Tide
21-Aug-2026 05:50,1060,Low Tide
21-Aug-2026 10:03,1137,High Tide
21-Aug-2026 18:46,616,Low Tide
22-Aug-2026 04:01,1137,High Tide
22-Aug-2026 20:03,648,Low Tide
23-Aug-2026 05:27,1187,High Tide
23-Aug-2026 21:41,648,Low Tide
24-Aug-2026 06:05,1240,High Tide
24-Aug-2026 13:48,948,Low Tide
24-Aug-2026 15:26,952,High Tide
24-Aug-2026 22:53,622,Low Tide
25-Aug-2026 06:32,1288,High Tide
25-Aug-2026 13:12,907,Low Tide
25-Aug-2026 17:14,998,High Tide
25-Aug-2026 23:41,594,Low Tide
26-Aug-2026 06:55,1329,High Tide
26-Aug-2026 13:17,854,Low Tide
26-Aug-2026 18:09,1062,High Tide
27-Aug-2026 00:20,581,Low Tide
27-Aug-2026 07:16,1360,High Tide
27-Aug-2026 13:31,792,Low Tide
27-Aug-2026 18:52,1128,High Tide
28-Aug-2026 00:53,587,Low Tide
28-Aug-2026 07:35,1379,High Tide
28-Aug-2026 13:49,720,Low Tide
28-Aug-2026 19:31,1190,High Tide
29-Aug-2026 01:25,614,Low Tide
29-Aug-2026 07:52,1385,High Tide
29-Aug-2026 14:10,642,Low Tide
29-Aug-2026 20:09,1241,High Tide
30-Aug-2026 01:56,661,Low Tide
30-Aug-2026 08:10,1380,High Tide
30-Aug-2026 14:32,563,Low Tide
30-Aug-2026 20:46,1277,High Tide
31-Aug-2026 02:26,724,Low Tide
31-Aug-2026 08:27,1363,High Tide
31-Aug-2026 14:57,494,Low Tide
31-Aug-2026 21:25,1291,High Tide
01-Sep-2026 02:57,795,Low Tide
01-Sep-2026 08:46,1338,High Tide
01-Sep-2026 15:25,445,Low Tide
01-Sep-2026 22:06,1282,High Tide
02-Sep-2026 03:29,868,Low Tide
02-Sep-2026 09:05,1304,High Tide
02-Sep-2026 15:57,424,Low Tide
02-Sep-2026 22:53,1249,High Tide
03-Sep-2026 04:03,939,Low Tide
03-Sep-2026 09:25,1262,High Tide
03-Sep-2026 16:35,438,Low Tide
03-Sep-2026 23:54,1201,High Tide
04-Sep-2026 04:42,1008,Low Tide
04-Sep-2026 09:44,1213,High Tide
04-Sep-2026 17:21,481,Low Tide
05-Sep-2026 01:24,1160,High Tide
05-Sep-2026 05:39,1073,Low Tide
05-Sep-2026 09:59,1157,High Tide
05-Sep-2026 18:25,544,Low Tide
06-Sep-2026 03:34,1169,High Tide
06-Sep-2026 20:01,597,Low Tide
07-Sep-2026 05:01,1225,High Tide
07-Sep-2026 12:20,1001,Low Tide
07-Sep-2026 14:12,1009,High Tide
07-Sep-2026 21:51,602,Low Tide
08-Sep-2026 05:43,1284,High Tide
08-Sep-2026 12:11,910,Low Tide
08-Sep-2026 16:31,1057,High Tide
08-Sep-2026 23:06,585,Low Tide
09-Sep-2026 06:15,1333,High Tide
09-Sep-2026 12:33,805,Low Tide
09-Sep-2026 17:48,1143,High Tide
09-Sep-2026 23:58,583,Low Tide
10-Sep-2026 06:43,1366,High Tide
10-Sep-2026 12:58,695,Low Tide
10-Sep-2026 18:45,1228,High Tide
11-Sep-2026 00:41,607,Low Tide
11-Sep-2026 07:08,1381,High Tide
11-Sep-2026 13:26,593,Low Tide
11-Sep-2026 19:32,1294,High Tide
12-Sep-2026 01:19,651,Low Tide
12-Sep-2026 07:32,1376,High Tide
12-Sep-2026 13:53,508,Low Tide
12-Sep-2026 20:14,1335,High Tide
13-Sep-2026 01:54,704,Low Tide
13-Sep-2026 07:55,1353,High Tide
13-Sep-2026 14:21,452,Low Tide
13-Sep-2026 20:52,1348,High Tide
14-Sep-2026 02:28,759,Low Tide
14-Sep-2026 08:16,1315,High Tide
14-Sep-2026 14:48,426,Low Tide
14-Sep-2026 21:28,1333,High Tide
15-Sep-2026 03:00,810,Low Tide
15-Sep-2026 08:35,1268,High Tide
15-Sep-2026 15:16,429,Low Tide
15-Sep-2026 22:03,1297,High Tide
16-Sep-2026 03:32,858,Low Tide
16-Sep-2026 08:51,1216,High Tide
16-Sep-2026 15:44,457,Low Tide
16-Sep-2026 22:41,1244,High Tide
17-Sep-2026 04:04,905,Low Tide
17-Sep-2026 09:06,1165,High Tide
17-Sep-2026 16:14,502,Low Tide
17-Sep-2026 23:26,1182,High Tide
18-Sep-2026 04:38,953,Low Tide
18-Sep-2026 09:17,1117,High Tide
18-Sep-2026 16:49,561,Low Tide
19-Sep-2026 00:32,1126,High Tide
19-Sep-2026 05:25,1003,Low Tide
19-Sep-2026 09:22,1072,High Tide
19-Sep-2026 17:33,630,Low Tide
20-Sep-2026 02:21,1102,High Tide
20-Sep-2026 18:49,698,Low Tide
21-Sep-2026 04:15,1132,High Tide
21-Sep-2026 20:57,730,Low Tide
22-Sep-2026 05:05,1180,High Tide
22-Sep-2026 12:23,889,Low Tide
22-Sep-2026 16:19,946,High Tide
22-Sep-2026 22:27,716,Low Tide
23-Sep-2026 05:35,1226,High Tide
23-Sep-2026 12:12,826,Low Tide
23-Sep-2026 17:27,1034,High Tide
23-Sep-2026 23:20,696,Low Tide
24-Sep-2026 05:58,1263,High Tide
24-Sep-2026 12:23,748,Low Tide
24-Sep-2026 18:11,1129,High Tide
25-Sep-2026 00:01,689,Low Tide
25-Sep-2026 06:19,1288,High Tide
25-Sep-2026 12:40,660,Low Tide
25-Sep-2026 18:49,1221,High Tide
26-Sep-2026 00:37,699,Low Tide
26-Sep-2026 06:39,1301,High Tide
26-Sep-2026 13:00,564,Low Tide
26-Sep-2026 19:25,1303,High Tide
27-Sep-2026 01:11,725,Low Tide
27-Sep-2026 06:58,1302,High Tide
27-Sep-2026 13:23,471,Low Tide
27-Sep-2026 20:00,1366,High Tide
28-Sep-2026 01:45,765,Low Tide
28-Sep-2026 07:18,1293,High Tide
28-Sep-2026 13:48,394,Low Tide
28-Sep-2026 20:36,1400,High Tide
29-Sep-2026 02:18,812,Low Tide
29-Sep-2026 07:40,1278,High Tide
29-Sep-2026 14:16,344,Low Tide
29-Sep-2026 21:12,1402,High Tide
30-Sep-2026 02:51,859,Low Tide
30-Sep-2026 08:03,1256,High Tide
30-Sep-2026 14:47,332,Low Tide
30-Sep-2026 21:51,1369,High Tide
01-Oct-2026 03:25,904,Low Tide
01-Oct-2026 08:29,1227,High Tide
01-Oct-2026 15:21,362,Low Tide
01-Oct-2026 22:35,1310,High Tide
02-Oct-2026 04:02,948,Low Tide
02-Oct-2026 08:56,1187,High Tide
02-Oct-2026 16:02,429,Low Tide
02-Oct-2026 23:30,1239,High Tide
03-Oct-2026 04:51,989,Low Tide
03-Oct-2026 09:25,1135,High Tide
03-Oct-2026 16:52,524,Low Tide
04-Oct-2026 00:51,1182,High Tide
04-Oct-2026 06:21,1020,Low Tide
04-Oct-2026 09:56,1065,High Tide
04-Oct-2026 18:01,629,Low Tide
05-Oct-2026 02:36,1172,High Tide
05-Oct-2026 10:11,979,Low Tide
05-Oct-2026 12:26,983,High Tide
05-Oct-2026 19:51,713,Low Tide
06-Oct-2026 03:55,1205,High Tide
06-Oct-2026 10:52,877,Low Tide
06-Oct-2026 15:39,1021,High Tide
06-Oct-2026 21:46,739,Low Tide
07-Oct-2026 04:44,1246,High Tide
07-Oct-2026 11:22,765,Low Tide
07-Oct-2026 17:06,1126,High Tide
07-Oct-2026 22:59,741,Low Tide
08-Oct-2026 05:20,1277,High Tide
08-Oct-2026 11:50,652,Low Tide
08-Oct-2026 18:03,1235,High Tide
08-Oct-2026 23:51,748,Low Tide
09-Oct-2026 05:51,1290,High Tide
09-Oct-2026 12:19,549,Low Tide
09-Oct-2026 18:48,1326,High Tide
10-Oct-2026 00:34,765,Low Tide
10-Oct-2026 06:19,1286,High Tide
10-Oct-2026 12:46,466,Low Tide
10-Oct-2026 19:27,1391,High Tide
11-Oct-2026 01:12,786,Low Tide
11-Oct-2026 06:45,1266,High Tide
11-Oct-2026 13:13,410,Low Tide
11-Oct-2026 20:02,1424,High Tide
12-Oct-2026 01:47,807,Low Tide
12-Oct-2026 07:09,1236,High Tide
12-Oct-2026 13:39,383,Low Tide
12-Oct-2026 20:34,1427,High Tide
13-Oct-2026 02:20,828,Low Tide
13-Oct-2026 07:31,1201,High Tide
13-Oct-2026 14:05,382,Low Tide
13-Oct-2026 21:05,1404,High Tide
14-Oct-2026 02:51,848,Low Tide
14-Oct-2026 07:52,1165,High Tide
14-Oct-2026 14:32,404,Low Tide
14-Oct-2026 21:36,1363,High Tide
15-Oct-2026 03:22,872,Low Tide
15-Oct-2026 08:11,1130,High Tide
15-Oct-2026 14:59,445,Low Tide
15-Oct-2026 22:08,1309,High Tide
16-Oct-2026 03:55,900,Low Tide
16-Oct-2026 08:30,1098,High Tide
16-Oct-2026 15:28,503,Low Tide
16-Oct-2026 22:46,1251,High Tide
17-Oct-2026 04:33,932,Low Tide
17-Oct-2026 08:50,1064,High Tide
17-Oct-2026 15:59,576,Low Tide
17-Oct-2026 23:34,1196,High Tide
18-Oct-2026 05:30,963,Low Tide
18-Oct-2026 09:09,1025,High Tide
18-Oct-2026 16:36,661,Low Tide
19-Oct-2026 00:45,1157,High Tide
19-Oct-2026 07:27,972,Low Tide
19-Oct-2026 09:17,977,High Tide
19-Oct-2026 17:31,754,Low Tide
20-Oct-2026 02:11,1150,High Tide
20-Oct-2026 12:40,911,Low Tide
20-Oct-2026 12:54,911,High Tide
20-Oct-2026 19:35,834,Low Tide
21-Oct-2026 03:20,1168,High Tide
21-Oct-2026 10:43,843,Low Tide
21-Oct-2026 16:28,996,High Tide
21-Oct-2026 21:39,859,Low Tide
22-Oct-2026 04:05,1194,High Tide
22-Oct-2026 11:00,755,Low Tide
22-Oct-2026 17:23,1110,High Tide
22-Oct-2026 22:49,856,Low Tide
23-Oct-2026 04:39,1214,High Tide
23-Oct-2026 11:22,655,Low Tide
23-Oct-2026 18:03,1227,High Tide
23-Oct-2026 23:39,853,Low Tide
24-Oct-2026 05:07,1226,High Tide
24-Oct-2026 11:46,547,Low Tide
24-Oct-2026 18:39,1337,High Tide
25-Oct-2026 00:22,859,Low Tide
25-Oct-2026 05:34,1230,High Tide
25-Oct-2026 12:11,443,Low Tide
25-Oct-2026 19:14,1428,High Tide
26-Oct-2026 01:01,871,Low Tide
26-Oct-2026 06:01,1228,High Tide
26-Oct-2026 12:40,355,Low Tide
26-Oct-2026 19:49,1488,High Tide
27-Oct-2026 01:38,889,Low Tide
27-Oct-2026 06:29,1224,High Tide
27-Oct-2026 13:10,298,Low Tide
27-Oct-2026 20:24,1509,High Tide
28-Oct-2026 02:14,907,Low Tide
28-Oct-2026 07:00,1219,High Tide
28-Oct-2026 13:44,283,Low Tide
28-Oct-2026 21:01,1492,High Tide
29-Oct-2026 02:50,923,Low Tide
29-Oct-2026 07:34,1208,High Tide
29-Oct-2026 14:20,313,Low Tide
29-Oct-2026 21:39,1445,High Tide
30-Oct-2026 03:28,937,Low Tide
30-Oct-2026 08:11,1186,High Tide
30-Oct-2026 15:00,384,Low Tide
30-Oct-2026 22:23,1381,High Tide
31-Oct-2026 04:14,949,Low Tide
31-Oct-2026 08:53,1147,High Tide
31-Oct-2026 15:44,488,Low Tide
31-Oct-2026 23:14,1317,High Tide
01-Nov-2026 05:17,952,Low Tide
01-Nov-2026 09:46,1089,High Tide
01-Nov-2026 16:35,612,Low Tide
02-Nov-2026 00:17,1269,High Tide
02-Nov-2026 06:49,931,Low Tide
02-Nov-2026 11:19,1022,High Tide
02-Nov-2026 17:42,743,Low Tide
03-Nov-2026 01:27,1245,High Tide
03-Nov-2026 08:31,864,Low Tide
03-Nov-2026 14:05,1018,High Tide
03-Nov-2026 19:20,858,Low Tide
04-Nov-2026 02:33,1242,High Tide
04-Nov-2026 09:42,764,Low Tide
04-Nov-2026 16:04,1111,High Tide
04-Nov-2026 21:18,918,Low Tide
05-Nov-2026 03:28,1244,High Tide
05-Nov-2026 10:28,660,Low Tide
05-Nov-2026 17:14,1228,High Tide
05-Nov-2026 22:44,933,Low Tide
06-Nov-2026 04:13,1240,High Tide
06-Nov-2026 11:05,565,Low Tide
06-Nov-2026 18:02,1335,High Tide
06-Nov-2026 23:44,930,Low Tide
07-Nov-2026 04:53,1225,High Tide
07-Nov-2026 11:38,490,Low Tide
07-Nov-2026 18:42,1416,High Tide
08-Nov-2026 00:31,921,Low Tide
08-Nov-2026 05:28,1203,High Tide
08-Nov-2026 12:08,437,Low Tide
08-Nov-2026 19:17,1466,High Tide
09-Nov-2026 01:11,912,Low Tide
09-Nov-2026 06:00,1177,High Tide
09-Nov-2026 12:37,407,Low Tide
09-Nov-2026 19:49,1487,High Tide
10-Nov-2026 01:46,904,Low Tide
10-Nov-2026 06:29,1153,High Tide
10-Nov-2026 13:06,399,Low Tide
10-Nov-2026 20:19,1483,High Tide
11-Nov-2026 02:18,900,Low Tide
11-Nov-2026 06:56,1132,High Tide
11-Nov-2026 13:34,409,Low Tide
11-Nov-2026 20:48,1462,High Tide
12-Nov-2026 02:49,901,Low Tide
12-Nov-2026 07:21,1115,High Tide
12-Nov-2026 14:02,437,Low Tide
12-Nov-2026 21:18,1429,High Tide
13-Nov-2026 03:20,908,Low Tide
13-Nov-2026 07:47,1101,High Tide
13-Nov-2026 14:31,482,Low Tide
13-Nov-2026 21:48,1391,High Tide
14-Nov-2026 03:55,918,Low Tide
14-Nov-2026 08:16,1084,High Tide
14-Nov-2026 15:00,543,Low Tide
14-Nov-2026 22:21,1351,High Tide
15-Nov-2026 04:35,928,Low Tide
15-Nov-2026 08:48,1062,High Tide
15-Nov-2026 15:31,620,Low Tide
15-Nov-2026 22:58,1314,High Tide
16-Nov-2026 05:28,931,Low Tide
16-Nov-2026 09:29,1029,High Tide
16-Nov-2026 16:04,712,Low Tide
16-Nov-2026 23:41,1283,High Tide
17-Nov-2026 06:35,916,Low Tide
17-Nov-2026 10:34,989,High Tide
17-Nov-2026 16:45,815,Low Tide
18-Nov-2026 00:31,1258,High Tide
18-Nov-2026 07:49,872,Low Tide
18-Nov-2026 13:30,978,High Tide
18-Nov-2026 17:54,924,Low Tide
19-Nov-2026 01:23,1240,High Tide
19-Nov-2026 08:51,800,Low Tide
19-Nov-2026 16:03,1070,High Tide
19-Nov-2026 20:11,1011,Low Tide
20-Nov-2026 02:14,1226,High Tide
20-Nov-2026 09:38,706,Low Tide
20-Nov-2026 17:06,1195,High Tide
20-Nov-2026 22:05,1039,Low Tide
21-Nov-2026 03:00,1214,High Tide
21-Nov-2026 10:16,601,Low Tide
21-Nov-2026 17:49,1321,High Tide
21-Nov-2026 23:19,1038,Low Tide
22-Nov-2026 03:43,1203,High Tide
22-Nov-2026 10:53,495,Low Tide
22-Nov-2026 18:26,1432,High Tide
23-Nov-2026 00:13,1028,Low Tide
23-Nov-2026 04:25,1196,High Tide
23-Nov-2026 11:29,402,Low Tide
23-Nov-2026 19:03,1516,High Tide
24-Nov-2026 00:58,1016,Low Tide
24-Nov-2026 05:07,1196,High Tide
24-Nov-2026 12:07,334,Low Tide
24-Nov-2026 19:39,1564,High Tide
25-Nov-2026 01:38,1005,Low Tide
25-Nov-2026 05:51,1204,High Tide
25-Nov-2026 12:46,304,Low Tide
25-Nov-2026 20:16,1575,High Tide
26-Nov-2026 02:14,991,Low Tide
26-Nov-2026 06:37,1213,High Tide
26-Nov-2026 13:27,316,Low Tide
26-Nov-2026 20:54,1556,High Tide
27-Nov-2026 02:52,974,Low Tide
27-Nov-2026 07:25,1215,High Tide
27-Nov-2026 14:09,370,Low Tide
27-Nov-2026 21:32,1519,High Tide
28-Nov-2026 03:35,952,Low Tide
28-Nov-2026 08:18,1202,High Tide
28-Nov-2026 14:52,461,Low Tide
28-Nov-2026 22:12,1477,High Tide
29-Nov-2026 04:24,922,Low Tide
29-Nov-2026 09:16,1169,High Tide
29-Nov-2026 15:37,580,Low Tide
29-Nov-2026 22:53,1437,High Tide
30-Nov-2026 05:22,883,Low Tide
30-Nov-2026 10:26,1123,High Tide
30-Nov-2026 16:23,717,Low Tide
30-Nov-2026 23:36,1400,High Tide
01-Dec-2026 06:27,830,Low Tide
01-Dec-2026 12:04,1089,High Tide
01-Dec-2026 17:17,860,Low Tide
02-Dec-2026 00:21,1363,High Tide
02-Dec-2026 07:33,766,Low Tide
02-Dec-2026 14:07,1113,High Tide
02-Dec-2026 18:30,994,Low Tide
03-Dec-2026 01:09,1321,High Tide
03-Dec-2026 08:35,697,Low Tide
03-Dec-2026 15:55,1200,High Tide
03-Dec-2026 20:22,1087,Low Tide
04-Dec-2026 02:00,1274,High Tide
04-Dec-2026 09:30,630,Low Tide
04-Dec-2026 17:06,1302,High Tide
04-Dec-2026 22:23,1107,Low Tide
05-Dec-2026 02:53,1227,High Tide
05-Dec-2026 10:18,573,Low Tide
05-Dec-2026 17:55,1390,High Tide
05-Dec-2026 23:46,1082,Low Tide
06-Dec-2026 03:46,1185,High Tide
06-Dec-2026 11:00,529,Low Tide
06-Dec-2026 18:34,1453,High Tide
07-Dec-2026 00:40,1045,Low Tide
07-Dec-2026 04:36,1153,High Tide
07-Dec-2026 11:38,497,Low Tide
07-Dec-2026 19:08,1492,High Tide
08-Dec-2026 01:21,1012,Low Tide
08-Dec-2026 05:21,1133,High Tide
08-Dec-2026 12:13,479,Low Tide
08-Dec-2026 19:40,1511,High Tide
09-Dec-2026 01:53,987,Low Tide
09-Dec-2026 06:00,1124,High Tide
09-Dec-2026 12:46,473,Low Tide
09-Dec-2026 20:10,1514,High Tide
10-Dec-2026 02:22,968,Low Tide
10-Dec-2026 06:37,1123,High Tide
10-Dec-2026 13:17,481,Low Tide
10-Dec-2026 20:39,1508,High Tide
11-Dec-2026 02:50,954,Low Tide
11-Dec-2026 07:11,1126,High Tide
11-Dec-2026 13:48,505,Low Tide
11-Dec-2026 21:07,1496,High Tide
12-Dec-2026 03:20,943,Low Tide
12-Dec-2026 07:46,1130,High Tide
12-Dec-2026 14:18,547,Low Tide
12-Dec-2026 21:34,1481,High Tide
13-Dec-2026 03:51,931,Low Tide
13-Dec-2026 08:24,1129,High Tide
13-Dec-2026 14:47,606,Low Tide
13-Dec-2026 22:01,1463,High Tide
14-Dec-2026 04:25,914,Low Tide
14-Dec-2026 09:05,1121,High Tide
14-Dec-2026 15:17,682,Low Tide
14-Dec-2026 22:28,1443,High Tide
15-Dec-2026 05:04,889,Low Tide
15-Dec-2026 09:54,1104,High Tide
15-Dec-2026 15:48,773,Low Tide
15-Dec-2026 22:55,1419,High Tide
16-Dec-2026 05:46,854,Low Tide
16-Dec-2026 11:00,1085,High Tide
16-Dec-2026 16:22,878,Low Tide
16-Dec-2026 23:23,1389,High Tide
17-Dec-2026 06:33,805,Low Tide
17-Dec-2026 12:44,1086,High Tide
17-Dec-2026 17:04,993,Low Tide
17-Dec-2026 23:53,1352,High Tide
18-Dec-2026 07:23,743,Low Tide
18-Dec-2026 14:57,1147,High Tide
18-Dec-2026 18:19,1111,Low Tide
19-Dec-2026 00:26,1309,High Tide
19-Dec-2026 08:16,670,Low Tide
19-Dec-2026 16:38,1257,High Tide
19-Dec-2026 20:50,1191,Low Tide
20-Dec-2026 01:06,1264,High Tide
20-Dec-2026 09:10,592,Low Tide
20-Dec-2026 17:35,1373,High Tide
20-Dec-2026 23:06,1193,Low Tide
21-Dec-2026 02:02,1224,High Tide
21-Dec-2026 10:05,513,Low Tide
21-Dec-2026 18:18,1471,High Tide
22-Dec-2026 00:22,1161,Low Tide
22-Dec-2026 03:14,1201,High Tide
22-Dec-2026 10:58,445,Low Tide
22-Dec-2026 18:57,1544,High Tide
23-Dec-2026 01:06,1123,Low Tide
23-Dec-2026 04:26,1201,High Tide
23-Dec-2026 11:48,397,Low Tide
23-Dec-2026 19:35,1588,High Tide
24-Dec-2026 01:41,1083,Low Tide
24-Dec-2026 05:33,1221,High Tide
24-Dec-2026 12:36,381,Low Tide
24-Dec-2026 20:11,1606,High Tide
25-Dec-2026 02:15,1035,Low Tide
25-Dec-2026 06:37,1248,High Tide
25-Dec-2026 13:22,402,Low Tide
25-Dec-2026 20:46,1607,High Tide
26-Dec-2026 02:52,979,Low Tide
26-Dec-2026 07:37,1267,High Tide
26-Dec-2026 14:06,463,Low Tide
26-Dec-2026 21:20,1597,High Tide
27-Dec-2026 03:31,914,Low Tide
27-Dec-2026 08:36,1268,High Tide
27-Dec-2026 14:47,559,Low Tide
27-Dec-2026 21:52,1580,High Tide
28-Dec-2026 04:14,847,Low Tide
28-Dec-2026 09:36,1252,High Tide
28-Dec-2026 15:28,682,Low Tide
28-Dec-2026 22:23,1554,High Tide
29-Dec-2026 05:00,784,Low Tide
29-Dec-2026 10:41,1224,High Tide
29-Dec-2026 16:08,818,Low Tide
29-Dec-2026 22:52,1515,High Tide
30-Dec-2026 05:47,732,Low Tide
30-Dec-2026 11:56,1201,High Tide
30-Dec-2026 16:50,955,Low Tide
30-Dec-2026 23:21,1461,High Tide
31-Dec-2026 06:36,695,Low Tide
31-Dec-2026 13:30,1204,High Tide
31-Dec-2026 17:41,1080,Low Tide
31-Dec-2026 23:50,1392,High Tide
01-Jan-2027 07:28,674,Low Tide
01-Jan-2027 15:15,1246,High Tide
01-Jan-2027 19:00,1181,Low Tide
02-Jan-2027 00:17,1315,High Tide
02-Jan-2027 08:26,661,Low Tide
02-Jan-2027 16:48,1315,High Tide
02-Jan-2027 21:39,1221,Low Tide
03-Jan-2027 00:44,1238,High Tide
03-Jan-2027 09:27,647,Low Tide
03-Jan-2027 17:47,1383,High Tide
04-Jan-2027 00:54,1169,Low Tide
04-Jan-2027 01:49,1170,High Tide
04-Jan-2027 10:27,625,Low Tide
04-Jan-2027 18:29,1438,High Tide
05-Jan-2027 01:22,1113,Low Tide
05-Jan-2027 03:40,1128,High Tide
05-Jan-2027 11:17,599,Low Tide
05-Jan-2027 19:04,1480,High Tide
06-Jan-2027 01:42,1068,Low Tide
06-Jan-2027 04:57,1120,High Tide
06-Jan-2027 12:00,576,Low Tide
06-Jan-2027 19:35,1510,High Tide
07-Jan-2027 02:02,1032,Low Tide
07-Jan-2027 05:55,1132,High Tide
07-Jan-2027 12:37,562,Low Tide
07-Jan-2027 20:03,1532,High Tide
08-Jan-2027 02:22,1001,Low Tide
08-Jan-2027 06:41,1154,High Tide
08-Jan-2027 13:11,563,Low Tide
08-Jan-2027 20:28,1546,High Tide
09-Jan-2027 02:44,970,Low Tide
09-Jan-2027 07:21,1180,High Tide
09-Jan-2027 13:42,582,Low Tide
09-Jan-2027 20:52,1553,High Tide
10-Jan-2027 03:07,937,Low Tide
10-Jan-2027 07:59,1202,High Tide
10-Jan-2027 14:11,621,Low Tide
10-Jan-2027 21:13,1553,High Tide
11-Jan-2027 03:32,899,Low Tide
11-Jan-2027 08:37,1218,High Tide
11-Jan-2027 14:39,677,Low Tide
11-Jan-2027 21:34,1546,High Tide
12-Jan-2027 03:59,857,Low Tide
12-Jan-2027 09:17,1226,High Tide
12-Jan-2027 15:07,751,Low Tide
12-Jan-2027 21:53,1531,High Tide
13-Jan-2027 04:28,810,Low Tide
13-Jan-2027 10:01,1223,High Tide
13-Jan-2027 15:36,839,Low Tide
13-Jan-2027 22:13,1506,High Tide
14-Jan-2027 04:59,762,Low Tide
14-Jan-2027 10:54,1215,High Tide
14-Jan-2027 16:06,938,Low Tide
14-Jan-2027 22:32,1471,High Tide
15-Jan-2027 05:35,715,Low Tide
15-Jan-2027 12:04,1208,High Tide
15-Jan-2027 16:39,1046,Low Tide
15-Jan-2027 22:51,1427,High Tide
16-Jan-2027 06:16,674,Low Tide
16-Jan-2027 13:43,1222,High Tide
16-Jan-2027 17:22,1156,Low Tide
16-Jan-2027 23:09,1376,High Tide
17-Jan-2027 07:06,642,Low Tide
17-Jan-2027 15:51,1282,High Tide
17-Jan-2027 18:55,1260,Low Tide
17-Jan-2027 23:20,1324,High Tide
18-Jan-2027 08:11,614,Low Tide
18-Jan-2027 17:29,1374,High Tide
19-Jan-2027 09:28,581,Low Tide
19-Jan-2027 18:17,1461,High Tide
20-Jan-2027 10:42,537,Low Tide
20-Jan-2027 18:54,1530,High Tide
21-Jan-2027 01:16,1154,Low Tide
21-Jan-2027 04:18,1208,High Tide
21-Jan-2027 11:43,499,Low Tide
21-Jan-2027 19:28,1581,High Tide
22-Jan-2027 01:37,1083,Low Tide
22-Jan-2027 05:45,1250,High Tide
22-Jan-2027 12:34,486,Low Tide
22-Jan-2027 19:59,1616,High Tide
23-Jan-2027 02:06,998,Low Tide
23-Jan-2027 06:54,1302,High Tide
23-Jan-2027 13:19,513,Low Tide
23-Jan-2027 20:27,1635,High Tide
24-Jan-2027 02:38,902,Low Tide
24-Jan-2027 07:54,1343,High Tide
24-Jan-2027 14:00,578,Low Tide
24-Jan-2027 20:54,1640,High Tide
25-Jan-2027 03:12,807,Low Tide
25-Jan-2027 08:48,1363,High Tide
25-Jan-2027 14:39,674,Low Tide
25-Jan-2027 21:20,1629,High Tide
26-Jan-2027 03:47,725,Low Tide
26-Jan-2027 09:40,1362,High Tide
26-Jan-2027 15:15,786,Low Tide
26-Jan-2027 21:44,1600,High Tide
27-Jan-2027 04:24,667,Low Tide
27-Jan-2027 10:33,1341,High Tide
27-Jan-2027 15:51,900,Low Tide
27-Jan-2027 22:08,1551,High Tide
28-Jan-2027 05:01,641,Low Tide
28-Jan-2027 11:29,1309,High Tide
28-Jan-2027 16:27,1008,Low Tide
28-Jan-2027 22:29,1484,High Tide
29-Jan-2027 05:41,644,Low Tide
29-Jan-2027 12:37,1276,High Tide
29-Jan-2027 17:05,1103,Low Tide
29-Jan-2027 22:46,1407,High Tide
30-Jan-2027 06:24,669,Low Tide
30-Jan-2027 14:06,1258,High Tide
30-Jan-2027 17:53,1187,Low Tide
30-Jan-2027 22:53,1329,High Tide
31-Jan-2027 07:17,704,Low Tide
31-Jan-2027 16:10,1281,High Tide
31-Jan-2027 19:48,1250,Low Tide
31-Jan-2027 22:21,1263,High Tide
01-Feb-2027 08:29,730,Low Tide
01-Feb-2027 17:41,1338,High Tide
02-Feb-2027 09:55,727,Low Tide
02-Feb-2027 18:23,1396,High Tide
03-Feb-2027 11:03,700,Low Tide
03-Feb-2027 18:54,1448,High Tide
04-Feb-2027 01:45,1066,Low Tide
04-Feb-2027 05:05,1116,High Tide
04-Feb-2027 11:51,670,Low Tide
04-Feb-2027 19:20,1491,High Tide
05-Feb-2027 01:49,1021,Low Tide
05-Feb-2027 06:09,1158,High Tide
05-Feb-2027 12:30,651,Low Tide
05-Feb-2027 19:43,1525,High Tide
06-Feb-2027 02:02,973,Low Tide
06-Feb-2027 06:54,1208,High Tide
06-Feb-2027 13:03,649,Low Tide
06-Feb-2027 20:04,1549,High Tide
07-Feb-2027 02:19,921,Low Tide
07-Feb-2027 07:32,1255,High Tide
07-Feb-2027 13:33,667,Low Tide
07-Feb-2027 20:23,1562,High Tide
08-Feb-2027 02:38,864,Low Tide
08-Feb-2027 08:07,1297,High Tide
08-Feb-2027 14:02,705,Low Tide
08-Feb-2027 20:40,1565,High Tide
09-Feb-2027 02:59,803,Low Tide
09-Feb-2027 08:42,1328,High Tide
09-Feb-2027 14:30,760,Low Tide
09-Feb-2027 20:57,1557,High Tide
10-Feb-2027 03:22,741,Low Tide
10-Feb-2027 09:18,1347,High Tide
10-Feb-2027 14:57,828,Low Tide
10-Feb-2027 21:14,1538,High Tide
11-Feb-2027 03:47,685,Low Tide
11-Feb-2027 09:57,1350,High Tide
11-Feb-2027 15:25,906,Low Tide
11-Feb-2027 21:31,1509,High Tide
12-Feb-2027 04:15,640,Low Tide
12-Feb-2027 10:41,1338,High Tide
12-Feb-2027 15:54,990,Low Tide
12-Feb-2027 21:48,1470,High Tide
13-Feb-2027 04:47,614,Low Tide
13-Feb-2027 11:34,1311,High Tide
13-Feb-2027 16:25,1078,Low Tide
13-Feb-2027 22:05,1426,High Tide
14-Feb-2027 05:25,610,Low Tide
14-Feb-2027 12:50,1282,High Tide
14-Feb-2027 17:00,1168,Low Tide
14-Feb-2027 22:20,1377,High Tide
15-Feb-2027 06:15,629,Low Tide
15-Feb-2027 14:52,1281,High Tide
15-Feb-2027 17:54,1256,Low Tide
15-Feb-2027 22:24,1325,High Tide
16-Feb-2027 07:25,658,Low Tide
16-Feb-2027 17:17,1346,High Tide
17-Feb-2027 09:05,669,Low Tide
17-Feb-2027 18:03,1425,High Tide
18-Feb-2027 01:21,1174,Low Tide
18-Feb-2027 02:25,1176,High Tide
18-Feb-2027 10:37,643,Low Tide
18-Feb-2027 18:35,1493,High Tide
19-Feb-2027 00:56,1092,Low Tide
19-Feb-2027 04:51,1212,High Tide
19-Feb-2027 11:41,616,Low Tide
19-Feb-2027 19:03,1546,High Tide
20-Feb-2027 01:15,987,Low Tide
20-Feb-2027 06:11,1291,High Tide
20-Feb-2027 12:31,617,Low Tide
20-Feb-2027 19:29,1584,High Tide
21-Feb-2027 01:41,870,Low Tide
21-Feb-2027 07:12,1370,High Tide
21-Feb-2027 13:13,652,Low Tide
21-Feb-2027 19:54,1604,High Tide
22-Feb-2027 02:10,754,Low Tide
22-Feb-2027 08:03,1429,High Tide
22-Feb-2027 13:51,716,Low Tide
22-Feb-2027 20:18,1604,High Tide
23-Feb-2027 02:40,656,Low Tide
23-Feb-2027 08:49,1461,High Tide
23-Feb-2027 14:28,794,Low Tide
23-Feb-2027 20:41,1585,High Tide
24-Feb-2027 03:11,589,Low Tide
24-Feb-2027 09:32,1463,High Tide
24-Feb-2027 15:03,875,Low Tide
24-Feb-2027 21:04,1546,High Tide
25-Feb-2027 03:43,560,Low Tide
25-Feb-2027 10:14,1437,High Tide
25-Feb-2027 15:36,950,Low Tide
25-Feb-2027 21:25,1490,High Tide
26-Feb-2027 04:15,568,Low Tide
26-Feb-2027 10:57,1390,High Tide
26-Feb-2027 16:10,1019,Low Tide
26-Feb-2027 21:44,1423,High Tide
27-Feb-2027 04:49,605,Low Tide
27-Feb-2027 11:47,1330,High Tide
27-Feb-2027 16:44,1083,Low Tide
27-Feb-2027 21:58,1352,High Tide
28-Feb-2027 05:26,661,Low Tide
28-Feb-2027 12:54,1272,High Tide
28-Feb-2027 17:22,1146,Low Tide
28-Feb-2027 22:04,1286,High Tide
01-Mar-2027 06:12,725,Low Tide
01-Mar-2027 14:44,1245,High Tide
01-Mar-2027 18:37,1205,Low Tide
01-Mar-2027 21:44,1230,High Tide
02-Mar-2027 07:21,785,Low Tide
02-Mar-2027 17:00,1281,High Tide
03-Mar-2027 09:11,813,Low Tide
03-Mar-2027 17:50,1339,High Tide
04-Mar-2027 01:53,1064,Low Tide
04-Mar-2027 03:31,1068,High Tide
04-Mar-2027 10:41,794,Low Tide
04-Mar-2027 18:19,1392,High Tide
05-Mar-2027 01:06,1017,Low Tide
05-Mar-2027 05:25,1124,High Tide
05-Mar-2027 11:35,768,Low Tide
05-Mar-2027 18:43,1437,High Tide
06-Mar-2027 01:09,956,Low Tide
06-Mar-2027 06:18,1198,High Tide
06-Mar-2027 12:15,752,Low Tide
06-Mar-2027 19:03,1471,High Tide
07-Mar-2027 01:21,887,Low Tide
07-Mar-2027 06:57,1272,High Tide
07-Mar-2027 12:49,753,Low Tide
07-Mar-2027 19:22,1492,High Tide
08-Mar-2027 01:38,812,Low Tide
08-Mar-2027 07:32,1340,High Tide
08-Mar-2027 13:20,772,Low Tide
08-Mar-2027 19:39,1501,High Tide
09-Mar-2027 01:57,734,Low Tide
09-Mar-2027 08:05,1398,High Tide
09-Mar-2027 13:50,806,Low Tide
09-Mar-2027 19:56,1499,High Tide
10-Mar-2027 02:18,658,Low Tide
10-Mar-2027 08:38,1439,High Tide
10-Mar-2027 14:20,852,Low Tide
10-Mar-2027 20:13,1486,High Tide
11-Mar-2027 02:41,592,Low Tide
11-Mar-2027 09:12,1460,High Tide
11-Mar-2027 14:49,907,Low Tide
11-Mar-2027 20:32,1464,High Tide
12-Mar-2027 03:07,546,Low Tide
12-Mar-2027 09:47,1456,High Tide
12-Mar-2027 15:19,965,Low Tide
12-Mar-2027 20:51,1436,High Tide
13-Mar-2027 03:36,526,Low Tide
13-Mar-2027 10:27,1426,High Tide
13-Mar-2027 15:49,1026,Low Tide
13-Mar-2027 21:12,1401,High Tide
14-Mar-2027 04:09,537,Low Tide
14-Mar-2027 11:14,1375,High Tide
14-Mar-2027 16:23,1089,Low Tide
14-Mar-2027 21:33,1360,High Tide
15-Mar-2027 04:49,579,Low Tide
15-Mar-2027 12:20,1317,High Tide
15-Mar-2027 17:04,1154,Low Tide
15-Mar-2027 21:53,1311,High Tide
16-Mar-2027 05:41,645,Low Tide
16-Mar-2027 14:06,1284,High Tide
16-Mar-2027 18:31,1214,Low Tide
16-Mar-2027 22:02,1251,High Tide
17-Mar-2027 06:58,720,Low Tide
17-Mar-2027 16:11,1316,High Tide
18-Mar-2027 08:52,765,Low Tide
18-Mar-2027 17:11,1377,High Tide
18-Mar-2027 23:56,1067,Low Tide
19-Mar-2027 03:49,1156,High Tide
19-Mar-2027 10:30,763,Low Tide
19-Mar-2027 17:47,1432,High Tide
20-Mar-2027 00:13,951,Low Tide
20-Mar-2027 05:25,1250,High Tide
20-Mar-2027 11:33,759,Low Tide
20-Mar-2027 18:17,1474,High Tide
21-Mar-2027 00:38,824,Low Tide
21-Mar-2027 06:28,1356,High Tide
21-Mar-2027 12:22,774,Low Tide
21-Mar-2027 18:44,1497,High Tide
22-Mar-2027 01:05,701,Low Tide
22-Mar-2027 07:18,1447,High Tide
22-Mar-2027 13:04,807,Low Tide
22-Mar-2027 19:10,1502,High Tide
23-Mar-2027 01:34,596,Low Tide
23-Mar-2027 08:01,1509,High Tide
23-Mar-2027 13:43,849,Low Tide
23-Mar-2027 19:35,1489,High Tide
24-Mar-2027 02:03,524,Low Tide
24-Mar-2027 08:40,1536,High Tide
24-Mar-2027 14:19,892,Low Tide
24-Mar-2027 20:00,1459,High Tide
25-Mar-2027 02:32,491,Low Tide
25-Mar-2027 09:17,1528,High Tide
25-Mar-2027 14:53,931,Low Tide
25-Mar-2027 20:24,1417,High Tide
26-Mar-2027 03:02,494,Low Tide
26-Mar-2027 09:52,1491,High Tide
26-Mar-2027 15:26,967,Low Tide
26-Mar-2027 20:46,1366,High Tide
27-Mar-2027 03:32,527,Low Tide
27-Mar-2027 10:28,1434,High Tide
27-Mar-2027 16:00,1004,Low Tide
27-Mar-2027 21:07,1312,High Tide
28-Mar-2027 04:04,582,Low Tide
28-Mar-2027 11:09,1367,High Tide
28-Mar-2027 16:36,1045,Low Tide
28-Mar-2027 21:24,1257,High Tide
29-Mar-2027 04:38,652,Low Tide
29-Mar-2027 12:01,1301,High Tide
29-Mar-2027 17:20,1089,Low Tide
29-Mar-2027 21:37,1204,High Tide
30-Mar-2027 05:18,731,Low Tide
30-Mar-2027 13:19,1253,High Tide
30-Mar-2027 18:45,1127,Low Tide
30-Mar-2027 21:36,1151,High Tide
31-Mar-2027 06:15,813,Low Tide
31-Mar-2027 15:05,1248,High Tide
01-Apr-2027 08:03,879,Low Tide
01-Apr-2027 16:24,1280,High Tide
02-Apr-2027 00:10,1012,Low Tide
02-Apr-2027 04:08,1061,High Tide
02-Apr-2027 09:59,893,Low Tide
02-Apr-2027 17:07,1319,High Tide
02-Apr-2027 23:58,942,Low Tide
03-Apr-2027 05:28,1149,High Tide
03-Apr-2027 11:05,882,Low Tide
03-Apr-2027 17:37,1352,High Tide
04-Apr-2027 00:11,860,Low Tide
04-Apr-2027 06:13,1245,High Tide
04-Apr-2027 11:52,874,Low Tide
04-Apr-2027 18:01,1375,High Tide
05-Apr-2027 00:28,771,Low Tide
05-Apr-2027 06:50,1338,High Tide
05-Apr-2027 12:31,876,Low Tide
05-Apr-2027 18:23,1386,High Tide
06-Apr-2027 00:49,679,Low Tide
06-Apr-2027 07:23,1421,High Tide
06-Apr-2027 13:06,888,Low Tide
06-Apr-2027 18:44,1388,High Tide
07-Apr-2027 01:11,591,Low Tide
07-Apr-2027 07:55,1487,High Tide
07-Apr-2027 13:40,910,Low Tide
07-Apr-2027 19:05,1381,High Tide
08-Apr-2027 01:36,516,Low Tide
08-Apr-2027 08:28,1528,High Tide
08-Apr-2027 14:13,938,Low Tide
08-Apr-2027 19:28,1369,High Tide
09-Apr-2027 02:03,464,Low Tide
09-Apr-2027 09:01,1538,High Tide
09-Apr-2027 14:46,969,Low Tide
09-Apr-2027 19:53,1354,High Tide
10-Apr-2027 02:33,445,Low Tide
10-Apr-2027 09:37,1518,High Tide
10-Apr-2027 15:18,1002,Low Tide
10-Apr-2027 20:20,1335,High Tide
11-Apr-2027 03:06,461,Low Tide
11-Apr-2027 10:16,1470,High Tide
11-Apr-2027 15:54,1036,Low Tide
11-Apr-2027 20:49,1308,High Tide
12-Apr-2027 03:44,512,Low Tide
12-Apr-2027 11:03,1408,High Tide
12-Apr-2027 16:36,1070,Low Tide
12-Apr-2027 21:22,1268,High Tide
13-Apr-2027 04:29,592,Low Tide
13-Apr-2027 12:05,1347,High Tide
13-Apr-2027 17:40,1100,Low Tide
13-Apr-2027 22:00,1211,High Tide
14-Apr-2027 05:24,692,Low Tide
14-Apr-2027 13:26,1312,High Tide
14-Apr-2027 19:34,1097,Low Tide
14-Apr-2027 23:14,1137,High Tide
15-Apr-2027 06:43,796,Low Tide
15-Apr-2027 14:50,1316,High Tide
15-Apr-2027 21:47,1022,Low Tide
16-Apr-2027 02:27,1114,High Tide
16-Apr-2027 08:34,872,Low Tide
16-Apr-2027 15:53,1340,High Tide
16-Apr-2027 22:43,906,Low Tide
17-Apr-2027 04:27,1200,High Tide
17-Apr-2027 10:13,902,Low Tide
17-Apr-2027 16:39,1364,High Tide
17-Apr-2027 23:21,782,Low Tide
18-Apr-2027 05:38,1316,High Tide
18-Apr-2027 11:21,915,Low Tide
18-Apr-2027 17:16,1376,High Tide
18-Apr-2027 23:53,664,Low Tide
19-Apr-2027 06:30,1424,High Tide
19-Apr-2027 12:14,925,Low Tide
19-Apr-2027 17:50,1375,High Tide
20-Apr-2027 00:25,565,Low Tide
20-Apr-2027 07:14,1505,High Tide
20-Apr-2027 12:58,935,Low Tide
20-Apr-2027 18:22,1360,High Tide
21-Apr-2027 00:56,496,Low Tide
21-Apr-2027 07:51,1551,High Tide
21-Apr-2027 13:38,943,Low Tide
21-Apr-2027 18:53,1336,High Tide
22-Apr-2027 01:26,461,Low Tide
22-Apr-2027 08:26,1561,High Tide
22-Apr-2027 14:15,948,Low Tide
22-Apr-2027 19:22,1306,High Tide
23-Apr-2027 01:57,457,Low Tide
23-Apr-2027 08:59,1542,High Tide
23-Apr-2027 14:49,955,Low Tide
23-Apr-2027 19:50,1272,High Tide
24-Apr-2027 02:27,480,Low Tide
24-Apr-2027 09:32,1502,High Tide
24-Apr-2027 15:23,964,Low Tide
24-Apr-2027 20:16,1238,High Tide
25-Apr-2027 02:58,523,Low Tide
25-Apr-2027 10:06,1450,High Tide
25-Apr-2027 15:58,980,Low Tide
25-Apr-2027 20:41,1202,High Tide
26-Apr-2027 03:29,582,Low Tide
26-Apr-2027 10:43,1395,High Tide
26-Apr-2027 16:38,1000,Low Tide
26-Apr-2027 21:07,1165,High Tide
27-Apr-2027 04:02,655,Low Tide
27-Apr-2027 11:26,1342,High Tide
27-Apr-2027 17:30,1019,Low Tide
27-Apr-2027 21:35,1123,High Tide
28-Apr-2027 04:39,739,Low Tide
28-Apr-2027 12:19,1300,High Tide
28-Apr-2027 18:45,1025,Low Tide
28-Apr-2027 22:14,1074,High Tide
29-Apr-2027 05:26,832,Low Tide
29-Apr-2027 13:22,1274,High Tide
29-Apr-2027 20:27,997,Low Tide
30-Apr-2027 00:32,1027,High Tide
30-Apr-2027 06:45,924,Low Tide
30-Apr-2027 14:26,1267,High Tide
30-Apr-2027 21:48,933,Low Tide
01-May-2027 03:57,1079,High Tide
01-May-2027 08:48,985,Low Tide
01-May-2027 15:20,1270,High Tide
01-May-2027 22:29,850,Low Tide
02-May-2027 05:12,1181,High Tide
02-May-2027 10:21,1001,Low Tide
02-May-2027 16:02,1275,High Tide
02-May-2027 23:00,758,Low Tide
03-May-2027 05:57,1288,High Tide
03-May-2027 11:24,1000,Low Tide
03-May-2027 16:38,1276,High Tide
03-May-2027 23:28,660,Low Tide
04-May-2027 06:33,1390,High Tide
04-May-2027 12:13,996,Low Tide
04-May-2027 17:10,1273,High Tide
04-May-2027 23:56,565,Low Tide
05-May-2027 07:08,1477,High Tide
05-May-2027 12:55,994,Low Tide
05-May-2027 17:41,1269,High Tide
06-May-2027 00:26,483,Low Tide
06-May-2027 07:42,1539,High Tide
06-May-2027 13:34,996,Low Tide
06-May-2027 18:13,1265,High Tide
07-May-2027 00:58,423,Low Tide
07-May-2027 08:16,1569,High Tide
07-May-2027 14:11,1000,Low Tide
07-May-2027 18:47,1263,High Tide
08-May-2027 01:32,396,Low Tide
08-May-2027 08:52,1566,High Tide
08-May-2027 14:46,1004,Low Tide
08-May-2027 19:24,1262,High Tide
09-May-2027 02:09,406,Low Tide
09-May-2027 09:29,1536,High Tide
09-May-2027 15:24,1008,Low Tide
09-May-2027 20:04,1254,High Tide
10-May-2027 02:49,453,Low Tide
10-May-2027 10:10,1489,High Tide
10-May-2027 16:07,1009,Low Tide
10-May-2027 20:48,1233,High Tide
11-May-2027 03:32,532,Low Tide
11-May-2027 10:55,1439,High Tide
11-May-2027 17:00,1002,Low Tide
11-May-2027 21:42,1194,High Tide
12-May-2027 04:20,636,Low Tide
12-May-2027 11:46,1396,High Tide
12-May-2027 18:08,978,Low Tide
12-May-2027 22:56,1143,High Tide
13-May-2027 05:15,757,Low Tide
13-May-2027 12:42,1365,High Tide
13-May-2027 19:26,925,Low Tide
14-May-2027 00:53,1114,High Tide
14-May-2027 06:26,881,Low Tide
14-May-2027 13:38,1344,High Tide
14-May-2027 20:40,842,Low Tide
15-May-2027 03:00,1160,High Tide
15-May-2027 08:02,984,Low Tide
15-May-2027 14:32,1325,High Tide
15-May-2027 21:39,744,Low Tide
16-May-2027 04:32,1260,High Tide
16-May-2027 09:48,1036,Low Tide
16-May-2027 15:23,1304,High Tide
16-May-2027 22:27,648,Low Tide
17-May-2027 05:35,1367,High Tide
17-May-2027 11:10,1044,Low Tide
17-May-2027 16:10,1278,High Tide
17-May-2027 23:09,567,Low Tide
18-May-2027 06:23,1453,High Tide
18-May-2027 12:11,1031,Low Tide
18-May-2027 16:54,1250,High Tide
18-May-2027 23:47,509,Low Tide
19-May-2027 07:03,1510,High Tide
19-May-2027 12:59,1009,Low Tide
19-May-2027 17:36,1223,High Tide
20-May-2027 00:22,476,Low Tide
20-May-2027 07:39,1535,High Tide
20-May-2027 13:40,988,Low Tide
20-May-2027 18:15,1199,High Tide
21-May-2027 00:56,465,Low Tide
21-May-2027 08:13,1534,High Tide
21-May-2027 14:16,970,Low Tide
21-May-2027 18:52,1179,High Tide
22-May-2027 01:29,474,Low Tide
22-May-2027 08:46,1515,High Tide
22-May-2027 14:50,958,Low Tide
22-May-2027 19:26,1162,High Tide
23-May-2027 02:02,500,Low Tide
23-May-2027 09:17,1487,High Tide
23-May-2027 15:24,951,Low Tide
23-May-2027 19:58,1147,High Tide
24-May-2027 02:34,542,Low Tide
24-May-2027 09:49,1454,High Tide
24-May-2027 16:00,947,Low Tide
24-May-2027 20:32,1130,High Tide
25-May-2027 03:06,598,Low Tide
25-May-2027 10:22,1421,High Tide
25-May-2027 16:39,943,Low Tide
25-May-2027 21:09,1110,High Tide
26-May-2027 03:39,670,Low Tide
26-May-2027 10:55,1388,High Tide
26-May-2027 17:24,934,Low Tide
26-May-2027 21:55,1084,High Tide
27-May-2027 04:13,755,Low Tide
27-May-2027 11:31,1357,High Tide
27-May-2027 18:15,913,Low Tide
27-May-2027 23:00,1057,High Tide
28-May-2027 04:52,850,Low Tide
28-May-2027 12:08,1327,High Tide
28-May-2027 19:11,876,Low Tide
29-May-2027 00:56,1049,High Tide
29-May-2027 05:45,951,Low Tide
29-May-2027 12:48,1298,High Tide
29-May-2027 20:06,820,Low Tide
30-May-2027 03:12,1103,High Tide
30-May-2027 07:16,1044,Low Tide
30-May-2027 13:30,1269,High Tide
30-May-2027 20:57,748,Low Tide
31-May-2027 04:40,1200,High Tide
31-May-2027 09:18,1097,Low Tide
31-May-2027 14:14,1239,High Tide
31-May-2027 21:44,665,Low Tide
01-Jun-2027 05:33,1306,High Tide
01-Jun-2027 10:53,1104,Low Tide
01-Jun-2027 15:01,1212,High Tide
01-Jun-2027 22:26,578,Low Tide
02-Jun-2027 06:14,1404,High Tide
02-Jun-2027 12:01,1089,Low Tide
02-Jun-2027 15:49,1192,High Tide
02-Jun-2027 23:07,496,Low Tide
03-Jun-2027 06:52,1483,High Tide
03-Jun-2027 12:52,1068,Low Tide
03-Jun-2027 16:38,1183,High Tide
03-Jun-2027 23:49,431,Low Tide
04-Jun-2027 07:29,1535,High Tide
04-Jun-2027 13:34,1048,Low Tide
04-Jun-2027 17:28,1187,High Tide
05-Jun-2027 00:30,391,Low Tide
05-Jun-2027 08:07,1558,High Tide
05-Jun-2027 14:11,1027,Low Tide
05-Jun-2027 18:20,1199,High Tide
06-Jun-2027 01:13,383,Low Tide
06-Jun-2027 08:44,1555,High Tide
06-Jun-2027 14:48,1002,Low Tide
06-Jun-2027 19:13,1212,High Tide
07-Jun-2027 01:57,412,Low Tide
07-Jun-2027 09:22,1536,High Tide
07-Jun-2027 15:28,970,Low Tide
07-Jun-2027 20:08,1216,High Tide
08-Jun-2027 02:41,477,Low Tide
08-Jun-2027 10:00,1509,High Tide
08-Jun-2027 16:12,928,Low Tide
08-Jun-2027 21:07,1204,High Tide
09-Jun-2027 03:26,573,Low Tide
09-Jun-2027 10:37,1480,High Tide
09-Jun-2027 17:02,875,Low Tide
09-Jun-2027 22:13,1178,High Tide
10-Jun-2027 04:12,693,Low Tide
10-Jun-2027 11:15,1450,High Tide
10-Jun-2027 17:55,814,Low Tide
10-Jun-2027 23:33,1153,High Tide
11-Jun-2027 05:01,826,Low Tide
11-Jun-2027 11:53,1413,High Tide
11-Jun-2027 18:50,748,Low Tide
12-Jun-2027 01:10,1155,High Tide
12-Jun-2027 06:00,958,Low Tide
12-Jun-2027 12:32,1367,High Tide
12-Jun-2027 19:46,685,Low Tide
13-Jun-2027 02:53,1205,High Tide
13-Jun-2027 07:22,1067,Low Tide
13-Jun-2027 13:14,1310,High Tide
13-Jun-2027 20:42,629,Low Tide
14-Jun-2027 04:19,1283,High Tide
14-Jun-2027 09:14,1123,Low Tide
14-Jun-2027 14:03,1249,High Tide
14-Jun-2027 21:37,584,Low Tide
15-Jun-2027 05:23,1360,High Tide
15-Jun-2027 11:06,1113,Low Tide
15-Jun-2027 14:59,1191,High Tide
15-Jun-2027 22:29,548,Low Tide
16-Jun-2027 06:13,1419,High Tide
16-Jun-2027 12:23,1072,Low Tide
16-Jun-2027 16:00,1146,High Tide
16-Jun-2027 23:16,521,Low Tide
17-Jun-2027 06:54,1456,High Tide
17-Jun-2027 13:13,1028,Low Tide
17-Jun-2027 16:59,1118,High Tide
17-Jun-2027 23:59,505,Low Tide
18-Jun-2027 07:30,1475,High Tide
18-Jun-2027 13:50,991,Low Tide
18-Jun-2027 17:51,1104,High Tide
19-Jun-2027 00:38,499,Low Tide
19-Jun-2027 08:04,1480,High Tide
19-Jun-2027 14:22,961,Low Tide
19-Jun-2027 18:38,1102,High Tide
20-Jun-2027 01:13,506,Low Tide
20-Jun-2027 08:35,1477,High Tide
20-Jun-2027 14:51,937,Low Tide
20-Jun-2027 19:19,1104,High Tide
21-Jun-2027 01:47,527,Low Tide
21-Jun-2027 09:04,1468,High Tide
21-Jun-2027 15:21,915,Low Tide
21-Jun-2027 19:58,1108,High Tide
22-Jun-2027 02:18,564,Low Tide
22-Jun-2027 09:31,1456,High Tide
22-Jun-2027 15:51,891,Low Tide
22-Jun-2027 20:37,1110,High Tide
23-Jun-2027 02:49,618,Low Tide
23-Jun-2027 09:56,1439,High Tide
23-Jun-2027 16:22,864,Low Tide
23-Jun-2027 21:18,1107,High Tide
24-Jun-2027 03:20,687,Low Tide
24-Jun-2027 10:21,1419,High Tide
24-Jun-2027 16:56,832,Low Tide
24-Jun-2027 22:05,1099,High Tide
25-Jun-2027 03:51,769,Low Tide
25-Jun-2027 10:44,1393,High Tide
25-Jun-2027 17:32,794,Low Tide
25-Jun-2027 23:04,1090,High Tide
26-Jun-2027 04:24,861,Low Tide
26-Jun-2027 11:07,1362,High Tide
26-Jun-2027 18:10,749,Low Tide
27-Jun-2027 00:24,1090,High Tide
27-Jun-2027 05:03,960,Low Tide
27-Jun-2027 11:32,1323,High Tide
27-Jun-2027 18:52,700,Low Tide
28-Jun-2027 02:08,1122,High Tide
28-Jun-2027 05:59,1059,Low Tide
28-Jun-2027 11:57,1278,High Tide
28-Jun-2027 19:40,647,Low Tide
29-Jun-2027 03:53,1194,High Tide
29-Jun-2027 07:49,1143,Low Tide
29-Jun-2027 12:26,1230,High Tide
29-Jun-2027 20:33,591,Low Tide
30-Jun-2027 05:09,1285,High Tide
30-Jun-2027 10:25,1164,Low Tide
30-Jun-2027 13:06,1183,High Tide
30-Jun-2027 21:31,533,Low Tide
01-Jul-2027 06:00,1371,High Tide
01-Jul-2027 12:16,1133,Low Tide
01-Jul-2027 14:19,1145,High Tide
01-Jul-2027 22:30,475,Low Tide
02-Jul-2027 06:42,1442,High Tide
02-Jul-2027 13:02,1094,Low Tide
02-Jul-2027 15:47,1130,High Tide
02-Jul-2027 23:25,426,Low Tide
03-Jul-2027 07:21,1491,High Tide
03-Jul-2027 13:35,1052,Low Tide
03-Jul-2027 17:06,1143,High Tide
04-Jul-2027 00:17,398,Low Tide
04-Jul-2027 07:58,1520,High Tide
04-Jul-2027 14:06,1003,Low Tide
04-Jul-2027 18:16,1173,High Tide
05-Jul-2027 01:05,401,Low Tide
05-Jul-2027 08:32,1531,High Tide
05-Jul-2027 14:40,941,Low Tide
05-Jul-2027 19:21,1203,High Tide
06-Jul-2027 01:50,442,Low Tide
06-Jul-2027 09:04,1531,High Tide
06-Jul-2027 15:16,867,Low Tide
06-Jul-2027 20:22,1222,High Tide
07-Jul-2027 02:33,521,Low Tide
07-Jul-2027 09:35,1521,High Tide
07-Jul-2027 15:56,786,Low Tide
07-Jul-2027 21:22,1225,High Tide
08-Jul-2027 03:15,630,Low Tide
08-Jul-2027 10:04,1501,High Tide
08-Jul-2027 16:37,708,Low Tide
08-Jul-2027 22:24,1213,High Tide
09-Jul-2027 03:56,754,Low Tide
09-Jul-2027 10:32,1467,High Tide
09-Jul-2027 17:21,643,Low Tide
09-Jul-2027 23:33,1198,High Tide
10-Jul-2027 04:39,881,Low Tide
10-Jul-2027 11:00,1417,High Tide
10-Jul-2027 18:06,600,Low Tide
11-Jul-2027 00:52,1192,High Tide
11-Jul-2027 05:29,997,Low Tide
11-Jul-2027 11:29,1349,High Tide
11-Jul-2027 18:54,581,Low Tide
12-Jul-2027 02:22,1207,High Tide
12-Jul-2027 06:36,1091,Low Tide
12-Jul-2027 11:57,1270,High Tide
12-Jul-2027 19:48,579,Low Tide
13-Jul-2027 03:55,1245,High Tide
13-Jul-2027 08:30,1143,Low Tide
13-Jul-2027 12:25,1189,High Tide
13-Jul-2027 20:50,583,Low Tide
14-Jul-2027 05:11,1294,High Tide
14-Jul-2027 12:17,1112,Low Tide
14-Jul-2027 13:06,1112,High Tide
14-Jul-2027 21:57,578,Low Tide
15-Jul-2027 06:05,1340,High Tide
15-Jul-2027 13:09,1047,Low Tide
15-Jul-2027 15:13,1058,High Tide
15-Jul-2027 22:57,562,Low Tide
16-Jul-2027 06:47,1377,High Tide
16-Jul-2027 13:33,995,Low Tide
16-Jul-2027 16:45,1042,High Tide
16-Jul-2027 23:47,543,Low Tide
17-Jul-2027 07:21,1405,High Tide
17-Jul-2027 13:54,952,Low Tide
17-Jul-2027 17:52,1051,High Tide
18-Jul-2027 00:28,532,Low Tide
18-Jul-2027 07:51,1425,High Tide
18-Jul-2027 14:15,915,Low Tide
18-Jul-2027 18:43,1072,High Tide
19-Jul-2027 01:03,534,Low Tide
19-Jul-2027 08:18,1437,High Tide
19-Jul-2027 14:36,878,Low Tide
19-Jul-2027 19:25,1096,High Tide
20-Jul-2027 01:35,553,Low Tide
20-Jul-2027 08:41,1442,High Tide
20-Jul-2027 14:58,839,Low Tide
20-Jul-2027 20:03,1119,High Tide
21-Jul-2027 02:05,590,Low Tide
21-Jul-2027 09:02,1439,High Tide
21-Jul-2027 15:22,797,Low Tide
21-Jul-2027 20:40,1137,High Tide
22-Jul-2027 02:34,642,Low Tide
22-Jul-2027 09:21,1428,High Tide
22-Jul-2027 15:47,752,Low Tide
22-Jul-2027 21:18,1148,High Tide
23-Jul-2027 03:02,708,Low Tide
23-Jul-2027 09:38,1409,High Tide
23-Jul-2027 16:13,705,Low Tide
23-Jul-2027 21:59,1150,High Tide
24-Jul-2027 03:30,784,Low Tide
24-Jul-2027 09:56,1383,High Tide
24-Jul-2027 16:41,660,Low Tide
24-Jul-2027 22:46,1145,High Tide
25-Jul-2027 03:59,867,Low Tide
25-Jul-2027 10:13,1349,High Tide
25-Jul-2027 17:13,619,Low Tide
25-Jul-2027 23:45,1137,High Tide
26-Jul-2027 04:31,954,Low Tide
26-Jul-2027 10:31,1307,High Tide
26-Jul-2027 17:50,587,Low Tide
27-Jul-2027 01:06,1137,High Tide
27-Jul-2027 05:11,1044,Low Tide
27-Jul-2027 10:47,1260,High Tide
27-Jul-2027 18:35,564,Low Tide
28-Jul-2027 02:56,1166,High Tide
28-Jul-2027 06:20,1131,Low Tide
28-Jul-2027 10:59,1213,High Tide
28-Jul-2027 19:34,549,Low Tide
29-Jul-2027 04:52,1234,High Tide
29-Jul-2027 20:49,530,Low Tide
30-Jul-2027 05:53,1311,High Tide
30-Jul-2027 22:09,495,Low Tide
31-Jul-2027 06:33,1379,High Tide
31-Jul-2027 13:05,1056,Low Tide
31-Jul-2027 15:40,1085,High Tide
31-Jul-2027 23:16,456,Low Tide
01-Aug-2027 07:07,1433,High Tide
01-Aug-2027 13:20,988,Low Tide
01-Aug-2027 17:18,1123,High Tide
02-Aug-2027 00:11,436,Low Tide
02-Aug-2027 07:37,1470,High Tide
02-Aug-2027 13:45,903,Low Tide
02-Aug-2027 18:31,1180,High Tide
03-Aug-2027 00:58,452,Low Tide
03-Aug-2027 08:05,1492,High Tide
03-Aug-2027 14:15,803,Low Tide
03-Aug-2027 19:34,1233,High Tide
04-Aug-2027 01:40,507,Low Tide
04-Aug-2027 08:31,1500,High Tide
04-Aug-2027 14:48,698,Low Tide
04-Aug-2027 20:30,1268,High Tide
05-Aug-2027 02:20,595,Low Tide
05-Aug-2027 08:56,1492,High Tide
05-Aug-2027 15:22,603,Low Tide
05-Aug-2027 21:23,1281,High Tide
06-Aug-2027 02:59,699,Low Tide
06-Aug-2027 09:21,1466,High Tide
06-Aug-2027 15:59,534,Low Tide
06-Aug-2027 22:16,1272,High Tide
07-Aug-2027 03:37,806,Low Tide
07-Aug-2027 09:45,1422,High Tide
07-Aug-2027 16:36,500,Low Tide
07-Aug-2027 23:11,1244,High Tide
08-Aug-2027 04:16,903,Low Tide
08-Aug-2027 10:09,1358,High Tide
08-Aug-2027 17:16,502,Low Tide
09-Aug-2027 00:14,1206,High Tide
09-Aug-2027 04:59,987,Low Tide
09-Aug-2027 10:30,1282,High Tide
09-Aug-2027 18:00,533,Low Tide
10-Aug-2027 01:33,1175,High Tide
10-Aug-2027 05:53,1057,Low Tide
10-Aug-2027 10:45,1200,High Tide
10-Aug-2027 18:53,578,Low Tide
11-Aug-2027 03:16,1172,High Tide
11-Aug-2027 07:38,1106,Low Tide
11-Aug-2027 10:29,1125,High Tide
11-Aug-2027 20:03,618,Low Tide
12-Aug-2027 04:56,1207,High Tide
12-Aug-2027 21:31,631,Low Tide
13-Aug-2027 05:53,1255,High Tide
13-Aug-2027 13:33,975,Low Tide
13-Aug-2027 15:17,981,High Tide
13-Aug-2027 22:46,613,Low Tide
14-Aug-2027 06:30,1299,High Tide
14-Aug-2027 13:19,926,Low Tide
14-Aug-2027 17:06,1000,High Tide
14-Aug-2027 23:38,590,Low Tide
15-Aug-2027 06:59,1337,High Tide
15-Aug-2027 13:28,878,Low Tide
15-Aug-2027 18:07,1043,High Tide
16-Aug-2027 00:18,576,Low Tide
16-Aug-2027 07:24,1364,High Tide
16-Aug-2027 13:43,828,Low Tide
16-Aug-2027 18:51,1091,High Tide
17-Aug-2027 00:51,579,Low Tide
17-Aug-2027 07:45,1381,High Tide
17-Aug-2027 14:00,776,Low Tide
17-Aug-2027 19:28,1136,High Tide
18-Aug-2027 01:22,600,Low Tide
18-Aug-2027 08:03,1387,High Tide
18-Aug-2027 14:19,720,Low Tide
18-Aug-2027 20:02,1176,High Tide
19-Aug-2027 01:50,636,Low Tide
19-Aug-2027 08:20,1384,High Tide
19-Aug-2027 14:39,663,Low Tide
19-Aug-2027 20:34,1206,High Tide
20-Aug-2027 02:18,684,Low Tide
20-Aug-2027 08:36,1371,High Tide
20-Aug-2027 15:01,607,Low Tide
20-Aug-2027 21:08,1223,High Tide
21-Aug-2027 02:45,742,Low Tide
21-Aug-2027 08:51,1351,High Tide
21-Aug-2027 15:24,558,Low Tide
21-Aug-2027 21:43,1227,High Tide
22-Aug-2027 03:12,806,Low Tide
22-Aug-2027 09:08,1323,High Tide
22-Aug-2027 15:50,521,Low Tide
22-Aug-2027 22:22,1215,High Tide
23-Aug-2027 03:41,874,Low Tide
23-Aug-2027 09:24,1288,High Tide
23-Aug-2027 16:20,501,Low Tide
23-Aug-2027 23:10,1188,High Tide
24-Aug-2027 04:11,945,Low Tide
24-Aug-2027 09:41,1249,High Tide
24-Aug-2027 16:56,501,Low Tide
25-Aug-2027 00:16,1155,High Tide
25-Aug-2027 04:46,1018,Low Tide
25-Aug-2027 09:57,1207,High Tide
25-Aug-2027 17:42,520,Low Tide
26-Aug-2027 02:02,1139,High Tide
26-Aug-2027 05:41,1093,Low Tide
26-Aug-2027 10:04,1163,High Tide
26-Aug-2027 18:48,552,Low Tide
27-Aug-2027 04:24,1181,High Tide
27-Aug-2027 20:23,573,Low Tide
28-Aug-2027 05:28,1252,High Tide
28-Aug-2027 22:02,556,Low Tide
29-Aug-2027 06:03,1316,High Tide
29-Aug-2027 12:28,955,Low Tide
29-Aug-2027 16:21,1064,High Tide
29-Aug-2027 23:11,531,Low Tide
30-Aug-2027 06:32,1368,High Tide
30-Aug-2027 12:45,853,Low Tide
30-Aug-2027 17:44,1147,High Tide
31-Aug-2027 00:03,529,Low Tide
31-Aug-2027 06:58,1403,High Tide
31-Aug-2027 13:10,734,Low Tide
31-Aug-2027 18:47,1234,High Tide
01-Sep-2027 00:48,560,Low Tide
01-Sep-2027 07:23,1422,High Tide
01-Sep-2027 13:39,613,Low Tide
01-Sep-2027 19:40,1306,High Tide
02-Sep-2027 01:28,619,Low Tide
02-Sep-2027 07:47,1424,High Tide
02-Sep-2027 14:10,506,Low Tide
02-Sep-2027 20:28,1350,High Tide
03-Sep-2027 02:07,693,Low Tide
03-Sep-2027 08:11,1408,High Tide
03-Sep-2027 14:42,432,Low Tide
03-Sep-2027 21:12,1360,High Tide
04-Sep-2027 02:44,768,Low Tide
04-Sep-2027 08:36,1373,High Tide
04-Sep-2027 15:15,401,Low Tide
04-Sep-2027 21:55,1336,High Tide
05-Sep-2027 03:21,836,Low Tide
05-Sep-2027 09:00,1321,High Tide
05-Sep-2027 15:49,412,Low Tide
05-Sep-2027 22:40,1287,High Tide
06-Sep-2027 03:58,895,Low Tide
06-Sep-2027 09:22,1256,High Tide
06-Sep-2027 16:25,458,Low Tide
06-Sep-2027 23:29,1222,High Tide
07-Sep-2027 04:37,948,Low Tide
07-Sep-2027 09:42,1184,High Tide
07-Sep-2027 17:05,525,Low Tide
08-Sep-2027 00:34,1158,High Tide
08-Sep-2027 05:26,998,Low Tide
08-Sep-2027 09:52,1113,High Tide
08-Sep-2027 17:54,602,Low Tide
09-Sep-2027 02:11,1121,High Tide
09-Sep-2027 07:08,1038,Low Tide
09-Sep-2027 09:31,1050,High Tide
09-Sep-2027 19:05,671,Low Tide
10-Sep-2027 04:07,1138,High Tide
10-Sep-2027 20:56,705,Low Tide
11-Sep-2027 05:11,1183,High Tide
11-Sep-2027 12:40,901,Low Tide
11-Sep-2027 16:08,944,High Tide
11-Sep-2027 22:27,695,Low Tide
12-Sep-2027 05:47,1227,High Tide
12-Sep-2027 12:31,845,Low Tide
12-Sep-2027 17:26,1010,High Tide
12-Sep-2027 23:22,675,Low Tide
13-Sep-2027 06:14,1263,High Tide
13-Sep-2027 12:40,784,Low Tide
13-Sep-2027 18:12,1084,High Tide
14-Sep-2027 00:02,665,Low Tide
14-Sep-2027 06:36,1288,High Tide
14-Sep-2027 12:55,718,Low Tide
14-Sep-2027 18:49,1156,High Tide
15-Sep-2027 00:36,669,Low Tide
15-Sep-2027 06:55,1301,High Tide
15-Sep-2027 13:12,649,Low Tide
15-Sep-2027 19:22,1219,High Tide
16-Sep-2027 01:07,687,Low Tide
16-Sep-2027 07:13,1304,High Tide
16-Sep-2027 13:32,580,Low Tide
16-Sep-2027 19:52,1272,High Tide
17-Sep-2027 01:36,716,Low Tide
17-Sep-2027 07:30,1298,High Tide
17-Sep-2027 13:52,516,Low Tide
17-Sep-2027 20:22,1308,High Tide
18-Sep-2027 02:05,753,Low Tide
18-Sep-2027 07:47,1284,High Tide
18-Sep-2027 14:14,462,Low Tide
18-Sep-2027 20:53,1326,High Tide
19-Sep-2027 02:34,795,Low Tide
19-Sep-2027 08:05,1264,High Tide
19-Sep-2027 14:39,425,Low Tide
19-Sep-2027 21:25,1321,High Tide
20-Sep-2027 03:02,841,Low Tide
20-Sep-2027 08:24,1239,High Tide
20-Sep-2027 15:06,412,Low Tide
20-Sep-2027 22:01,1294,High Tide
21-Sep-2027 03:32,890,Low Tide
21-Sep-2027 08:45,1210,High Tide
21-Sep-2027 15:38,426,Low Tide
21-Sep-2027 22:44,1247,High Tide
22-Sep-2027 04:05,942,Low Tide
22-Sep-2027 09:06,1177,High Tide
22-Sep-2027 16:15,467,Low Tide
22-Sep-2027 23:43,1190,High Tide
23-Sep-2027 04:47,998,Low Tide
23-Sep-2027 09:27,1137,High Tide
23-Sep-2027 17:04,531,Low Tide
24-Sep-2027 01:16,1150,High Tide
24-Sep-2027 06:12,1048,Low Tide
24-Sep-2027 09:42,1086,High Tide
24-Sep-2027 18:15,607,Low Tide
25-Sep-2027 03:13,1164,High Tide
25-Sep-2027 20:05,665,Low Tide
26-Sep-2027 04:25,1214,High Tide
26-Sep-2027 11:16,923,Low Tide
26-Sep-2027 15:21,1013,High Tide
26-Sep-2027 21:53,676,Low Tide
27-Sep-2027 05:06,1264,High Tide
27-Sep-2027 11:35,810,Low Tide
27-Sep-2027 16:57,1115,High Tide
27-Sep-2027 23:03,675,Low Tide
28-Sep-2027 05:38,1301,High Tide
28-Sep-2027 12:01,682,Low Tide
28-Sep-2027 18:01,1231,High Tide
28-Sep-2027 23:55,688,Low Tide
29-Sep-2027 06:06,1324,High Tide
29-Sep-2027 12:30,554,Low Tide
29-Sep-2027 18:52,1335,High Tide
30-Sep-2027 00:39,718,Low Tide
30-Sep-2027 06:33,1330,High Tide
30-Sep-2027 13:00,443,Low Tide
30-Sep-2027 19:37,1408,High Tide
01-Oct-2027 01:20,756,Low Tide
01-Oct-2027 07:00,1320,High Tide
01-Oct-2027 13:30,367,Low Tide
01-Oct-2027 20:17,1442,High Tide
02-Oct-2027 01:58,793,Low Tide
02-Oct-2027 07:27,1296,High Tide
02-Oct-2027 14:02,334,Low Tide
02-Oct-2027 20:55,1436,High Tide
03-Oct-2027 02:34,826,Low Tide
03-Oct-2027 07:55,1258,High Tide
03-Oct-2027 14:34,344,Low Tide
03-Oct-2027 21:31,1397,High Tide
04-Oct-2027 03:10,854,Low Tide
04-Oct-2027 08:21,1211,High Tide
04-Oct-2027 15:06,390,Low Tide
04-Oct-2027 22:09,1336,High Tide
05-Oct-2027 03:47,881,Low Tide
05-Oct-2027 08:46,1156,High Tide
05-Oct-2027 15:39,460,Low Tide
05-Oct-2027 22:49,1265,High Tide
06-Oct-2027 04:27,912,Low Tide
06-Oct-2027 09:08,1098,High Tide
06-Oct-2027 16:15,545,Low Tide
06-Oct-2027 23:40,1196,High Tide
07-Oct-2027 05:21,946,Low Tide
07-Oct-2027 09:25,1039,High Tide
07-Oct-2027 16:56,637,Low Tide
08-Oct-2027 00:52,1145,High Tide
08-Oct-2027 07:01,966,Low Tide
08-Oct-2027 09:28,981,High Tide
08-Oct-2027 17:54,730,Low Tide
09-Oct-2027 02:25,1130,High Tide
09-Oct-2027 19:47,803,Low Tide
10-Oct-2027 03:42,1148,High Tide
10-Oct-2027 11:15,849,Low Tide
10-Oct-2027 16:30,969,High Tide
10-Oct-2027 21:47,822,Low Tide
11-Oct-2027 04:30,1175,High Tide
11-Oct-2027 11:23,778,Low Tide
11-Oct-2027 17:27,1065,High Tide
11-Oct-2027 22:55,814,Low Tide
12-Oct-2027 05:03,1199,High Tide
12-Oct-2027 11:40,701,Low Tide
12-Oct-2027 18:06,1161,High Tide
12-Oct-2027 23:41,807,Low Tide
13-Oct-2027 05:30,1215,High Tide
13-Oct-2027 12:00,621,Low Tide
13-Oct-2027 18:39,1249,High Tide
14-Oct-2027 00:19,806,Low Tide
14-Oct-2027 05:53,1222,High Tide
14-Oct-2027 12:22,541,Low Tide
14-Oct-2027 19:09,1326,High Tide
15-Oct-2027 00:53,812,Low Tide
15-Oct-2027 06:14,1221,High Tide
15-Oct-2027 12:44,467,Low Tide
15-Oct-2027 19:38,1385,High Tide
16-Oct-2027 01:26,825,Low Tide
16-Oct-2027 06:37,1215,High Tide
16-Oct-2027 13:08,405,Low Tide
16-Oct-2027 20:08,1422,High Tide
17-Oct-2027 01:58,842,Low Tide
17-Oct-2027 07:00,1205,High Tide
17-Oct-2027 13:34,365,Low Tide
17-Oct-2027 20:39,1432,High Tide
18-Oct-2027 02:29,864,Low Tide
18-Oct-2027 07:25,1194,High Tide
18-Oct-2027 14:03,351,Low Tide
18-Oct-2027 21:11,1416,High Tide
19-Oct-2027 03:00,890,Low Tide
19-Oct-2027 07:52,1180,High Tide
19-Oct-2027 14:35,369,Low Tide
19-Oct-2027 21:48,1376,High Tide
20-Oct-2027 03:34,918,Low Tide
20-Oct-2027 08:21,1160,High Tide
20-Oct-2027 15:10,418,Low Tide
20-Oct-2027 22:30,1320,High Tide
21-Oct-2027 04:16,948,Low Tide
21-Oct-2027 08:54,1130,High Tide
21-Oct-2027 15:52,496,Low Tide
21-Oct-2027 23:24,1264,High Tide
22-Oct-2027 05:15,972,Low Tide
22-Oct-2027 09:34,1084,High Tide
22-Oct-2027 16:42,596,Low Tide
23-Oct-2027 00:35,1223,High Tide
23-Oct-2027 06:57,969,Low Tide
23-Oct-2027 10:44,1020,High Tide
23-Oct-2027 17:52,707,Low Tide
24-Oct-2027 01:55,1214,High Tide
24-Oct-2027 08:55,904,Low Tide
24-Oct-2027 13:52,999,High Tide
24-Oct-2027 19:39,805,Low Tide
25-Oct-2027 03:01,1227,High Tide
25-Oct-2027 10:00,795,Low Tide
25-Oct-2027 15:59,1093,High Tide
25-Oct-2027 21:32,854,Low Tide
26-Oct-2027 03:51,1244,High Tide
26-Oct-2027 10:41,670,Low Tide
26-Oct-2027 17:12,1222,High Tide
26-Oct-2027 22:50,870,Low Tide
27-Oct-2027 04:32,1254,High Tide
27-Oct-2027 11:16,548,Low Tide
27-Oct-2027 18:05,1344,High Tide
27-Oct-2027 23:48,877,Low Tide
28-Oct-2027 05:09,1254,High Tide
28-Oct-2027 11:50,444,Low Tide
28-Oct-2027 18:49,1438,High Tide
29-Oct-2027 00:35,881,Low Tide
29-Oct-2027 05:44,1244,High Tide
29-Oct-2027 12:23,370,Low Tide
29-Oct-2027 19:28,1494,High Tide
30-Oct-2027 01:17,881,Low Tide
30-Oct-2027 06:18,1226,High Tide
30-Oct-2027 12:56,335,Low Tide
30-Oct-2027 20:04,1509,High Tide
31-Oct-2027 01:55,879,Low Tide
31-Oct-2027 06:51,1202,High Tide
31-Oct-2027 13:29,337,Low Tide
31-Oct-2027 20:38,1491,High Tide
01-Nov-2027 02:31,877,Low Tide
01-Nov-2027 07:24,1173,High Tide
01-Nov-2027 14:01,370,Low Tide
01-Nov-2027 21:11,1450,High Tide
02-Nov-2027 03:06,879,Low Tide
02-Nov-2027 07:55,1139,High Tide
02-Nov-2027 14:34,427,Low Tide
02-Nov-2027 21:45,1398,High Tide
03-Nov-2027 03:44,886,Low Tide
03-Nov-2027 08:25,1102,High Tide
03-Nov-2027 15:06,501,Low Tide
03-Nov-2027 22:21,1342,High Tide
04-Nov-2027 04:27,898,Low Tide
04-Nov-2027 08:55,1061,High Tide
04-Nov-2027 15:38,587,Low Tide
04-Nov-2027 23:00,1290,High Tide
05-Nov-2027 05:20,909,Low Tide
05-Nov-2027 09:29,1016,High Tide
05-Nov-2027 16:13,684,Low Tide
05-Nov-2027 23:47,1246,High Tide
06-Nov-2027 06:32,906,Low Tide
06-Nov-2027 10:21,967,High Tide
06-Nov-2027 16:54,788,Low Tide
07-Nov-2027 00:42,1213,High Tide
07-Nov-2027 08:00,876,Low Tide
07-Nov-2027 13:36,943,High Tide
07-Nov-2027 18:06,893,Low Tide
08-Nov-2027 01:43,1193,High Tide
08-Nov-2027 09:13,817,Low Tide
08-Nov-2027 16:17,1026,High Tide
08-Nov-2027 20:23,968,Low Tide
09-Nov-2027 02:39,1185,High Tide
09-Nov-2027 09:59,742,Low Tide
09-Nov-2027 17:15,1135,High Tide
09-Nov-2027 22:10,986,Low Tide
10-Nov-2027 03:25,1181,High Tide
10-Nov-2027 10:33,659,Low Tide
10-Nov-2027 17:52,1241,High Tide
10-Nov-2027 23:16,978,Low Tide
11-Nov-2027 04:04,1178,High Tide
11-Nov-2027 11:04,573,Low Tide
11-Nov-2027 18:23,1337,High Tide
12-Nov-2027 00:04,965,Low Tide
12-Nov-2027 04:39,1175,High Tide
12-Nov-2027 11:33,492,Low Tide
12-Nov-2027 18:54,1418,High Tide
13-Nov-2027 00:45,953,Low Tide
13-Nov-2027 05:13,1171,High Tide
13-Nov-2027 12:03,422,Low Tide
13-Nov-2027 19:25,1479,High Tide
14-Nov-2027 01:22,945,Low Tide
14-Nov-2027 05:47,1170,High Tide
14-Nov-2027 12:34,370,Low Tide
14-Nov-2027 19:56,1512,High Tide
15-Nov-2027 01:56,941,Low Tide
15-Nov-2027 06:22,1173,High Tide
15-Nov-2027 13:07,346,Low Tide
15-Nov-2027 20:29,1518,High Tide
16-Nov-2027 02:29,941,Low Tide
16-Nov-2027 06:59,1177,High Tide
16-Nov-2027 13:42,353,Low Tide
16-Nov-2027 21:04,1499,High Tide
17-Nov-2027 03:04,943,Low Tide
17-Nov-2027 07:38,1178,High Tide
17-Nov-2027 14:19,395,Low Tide
17-Nov-2027 21:41,1464,High Tide
18-Nov-2027 03:43,942,Low Tide
18-Nov-2027 08:22,1166,High Tide
18-Nov-2027 14:59,468,Low Tide
18-Nov-2027 22:21,1423,High Tide
19-Nov-2027 04:31,935,Low Tide
19-Nov-2027 09:12,1138,High Tide
19-Nov-2027 15:43,570,Low Tide
19-Nov-2027 23:05,1383,High Tide
20-Nov-2027 05:31,912,Low Tide
20-Nov-2027 10:19,1095,High Tide
20-Nov-2027 16:31,695,Low Tide
20-Nov-2027 23:53,1350,High Tide
21-Nov-2027 06:42,863,Low Tide
21-Nov-2027 12:04,1061,High Tide
21-Nov-2027 17:31,832,Low Tide
22-Nov-2027 00:44,1321,High Tide
22-Nov-2027 07:53,787,Low Tide
22-Nov-2027 14:19,1096,High Tide
22-Nov-2027 18:57,962,Low Tide
23-Nov-2027 01:37,1294,High Tide
23-Nov-2027 08:56,692,Low Tide
23-Nov-2027 16:04,1203,High Tide
23-Nov-2027 20:55,1043,Low Tide
24-Nov-2027 02:30,1266,High Tide
24-Nov-2027 09:49,595,Low Tide
24-Nov-2027 17:12,1323,High Tide
24-Nov-2027 22:38,1060,Low Tide
25-Nov-2027 03:22,1237,High Tide
25-Nov-2027 10:35,510,Low Tide
25-Nov-2027 18:01,1424,High Tide
25-Nov-2027 23:49,1041,Low Tide
26-Nov-2027 04:13,1210,High Tide
26-Nov-2027 11:17,448,Low Tide
26-Nov-2027 18:42,1494,High Tide
27-Nov-2027 00:41,1010,Low Tide
27-Nov-2027 05:01,1188,High Tide
27-Nov-2027 11:56,412,Low Tide
27-Nov-2027 19:20,1529,High Tide
28-Nov-2027 01:23,978,Low Tide
28-Nov-2027 05:47,1171,High Tide
28-Nov-2027 12:34,402,Low Tide
28-Nov-2027 19:54,1536,High Tide
29-Nov-2027 01:59,950,Low Tide
29-Nov-2027 06:30,1158,High Tide
29-Nov-2027 13:09,416,Low Tide
29-Nov-2027 20:27,1523,High Tide
30-Nov-2027 02:33,928,Low Tide
30-Nov-2027 07:09,1145,High Tide
30-Nov-2027 13:43,449,Low Tide
30-Nov-2027 20:59,1499,High Tide
01-Dec-2027 03:07,913,Low Tide
01-Dec-2027 07:46,1131,High Tide
01-Dec-2027 14:15,500,Low Tide
01-Dec-2027 21:29,1471,High Tide
02-Dec-2027 03:42,902,Low Tide
02-Dec-2027 08:23,1114,High Tide
02-Dec-2027 14:46,566,Low Tide
02-Dec-2027 22:00,1441,High Tide
03-Dec-2027 04:21,892,Low Tide
03-Dec-2027 09:02,1093,High Tide
03-Dec-2027 15:17,647,Low Tide
03-Dec-2027 22:29,1410,High Tide
04-Dec-2027 05:03,879,Low Tide
04-Dec-2027 09:47,1068,High Tide
04-Dec-2027 15:48,741,Low Tide
04-Dec-2027 22:59,1378,High Tide
05-Dec-2027 05:49,859,Low Tide
05-Dec-2027 10:49,1042,High Tide
05-Dec-2027 16:21,845,Low Tide
05-Dec-2027 23:30,1343,High Tide
06-Dec-2027 06:40,828,Low Tide
06-Dec-2027 12:36,1033,High Tide
06-Dec-2027 17:00,954,Low Tide
07-Dec-2027 00:03,1307,High Tide
07-Dec-2027 07:34,783,Low Tide
07-Dec-2027 15:08,1085,High Tide
07-Dec-2027 18:11,1062,Low Tide
08-Dec-2027 00:40,1269,High Tide
08-Dec-2027 08:28,725,Low Tide
08-Dec-2027 16:47,1185,High Tide
08-Dec-2027 20:40,1135,Low Tide
09-Dec-2027 01:24,1231,High Tide
09-Dec-2027 09:18,657,Low Tide
09-Dec-2027 17:33,1290,High Tide
09-Dec-2027 22:44,1139,Low Tide
10-Dec-2027 02:17,1196,High Tide
10-Dec-2027 10:05,584,Low Tide
10-Dec-2027 18:09,1386,High Tide
10-Dec-2027 23:58,1112,Low Tide
11-Dec-2027 03:15,1172,High Tide
11-Dec-2027 10:49,512,Low Tide
11-Dec-2027 18:42,1468,High Tide
12-Dec-2027 00:46,1081,Low Tide
12-Dec-2027 04:12,1163,High Tide
12-Dec-2027 11:30,450,Low Tide
12-Dec-2027 19:16,1528,High Tide
13-Dec-2027 01:24,1052,Low Tide
13-Dec-2027 05:07,1171,High Tide
13-Dec-2027 12:12,407,Low Tide
13-Dec-2027 19:50,1564,High Tide
14-Dec-2027 01:57,1027,Low Tide
14-Dec-2027 06:00,1192,High Tide
14-Dec-2027 12:53,390,Low Tide
14-Dec-2027 20:24,1578,High Tide
15-Dec-2027 02:30,1001,Low Tide
15-Dec-2027 06:52,1215,High Tide
15-Dec-2027 13:34,407,Low Tide
15-Dec-2027 20:58,1575,High Tide
16-Dec-2027 03:05,968,Low Tide
16-Dec-2027 07:45,1232,High Tide
16-Dec-2027 14:15,461,Low Tide
16-Dec-2027 21:32,1561,High Tide
17-Dec-2027 03:44,925,Low Tide
17-Dec-2027 08:40,1232,High Tide
17-Dec-2027 14:56,550,Low Tide
17-Dec-2027 22:05,1540,High Tide
18-Dec-2027 04:27,873,Low Tide
18-Dec-2027 09:39,1215,High Tide
18-Dec-2027 15:37,668,Low Tide
18-Dec-2027 22:37,1514,High Tide
19-Dec-2027 05:15,812,Low Tide
19-Dec-2027 10:49,1189,High Tide
19-Dec-2027 16:19,807,Low Tide
19-Dec-2027 23:10,1479,High Tide
20-Dec-2027 06:07,750,Low Tide
20-Dec-2027 12:16,1175,High Tide
20-Dec-2027 17:08,951,Low Tide
20-Dec-2027 23:43,1432,High Tide
21-Dec-2027 07:01,691,Low Tide
21-Dec-2027 14:02,1203,High Tide
21-Dec-2027 18:12,1085,Low Tide
22-Dec-2027 00:19,1373,High Tide
22-Dec-2027 07:58,642,Low Tide
22-Dec-2027 15:45,1276,High Tide
22-Dec-2027 19:59,1180,Low Tide
23-Dec-2027 01:02,1304,High Tide
23-Dec-2027 08:58,602,Low Tide
23-Dec-2027 17:03,1364,High Tide
23-Dec-2027 22:27,1192,Low Tide
24-Dec-2027 02:02,1237,High Tide
24-Dec-2027 09:58,569,Low Tide
24-Dec-2027 17:56,1437,High Tide
25-Dec-2027 00:10,1141,Low Tide
25-Dec-2027 03:19,1185,High Tide
25-Dec-2027 10:54,541,Low Tide
25-Dec-2027 18:39,1488,High Tide
26-Dec-2027 01:01,1083,Low Tide
26-Dec-2027 04:33,1159,High Tide
26-Dec-2027 11:42,521,Low Tide
26-Dec-2027 19:16,1520,High Tide
27-Dec-2027 01:36,1034,Low Tide
27-Dec-2027 05:37,1154,High Tide
27-Dec-2027 12:24,513,Low Tide
27-Dec-2027 19:49,1538,High Tide
28-Dec-2027 02:06,993,Low Tide
28-Dec-2027 06:29,1160,High Tide
28-Dec-2027 13:01,519,Low Tide
28-Dec-2027 20:19,1545,High Tide
29-Dec-2027 02:34,958,Low Tide
29-Dec-2027 07:14,1169,High Tide
29-Dec-2027 13:35,542,Low Tide
29-Dec-2027 20:47,1545,High Tide
30-Dec-2027 03:02,927,Low Tide
30-Dec-2027 07:53,1176,High Tide
30-Dec-2027 14:06,583,Low Tide
30-Dec-2027 21:13,1539,High Tide
31-Dec-2027 03:31,897,Low Tide
31-Dec-2027 08:31,1181,High Tide
31-Dec-2027 14:35,641,Low Tide
31-Dec-2027 21:36,1527,High Tide
01-Jan-2028 04:00,867,Low Tide
01-Jan-2028 09:10,1181,High Tide
01-Jan-2028 15:04,714,Low Tide
01-Jan-2028 21:57,1507,High Tide
02-Jan-2028 04:31,835,Low Tide
02-Jan-2028 09:52,1174,High Tide
02-Jan-2028 15:32,799,Low Tide
02-Jan-2028 22:18,1480,High Tide
03-Jan-2028 05:03,802,Low Tide
03-Jan-2028 10:41,1162,High Tide
03-Jan-2028 16:00,894,Low Tide
03-Jan-2028 22:38,1447,High Tide
04-Jan-2028 05:39,769,Low Tide
04-Jan-2028 11:45,1150,High Tide
04-Jan-2028 16:29,993,Low Tide
04-Jan-2028 22:58,1406,High Tide
05-Jan-2028 06:19,736,Low Tide
05-Jan-2028 13:20,1157,High Tide
05-Jan-2028 17:04,1095,Low Tide
05-Jan-2028 23:18,1359,High Tide
06-Jan-2028 07:05,704,Low Tide
06-Jan-2028 15:32,1208,High Tide
06-Jan-2028 18:07,1194,Low Tide
06-Jan-2028 23:37,1308,High Tide
07-Jan-2028 08:01,670,Low Tide
07-Jan-2028 17:16,1299,High Tide
07-Jan-2028 21:41,1251,Low Tide
07-Jan-2028 23:44,1256,High Tide
08-Jan-2028 09:06,628,Low Tide
08-Jan-2028 18:01,1391,High Tide
09-Jan-2028 10:12,576,Low Tide
09-Jan-2028 18:36,1473,High Tide
10-Jan-2028 01:09,1159,Low Tide
10-Jan-2028 03:18,1176,High Tide
10-Jan-2028 11:10,522,Low Tide
10-Jan-2028 19:10,1539,High Tide
11-Jan-2028 01:27,1113,Low Tide
11-Jan-2028 04:49,1194,High Tide
11-Jan-2028 12:02,480,Low Tide
11-Jan-2028 19:42,1586,High Tide
12-Jan-2028 01:52,1061,Low Tide
12-Jan-2028 06:01,1236,High Tide
12-Jan-2028 12:48,465,Low Tide
12-Jan-2028 20:13,1616,High Tide
13-Jan-2028 02:20,997,Low Tide
13-Jan-2028 07:03,1283,High Tide
13-Jan-2028 13:30,490,Low Tide
13-Jan-2028 20:42,1631,High Tide
14-Jan-2028 02:52,920,Low Tide
14-Jan-2028 08:00,1320,High Tide
14-Jan-2028 14:11,555,Low Tide
14-Jan-2028 21:09,1632,High Tide
15-Jan-2028 03:27,834,Low Tide
15-Jan-2028 08:55,1337,High Tide
15-Jan-2028 14:49,655,Low Tide
15-Jan-2028 21:35,1621,High Tide
16-Jan-2028 04:04,751,Low Tide
16-Jan-2028 09:51,1334,High Tide
16-Jan-2028 15:27,778,Low Tide
16-Jan-2028 22:01,1594,High Tide
17-Jan-2028 04:43,684,Low Tide
17-Jan-2028 10:51,1316,High Tide
17-Jan-2028 16:06,907,Low Tide
17-Jan-2028 22:26,1549,High Tide
18-Jan-2028 05:26,642,Low Tide
18-Jan-2028 11:59,1292,High Tide
18-Jan-2028 16:47,1031,Low Tide
18-Jan-2028 22:51,1486,High Tide
19-Jan-2028 06:11,630,Low Tide
19-Jan-2028 13:22,1278,High Tide
19-Jan-2028 17:36,1140,Low Tide
19-Jan-2028 23:15,1407,High Tide
20-Jan-2028 07:04,642,Low Tide
20-Jan-2028 15:05,1292,High Tide
20-Jan-2028 18:55,1225,Low Tide
20-Jan-2028 23:34,1321,High Tide
21-Jan-2028 08:09,663,Low Tide
21-Jan-2028 16:49,1341,High Tide
22-Jan-2028 09:27,673,Low Tide
22-Jan-2028 17:53,1400,High Tide
23-Jan-2028 01:29,1155,Low Tide
23-Jan-2028 02:20,1156,High Tide
23-Jan-2028 10:41,659,Low Tide
23-Jan-2028 18:36,1452,High Tide
24-Jan-2028 01:23,1090,Low Tide
24-Jan-2028 04:36,1139,High Tide
24-Jan-2028 11:37,635,Low Tide
24-Jan-2028 19:09,1495,High Tide
25-Jan-2028 01:41,1034,Low Tide
25-Jan-2028 05:51,1160,High Tide
25-Jan-2028 12:21,619,Low Tide
25-Jan-2028 19:38,1527,High Tide
26-Jan-2028 02:00,984,Low Tide
26-Jan-2028 06:43,1192,High Tide
26-Jan-2028 12:56,619,Low Tide
26-Jan-2028 20:04,1550,High Tide
27-Jan-2028 02:20,937,Low Tide
27-Jan-2028 07:25,1225,High Tide
27-Jan-2028 13:28,636,Low Tide
27-Jan-2028 20:26,1562,High Tide
28-Jan-2028 02:42,890,Low Tide
28-Jan-2028 08:01,1254,High Tide
28-Jan-2028 13:57,671,Low Tide
28-Jan-2028 20:46,1563,High Tide
29-Jan-2028 03:04,843,Low Tide
29-Jan-2028 08:35,1277,High Tide
29-Jan-2028 14:25,721,Low Tide
29-Jan-2028 21:04,1554,High Tide
30-Jan-2028 03:27,797,Low Tide
30-Jan-2028 09:09,1291,High Tide
30-Jan-2028 14:52,784,Low Tide
30-Jan-2028 21:21,1536,High Tide
31-Jan-2028 03:51,754,Low Tide
31-Jan-2028 09:44,1294,High Tide
31-Jan-2028 15:18,856,Low Tide
31-Jan-2028 21:37,1510,High Tide
01-Feb-2028 04:17,717,Low Tide
01-Feb-2028 10:23,1285,High Tide
01-Feb-2028 15:44,934,Low Tide
01-Feb-2028 21:53,1476,High Tide
02-Feb-2028 04:46,688,Low Tide
02-Feb-2028 11:09,1265,High Tide
02-Feb-2028 16:10,1016,Low Tide
02-Feb-2028 22:10,1435,High Tide
03-Feb-2028 05:19,672,Low Tide
03-Feb-2028 12:11,1242,High Tide
03-Feb-2028 16:39,1101,Low Tide
03-Feb-2028 22:25,1388,High Tide
04-Feb-2028 05:59,668,Low Tide
04-Feb-2028 13:49,1233,High Tide
04-Feb-2028 17:10,1189,Low Tide
04-Feb-2028 22:36,1340,High Tide
05-Feb-2028 06:53,674,Low Tide
05-Feb-2028 16:45,1281,High Tide
05-Feb-2028 18:55,1277,Low Tide
05-Feb-2028 22:19,1294,High Tide
06-Feb-2028 08:10,677,Low Tide
06-Feb-2028 17:53,1368,High Tide
07-Feb-2028 09:43,654,Low Tide
07-Feb-2028 18:25,1450,High Tide
08-Feb-2028 01:17,1163,Low Tide
08-Feb-2028 03:05,1172,High Tide
08-Feb-2028 10:59,609,Low Tide
08-Feb-2028 18:53,1519,High Tide
09-Feb-2028 01:11,1095,Low Tide
09-Feb-2028 05:02,1215,High Tide
09-Feb-2028 11:55,574,Low Tide
09-Feb-2028 19:20,1573,High Tide
10-Feb-2028 01:30,1006,Low Tide
10-Feb-2028 06:17,1290,High Tide
10-Feb-2028 12:41,572,Low Tide
10-Feb-2028 19:45,1609,High Tide
11-Feb-2028 01:56,899,Low Tide
11-Feb-2028 07:17,1364,High Tide
11-Feb-2028 13:23,610,Low Tide
11-Feb-2028 20:10,1628,High Tide
12-Feb-2028 02:25,784,Low Tide
12-Feb-2028 08:10,1422,High Tide
12-Feb-2028 14:02,683,Low Tide
12-Feb-2028 20:34,1631,High Tide
13-Feb-2028 02:57,678,Low Tide
13-Feb-2028 09:00,1453,High Tide
13-Feb-2028 14:39,778,Low Tide
13-Feb-2028 20:57,1616,High Tide
14-Feb-2028 03:30,598,Low Tide
14-Feb-2028 09:48,1453,High Tide
14-Feb-2028 15:16,878,Low Tide
14-Feb-2028 21:22,1581,High Tide
15-Feb-2028 04:06,557,Low Tide
15-Feb-2028 10:38,1425,High Tide
15-Feb-2028 15:53,973,Low Tide
15-Feb-2028 21:46,1526,High Tide
16-Feb-2028 04:44,560,Low Tide
16-Feb-2028 11:31,1375,High Tide
16-Feb-2028 16:31,1057,Low Tide
16-Feb-2028 22:09,1453,High Tide
17-Feb-2028 05:25,600,Low Tide
17-Feb-2028 12:37,1319,High Tide
17-Feb-2028 17:14,1131,Low Tide
17-Feb-2028 22:29,1368,High Tide
18-Feb-2028 06:14,664,Low Tide
18-Feb-2028 14:07,1279,High Tide
18-Feb-2028 18:15,1196,Low Tide
18-Feb-2028 22:36,1283,High Tide
19-Feb-2028 07:18,731,Low Tide
19-Feb-2028 16:13,1291,High Tide
20-Feb-2028 08:53,772,Low Tide
20-Feb-2028 17:33,1344,High Tide
21-Feb-2028 01:40,1104,Low Tide
21-Feb-2028 02:42,1105,High Tide
21-Feb-2028 10:29,766,Low Tide
21-Feb-2028 18:15,1400,High Tide
22-Feb-2028 01:08,1042,Low Tide
22-Feb-2028 05:04,1128,High Tide
22-Feb-2028 11:29,741,Low Tide
22-Feb-2028 18:45,1447,High Tide
23-Feb-2028 01:17,980,Low Tide
23-Feb-2028 06:09,1183,High Tide
23-Feb-2028 12:12,725,Low Tide
23-Feb-2028 19:10,1483,High Tide
24-Feb-2028 01:31,920,Low Tide
24-Feb-2028 06:53,1242,High Tide
24-Feb-2028 12:47,724,Low Tide
24-Feb-2028 19:31,1506,High Tide
25-Feb-2028 01:48,860,Low Tide
25-Feb-2028 07:29,1296,High Tide
25-Feb-2028 13:18,739,Low Tide
25-Feb-2028 19:51,1516,High Tide
26-Feb-2028 02:06,799,Low Tide
26-Feb-2028 08:01,1342,High Tide
26-Feb-2028 13:46,768,Low Tide
26-Feb-2028 20:08,1514,High Tide
27-Feb-2028 02:26,740,Low Tide
27-Feb-2028 08:31,1376,High Tide
27-Feb-2028 14:14,808,Low Tide
27-Feb-2028 20:24,1502,High Tide
28-Feb-2028 02:47,687,Low Tide
28-Feb-2028 09:01,1396,High Tide
28-Feb-2028 14:40,856,Low Tide
28-Feb-2028 20:40,1483,High Tide
29-Feb-2028 03:09,642,Low Tide
29-Feb-2028 09:31,1399,High Tide
29-Feb-2028 15:06,909,Low Tide
29-Feb-2028 20:56,1457,High Tide
01-Mar-2028 03:33,612,Low Tide
01-Mar-2028 10:05,1386,High Tide
01-Mar-2028 15:33,966,Low Tide
01-Mar-2028 21:13,1425,High Tide
02-Mar-2028 04:00,599,Low Tide
02-Mar-2028 10:43,1355,High Tide
02-Mar-2028 16:00,1028,Low Tide
02-Mar-2028 21:31,1389,High Tide
03-Mar-2028 04:32,606,Low Tide
03-Mar-2028 11:32,1312,High Tide
03-Mar-2028 16:29,1095,Low Tide
03-Mar-2028 21:48,1348,High Tide
04-Mar-2028 05:11,634,Low Tide
04-Mar-2028 12:49,1269,High Tide
04-Mar-2028 17:06,1168,Low Tide
04-Mar-2028 22:02,1304,High Tide
05-Mar-2028 06:04,678,Low Tide
05-Mar-2028 15:01,1267,High Tide
05-Mar-2028 18:47,1240,Low Tide
05-Mar-2028 21:50,1257,High Tide
06-Mar-2028 07:27,725,Low Tide
06-Mar-2028 17:01,1332,High Tide
07-Mar-2028 09:19,737,Low Tide
07-Mar-2028 17:42,1403,High Tide
08-Mar-2028 00:21,1095,Low Tide
08-Mar-2028 03:49,1161,High Tide
08-Mar-2028 10:45,716,Low Tide
08-Mar-2028 18:11,1464,High Tide
09-Mar-2028 00:30,990,Low Tide
09-Mar-2028 05:25,1251,High Tide
09-Mar-2028 11:43,704,Low Tide
09-Mar-2028 18:36,1510,High Tide
10-Mar-2028 00:52,864,Low Tide
10-Mar-2028 06:30,1358,High Tide
10-Mar-2028 12:30,721,Low Tide
10-Mar-2028 19:01,1538,High Tide
11-Mar-2028 01:19,729,Low Tide
11-Mar-2028 07:24,1453,High Tide
11-Mar-2028 13:13,764,Low Tide
11-Mar-2028 19:26,1550,High Tide
12-Mar-2028 01:49,607,Low Tide
12-Mar-2028 08:11,1520,High Tide
12-Mar-2028 13:52,823,Low Tide
12-Mar-2028 19:51,1545,High Tide
13-Mar-2028 02:21,515,Low Tide
13-Mar-2028 08:55,1548,High Tide
13-Mar-2028 14:30,886,Low Tide
13-Mar-2028 20:17,1523,High Tide
14-Mar-2028 02:54,470,Low Tide
14-Mar-2028 09:36,1536,High Tide
14-Mar-2028 15:07,942,Low Tide
14-Mar-2028 20:44,1482,High Tide
15-Mar-2028 03:29,474,Low Tide
15-Mar-2028 10:18,1489,High Tide
15-Mar-2028 15:44,992,Low Tide
15-Mar-2028 21:11,1424,High Tide
16-Mar-2028 04:05,521,Low Tide
16-Mar-2028 11:03,1420,High Tide
16-Mar-2028 16:23,1037,Low Tide
16-Mar-2028 21:38,1353,High Tide
17-Mar-2028 04:44,597,Low Tide
17-Mar-2028 11:56,1343,High Tide
17-Mar-2028 17:07,1083,Low Tide
17-Mar-2028 22:00,1275,High Tide
18-Mar-2028 05:28,689,Low Tide
18-Mar-2028 13:09,1280,High Tide
18-Mar-2028 18:15,1127,Low Tide
18-Mar-2028 22:11,1196,High Tide
19-Mar-2028 06:27,780,Low Tide
19-Mar-2028 14:53,1259,High Tide
20-Mar-2028 08:03,850,Low Tide
20-Mar-2028 16:27,1288,High Tide
21-Mar-2028 00:20,1036,Low Tide
21-Mar-2028 03:43,1072,High Tide
21-Mar-2028 09:57,867,Low Tide
21-Mar-2028 17:19,1331,High Tide
22-Mar-2028 00:15,967,Low Tide
22-Mar-2028 05:21,1140,High Tide
22-Mar-2028 11:07,854,Low Tide
22-Mar-2028 17:53,1368,High Tide
23-Mar-2028 00:27,896,Low Tide
23-Mar-2028 06:12,1221,High Tide
23-Mar-2028 11:54,843,Low Tide
23-Mar-2028 18:19,1394,High Tide
24-Mar-2028 00:44,825,Low Tide
24-Mar-2028 06:50,1299,High Tide
24-Mar-2028 12:31,842,Low Tide
24-Mar-2028 18:42,1408,High Tide
25-Mar-2028 01:02,753,Low Tide
25-Mar-2028 07:22,1367,High Tide
25-Mar-2028 13:04,850,Low Tide
25-Mar-2028 19:02,1411,High Tide
26-Mar-2028 01:22,683,Low Tide
26-Mar-2028 07:52,1421,High Tide
26-Mar-2028 13:35,867,Low Tide
26-Mar-2028 19:20,1405,High Tide
27-Mar-2028 01:43,621,Low Tide
27-Mar-2028 08:20,1459,High Tide
27-Mar-2028 14:04,891,Low Tide
27-Mar-2028 19:38,1392,High Tide
28-Mar-2028 02:05,570,Low Tide
28-Mar-2028 08:48,1477,High Tide
28-Mar-2028 14:32,919,Low Tide
28-Mar-2028 19:57,1375,High Tide
29-Mar-2028 02:29,536,Low Tide
29-Mar-2028 09:18,1475,High Tide
29-Mar-2028 15:00,951,Low Tide
29-Mar-2028 20:17,1354,High Tide
30-Mar-2028 02:55,522,Low Tide
30-Mar-2028 09:49,1453,High Tide
30-Mar-2028 15:29,988,Low Tide
30-Mar-2028 20:39,1331,High Tide
31-Mar-2028 03:24,533,Low Tide
31-Mar-2028 10:26,1412,High Tide
31-Mar-2028 16:00,1030,Low Tide
31-Mar-2028 21:03,1303,High Tide
01-Apr-2028 03:59,567,Low Tide
01-Apr-2028 11:13,1359,High Tide
01-Apr-2028 16:38,1078,Low Tide
01-Apr-2028 21:28,1269,High Tide
02-Apr-2028 04:40,625,Low Tide
02-Apr-2028 12:19,1309,High Tide
02-Apr-2028 17:36,1126,Low Tide
02-Apr-2028 21:54,1223,High Tide
03-Apr-2028 05:35,701,Low Tide
03-Apr-2028 13:53,1289,High Tide
03-Apr-2028 19:48,1145,Low Tide
03-Apr-2028 22:28,1160,High Tide
04-Apr-2028 06:57,782,Low Tide
04-Apr-2028 15:25,1311,High Tide
04-Apr-2028 22:31,1072,Low Tide
05-Apr-2028 02:13,1114,High Tide
05-Apr-2028 08:51,836,Low Tide
05-Apr-2028 16:23,1352,High Tide
05-Apr-2028 23:06,959,Low Tide
06-Apr-2028 04:23,1194,High Tide
06-Apr-2028 10:24,853,Low Tide
06-Apr-2028 17:03,1388,High Tide
06-Apr-2028 23:36,826,Low Tide
07-Apr-2028 05:39,1316,High Tide
07-Apr-2028 11:28,865,Low Tide
07-Apr-2028 17:36,1412,High Tide
08-Apr-2028 00:07,688,Low Tide
08-Apr-2028 06:35,1436,High Tide
08-Apr-2028 12:20,885,Low Tide
08-Apr-2028 18:07,1423,High Tide
09-Apr-2028 00:39,561,Low Tide
09-Apr-2028 07:21,1530,High Tide
09-Apr-2028 13:05,909,Low Tide
09-Apr-2028 18:38,1422,High Tide
10-Apr-2028 01:12,467,Low Tide
10-Apr-2028 08:03,1583,High Tide
10-Apr-2028 13:46,932,Low Tide
10-Apr-2028 19:09,1409,High Tide
11-Apr-2028 01:46,417,Low Tide
11-Apr-2028 08:43,1593,High Tide
11-Apr-2028 14:25,949,Low Tide
11-Apr-2028 19:41,1383,High Tide
12-Apr-2028 02:20,415,Low Tide
12-Apr-2028 09:20,1564,High Tide
12-Apr-2028 15:03,962,Low Tide
12-Apr-2028 20:14,1345,High Tide
13-Apr-2028 02:56,455,Low Tide
13-Apr-2028 09:58,1507,High Tide
13-Apr-2028 15:41,975,Low Tide
13-Apr-2028 20:47,1296,High Tide
14-Apr-2028 03:32,525,Low Tide
14-Apr-2028 10:38,1438,High Tide
14-Apr-2028 16:23,992,Low Tide
14-Apr-2028 21:19,1236,High Tide
15-Apr-2028 04:10,614,Low Tide
15-Apr-2028 11:23,1369,High Tide
15-Apr-2028 17:14,1014,Low Tide
15-Apr-2028 21:50,1172,High Tide
16-Apr-2028 04:51,712,Low Tide
16-Apr-2028 12:19,1312,High Tide
16-Apr-2028 18:25,1030,Low Tide
16-Apr-2028 22:27,1104,High Tide
17-Apr-2028 05:41,812,Low Tide
17-Apr-2028 13:30,1276,High Tide
17-Apr-2028 20:19,1017,Low Tide
18-Apr-2028 00:31,1042,High Tide
18-Apr-2028 06:58,905,Low Tide
18-Apr-2028 14:44,1266,High Tide
18-Apr-2028 22:13,959,Low Tide
19-Apr-2028 03:53,1075,High Tide
19-Apr-2028 08:56,961,Low Tide
19-Apr-2028 15:46,1273,High Tide
19-Apr-2028 22:53,885,Low Tide
20-Apr-2028 05:14,1164,High Tide
20-Apr-2028 10:29,972,Low Tide
20-Apr-2028 16:31,1283,High Tide
20-Apr-2028 23:21,808,Low Tide
21-Apr-2028 06:00,1258,High Tide
21-Apr-2028 11:28,966,Low Tide
21-Apr-2028 17:06,1290,High Tide
21-Apr-2028 23:46,730,Low Tide
22-Apr-2028 06:36,1344,High Tide
22-Apr-2028 12:12,959,Low Tide
22-Apr-2028 17:34,1291,High Tide
23-Apr-2028 00:10,654,Low Tide
23-Apr-2028 07:07,1417,High Tide
23-Apr-2028 12:50,955,Low Tide
23-Apr-2028 18:00,1287,High Tide
24-Apr-2028 00:35,584,Low Tide
24-Apr-2028 07:36,1473,High Tide
24-Apr-2028 13:25,954,Low Tide
24-Apr-2028 18:26,1279,High Tide
25-Apr-2028 01:00,527,Low Tide
25-Apr-2028 08:05,1508,High Tide
25-Apr-2028 13:58,957,Low Tide
25-Apr-2028 18:51,1271,High Tide
26-Apr-2028 01:27,487,Low Tide
26-Apr-2028 08:35,1522,High Tide
26-Apr-2028 14:29,965,Low Tide
26-Apr-2028 19:18,1263,High Tide
27-Apr-2028 01:55,468,Low Tide
27-Apr-2028 09:05,1514,High Tide
27-Apr-2028 15:00,977,Low Tide
27-Apr-2028 19:47,1255,High Tide
28-Apr-2028 02:27,475,Low Tide
28-Apr-2028 09:39,1487,High Tide
28-Apr-2028 15:33,994,Low Tide
28-Apr-2028 20:19,1244,High Tide
29-Apr-2028 03:01,508,Low Tide
29-Apr-2028 10:18,1446,High Tide
29-Apr-2028 16:12,1013,Low Tide
29-Apr-2028 20:54,1225,High Tide
30-Apr-2028 03:40,566,Low Tide
30-Apr-2028 11:03,1401,High Tide
30-Apr-2028 17:01,1029,Low Tide
30-Apr-2028 21:36,1193,High Tide
01-May-2028 04:25,648,Low Tide
01-May-2028 11:57,1363,High Tide
01-May-2028 18:11,1028,Low Tide
01-May-2028 22:36,1145,High Tide
02-May-2028 05:20,750,Low Tide
02-May-2028 13:00,1338,High Tide
02-May-2028 19:39,989,Low Tide
03-May-2028 00:36,1106,High Tide
03-May-2028 06:35,860,Low Tide
03-May-2028 14:02,1328,High Tide
03-May-2028 20:59,904,Low Tide
04-May-2028 02:58,1149,High Tide
04-May-2028 08:18,952,Low Tide
04-May-2028 14:57,1325,High Tide
04-May-2028 21:57,788,Low Tide
05-May-2028 04:34,1259,High Tide
05-May-2028 09:59,999,Low Tide
05-May-2028 15:45,1322,High Tide
05-May-2028 22:42,665,Low Tide
06-May-2028 05:39,1382,High Tide
06-May-2028 11:15,1014,Low Tide
06-May-2028 16:29,1314,High Tide
06-May-2028 23:23,552,Low Tide
07-May-2028 06:30,1487,High Tide
07-May-2028 12:14,1013,Low Tide
07-May-2028 17:11,1303,High Tide
08-May-2028 00:01,466,Low Tide
08-May-2028 07:13,1556,High Tide
08-May-2028 13:02,1002,Low Tide
08-May-2028 17:53,1289,High Tide
09-May-2028 00:39,417,Low Tide
09-May-2028 07:52,1584,High Tide
09-May-2028 13:45,985,Low Tide
09-May-2028 18:34,1273,High Tide
10-May-2028 01:17,406,Low Tide
10-May-2028 08:29,1577,High Tide
10-May-2028 14:24,967,Low Tide
10-May-2028 19:15,1252,High Tide
11-May-2028 01:54,431,Low Tide
11-May-2028 09:05,1544,High Tide
11-May-2028 15:03,951,Low Tide
11-May-2028 19:56,1225,High Tide
12-May-2028 02:31,483,Low Tide
12-May-2028 09:41,1499,High Tide
12-May-2028 15:43,941,Low Tide
12-May-2028 20:36,1191,High Tide
13-May-2028 03:07,555,Low Tide
13-May-2028 10:18,1451,High Tide
13-May-2028 16:26,936,Low Tide
13-May-2028 21:16,1151,High Tide
14-May-2028 03:43,640,Low Tide
14-May-2028 10:56,1404,High Tide
14-May-2028 17:15,932,Low Tide
14-May-2028 22:01,1106,High Tide
15-May-2028 04:21,734,Low Tide
15-May-2028 11:36,1361,High Tide
15-May-2028 18:12,922,Low Tide
15-May-2028 23:04,1064,High Tide
16-May-2028 05:03,835,Low Tide
16-May-2028 12:20,1322,High Tide
16-May-2028 19:16,899,Low Tide
17-May-2028 01:01,1045,High Tide
17-May-2028 05:59,937,Low Tide
17-May-2028 13:07,1288,High Tide
17-May-2028 20:20,857,Low Tide
18-May-2028 03:20,1091,High Tide
18-May-2028 07:31,1025,Low Tide
18-May-2028 13:56,1259,High Tide
18-May-2028 21:17,799,Low Tide
19-May-2028 04:47,1180,High Tide
19-May-2028 09:27,1070,Low Tide
19-May-2028 14:43,1234,High Tide
19-May-2028 22:03,730,Low Tide
20-May-2028 05:38,1273,High Tide
20-May-2028 10:53,1072,Low Tide
20-May-2028 15:29,1214,High Tide
20-May-2028 22:42,658,Low Tide
21-May-2028 06:16,1357,High Tide
21-May-2028 11:54,1055,Low Tide
21-May-2028 16:11,1197,High Tide
21-May-2028 23:16,588,Low Tide
22-May-2028 06:49,1428,High Tide
22-May-2028 12:40,1034,Low Tide
22-May-2028 16:51,1186,High Tide
22-May-2028 23:50,526,Low Tide
23-May-2028 07:20,1482,High Tide
23-May-2028 13:20,1015,Low Tide
23-May-2028 17:30,1181,High Tide
24-May-2028 00:23,477,Low Tide
24-May-2028 07:51,1516,High Tide
24-May-2028 13:55,1000,Low Tide
24-May-2028 18:10,1182,High Tide
25-May-2028 00:57,448,Low Tide
25-May-2028 08:24,1529,High Tide
25-May-2028 14:29,989,Low Tide
25-May-2028 18:50,1190,High Tide
26-May-2028 01:33,442,Low Tide
26-May-2028 08:57,1524,High Tide
26-May-2028 15:03,981,Low Tide
26-May-2028 19:33,1198,High Tide
27-May-2028 02:11,464,Low Tide
27-May-2028 09:32,1505,High Tide
27-May-2028 15:40,971,Low Tide
27-May-2028 20:18,1199,High Tide
28-May-2028 02:50,514,Low Tide
28-May-2028 10:09,1479,High Tide
28-May-2028 16:22,954,Low Tide
28-May-2028 21:08,1188,High Tide
29-May-2028 03:32,592,Low Tide
29-May-2028 10:48,1451,High Tide
29-May-2028 17:11,924,Low Tide
29-May-2028 22:08,1164,High Tide
30-May-2028 04:17,695,Low Tide
30-May-2028 11:28,1422,High Tide
30-May-2028 18:06,876,Low Tide
30-May-2028 23:28,1138,High Tide
31-May-2028 05:08,817,Low Tide
31-May-2028 12:09,1391,High Tide
31-May-2028 19:05,808,Low Tide
01-Jun-2028 01:14,1143,High Tide
01-Jun-2028 06:12,945,Low Tide
01-Jun-2028 12:52,1356,High Tide
01-Jun-2028 20:03,727,Low Tide
02-Jun-2028 03:02,1207,High Tide
02-Jun-2028 07:42,1055,Low Tide
02-Jun-2028 13:38,1315,High Tide
02-Jun-2028 21:00,642,Low Tide
03-Jun-2028 04:28,1305,High Tide
03-Jun-2028 09:33,1110,Low Tide
03-Jun-2028 14:28,1271,High Tide
03-Jun-2028 21:54,563,Low Tide
04-Jun-2028 05:31,1401,High Tide
04-Jun-2028 11:09,1106,Low Tide
04-Jun-2028 15:24,1231,High Tide
04-Jun-2028 22:45,500,Low Tide
05-Jun-2028 06:21,1474,High Tide
05-Jun-2028 12:18,1072,Low Tide
05-Jun-2028 16:23,1200,High Tide
05-Jun-2028 23:33,459,Low Tide
06-Jun-2028 07:04,1516,High Tide
06-Jun-2028 13:09,1030,Low Tide
06-Jun-2028 17:21,1181,High Tide
07-Jun-2028 00:17,442,Low Tide
07-Jun-2028 07:42,1530,High Tide
07-Jun-2028 13:50,988,Low Tide
07-Jun-2028 18:15,1170,High Tide
08-Jun-2028 00:59,449,Low Tide
08-Jun-2028 08:19,1525,High Tide
08-Jun-2028 14:27,950,Low Tide
08-Jun-2028 19:06,1162,High Tide
09-Jun-2028 01:38,478,Low Tide
09-Jun-2028 08:53,1508,High Tide
09-Jun-2028 15:04,918,Low Tide
09-Jun-2028 19:53,1152,High Tide
10-Jun-2028 02:14,525,Low Tide
10-Jun-2028 09:25,1486,High Tide
10-Jun-2028 15:40,891,Low Tide
10-Jun-2028 20:37,1137,High Tide
11-Jun-2028 02:49,588,Low Tide
11-Jun-2028 09:56,1461,High Tide
11-Jun-2028 16:18,867,Low Tide
11-Jun-2028 21:20,1119,High Tide
12-Jun-2028 03:23,665,Low Tide
12-Jun-2028 10:25,1433,High Tide
12-Jun-2028 16:57,843,Low Tide
12-Jun-2028 22:08,1100,High Tide
13-Jun-2028 03:56,753,Low Tide
13-Jun-2028 10:53,1399,High Tide
13-Jun-2028 17:37,817,Low Tide
13-Jun-2028 23:06,1082,High Tide
14-Jun-2028 04:32,848,Low Tide
14-Jun-2028 11:21,1361,High Tide
14-Jun-2028 18:20,788,Low Tide
15-Jun-2028 00:27,1077,High Tide
15-Jun-2028 05:12,947,Low Tide
15-Jun-2028 11:48,1319,High Tide
15-Jun-2028 19:05,753,Low Tide
16-Jun-2028 02:14,1103,High Tide
16-Jun-2028 06:09,1042,Low Tide
16-Jun-2028 12:16,1273,High Tide
16-Jun-2028 19:53,712,Low Tide
17-Jun-2028 03:59,1168,High Tide
17-Jun-2028 07:52,1117,Low Tide
17-Jun-2028 12:50,1227,High Tide
17-Jun-2028 20:45,665,Low Tide
18-Jun-2028 05:10,1249,High Tide
18-Jun-2028 10:05,1139,Low Tide
18-Jun-2028 13:34,1181,High Tide
18-Jun-2028 21:37,613,Low Tide
19-Jun-2028 05:55,1327,High Tide
19-Jun-2028 11:45,1114,Low Tide
19-Jun-2028 14:33,1144,High Tide
19-Jun-2028 22:26,557,Low Tide
20-Jun-2028 06:32,1396,High Tide
20-Jun-2028 12:42,1077,Low Tide
20-Jun-2028 15:40,1122,High Tide
20-Jun-2028 23:13,505,Low Tide
21-Jun-2028 07:07,1451,High Tide
21-Jun-2028 13:21,1043,Low Tide
21-Jun-2028 16:44,1120,High Tide
21-Jun-2028 23:57,462,Low Tide
22-Jun-2028 07:40,1490,High Tide
22-Jun-2028 13:54,1012,Low Tide
22-Jun-2028 17:44,1136,High Tide
23-Jun-2028 00:40,437,Low Tide
23-Jun-2028 08:14,1513,High Tide
23-Jun-2028 14:25,980,Low Tide
23-Jun-2028 18:40,1162,High Tide
24-Jun-2028 01:21,438,Low Tide
24-Jun-2028 08:47,1521,High Tide
24-Jun-2028 14:57,943,Low Tide
24-Jun-2028 19:34,1188,High Tide
25-Jun-2028 02:02,471,Low Tide
25-Jun-2028 09:18,1518,High Tide
25-Jun-2028 15:32,895,Low Tide
25-Jun-2028 20:29,1203,High Tide
26-Jun-2028 02:43,538,Low Tide
26-Jun-2028 09:49,1507,High Tide
26-Jun-2028 16:10,835,Low Tide
26-Jun-2028 21:26,1204,High Tide
27-Jun-2028 03:23,635,Low Tide
27-Jun-2028 10:19,1487,High Tide
27-Jun-2028 16:52,768,Low Tide
27-Jun-2028 22:29,1194,High Tide
28-Jun-2028 04:05,754,Low Tide
28-Jun-2028 10:48,1457,High Tide
28-Jun-2028 17:37,699,Low Tide
28-Jun-2028 23:42,1184,High Tide
29-Jun-2028 04:51,883,Low Tide
29-Jun-2028 11:18,1414,High Tide
29-Jun-2028 18:24,639,Low Tide
30-Jun-2028 01:10,1192,High Tide
30-Jun-2028 05:46,1007,Low Tide
30-Jun-2028 11:49,1357,High Tide
30-Jun-2028 19:16,593,Low Tide
01-Jul-2028 02:45,1231,High Tide
01-Jul-2028 07:04,1108,Low Tide
01-Jul-2028 12:25,1289,High Tide
01-Jul-2028 20:14,562,Low Tide
02-Jul-2028 04:14,1293,High Tide
02-Jul-2028 09:07,1154,Low Tide
02-Jul-2028 13:12,1217,High Tide
02-Jul-2028 21:17,540,Low Tide
03-Jul-2028 05:23,1355,High Tide
03-Jul-2028 11:27,1122,Low Tide
03-Jul-2028 14:28,1152,High Tide
03-Jul-2028 22:21,520,Low Tide
04-Jul-2028 06:15,1404,High Tide
04-Jul-2028 12:40,1059,Low Tide
04-Jul-2028 15:57,1113,High Tide
04-Jul-2028 23:19,503,Low Tide
05-Jul-2028 06:57,1438,High Tide
05-Jul-2028 13:21,999,Low Tide
05-Jul-2028 17:15,1102,High Tide
06-Jul-2028 00:08,494,Low Tide
06-Jul-2028 07:34,1458,High Tide
06-Jul-2028 13:54,946,Low Tide
06-Jul-2028 18:19,1109,High Tide
07-Jul-2028 00:50,499,Low Tide
07-Jul-2028 08:07,1469,High Tide
07-Jul-2028 14:25,898,Low Tide
07-Jul-2028 19:12,1120,High Tide
08-Jul-2028 01:28,522,Low Tide
08-Jul-2028 08:36,1471,High Tide
08-Jul-2028 14:54,856,Low Tide
08-Jul-2028 19:57,1130,High Tide
09-Jul-2028 02:01,563,Low Tide
09-Jul-2028 09:03,1466,High Tide
09-Jul-2028 15:22,816,Low Tide
09-Jul-2028 20:38,1136,High Tide
10-Jul-2028 02:33,618,Low Tide
10-Jul-2028 09:27,1452,High Tide
10-Jul-2028 15:51,779,Low Tide
10-Jul-2028 21:18,1138,High Tide
11-Jul-2028 03:03,687,Low Tide
11-Jul-2028 09:48,1429,High Tide
11-Jul-2028 16:20,743,Low Tide
11-Jul-2028 21:59,1135,High Tide
12-Jul-2028 03:33,764,Low Tide
12-Jul-2028 10:08,1398,High Tide
12-Jul-2028 16:51,710,Low Tide
12-Jul-2028 22:45,1126,High Tide
13-Jul-2028 04:03,848,Low Tide
13-Jul-2028 10:26,1360,High Tide
13-Jul-2028 17:24,680,Low Tide
13-Jul-2028 23:41,1115,High Tide
14-Jul-2028 04:34,934,Low Tide
14-Jul-2028 10:45,1317,High Tide
14-Jul-2028 18:00,654,Low Tide
15-Jul-2028 00:58,1112,High Tide
15-Jul-2028 05:10,1019,Low Tide
15-Jul-2028 11:03,1270,High Tide
15-Jul-2028 18:41,632,Low Tide
16-Jul-2028 02:43,1135,High Tide
16-Jul-2028 06:06,1100,Low Tide
16-Jul-2028 11:20,1220,High Tide
16-Jul-2028 19:32,613,Low Tide
17-Jul-2028 04:37,1194,High Tide
17-Jul-2028 08:42,1155,Low Tide
17-Jul-2028 11:27,1170,High Tide
17-Jul-2028 20:35,590,Low Tide
18-Jul-2028 05:40,1268,High Tide
18-Jul-2028 21:44,555,Low Tide
19-Jul-2028 06:20,1339,High Tide
19-Jul-2028 13:09,1072,Low Tide
19-Jul-2028 14:37,1076,High Tide
19-Jul-2028 22:48,509,Low Tide
20-Jul-2028 06:54,1401,High Tide
20-Jul-2028 13:18,1027,Low Tide
20-Jul-2028 16:25,1084,High Tide
20-Jul-2028 23:42,467,Low Tide
21-Jul-2028 07:26,1450,High Tide
21-Jul-2028 13:39,976,Low Tide
21-Jul-2028 17:41,1123,High Tide
22-Jul-2028 00:29,446,Low Tide
22-Jul-2028 07:55,1484,High Tide
22-Jul-2028 14:05,913,Low Tide
22-Jul-2028 18:46,1173,High Tide
23-Jul-2028 01:12,457,Low Tide
23-Jul-2028 08:23,1503,High Tide
23-Jul-2028 14:34,836,Low Tide
23-Jul-2028 19:43,1218,High Tide
24-Jul-2028 01:53,507,Low Tide
24-Jul-2028 08:49,1508,High Tide
24-Jul-2028 15:06,749,Low Tide
24-Jul-2028 20:38,1249,High Tide
25-Jul-2028 02:32,591,Low Tide
25-Jul-2028 09:14,1499,High Tide
25-Jul-2028 15:41,660,Low Tide
25-Jul-2028 21:32,1261,High Tide
26-Jul-2028 03:10,697,Low Tide
26-Jul-2028 09:39,1477,High Tide
26-Jul-2028 16:18,584,Low Tide
26-Jul-2028 22:29,1254,High Tide
27-Jul-2028 03:49,813,Low Tide
27-Jul-2028 10:04,1438,High Tide
27-Jul-2028 16:58,534,Low Tide
27-Jul-2028 23:32,1235,High Tide
28-Jul-2028 04:31,924,Low Tide
28-Jul-2028 10:29,1382,High Tide
28-Jul-2028 17:42,515,Low Tide
29-Jul-2028 00:45,1214,High Tide
29-Jul-2028 05:20,1021,Low Tide
29-Jul-2028 10:55,1309,High Tide
29-Jul-2028 18:32,526,Low Tide
30-Jul-2028 02:15,1207,High Tide
30-Jul-2028 06:30,1097,Low Tide
30-Jul-2028 11:20,1227,High Tide
30-Jul-2028 19:33,554,Low Tide
31-Jul-2028 03:54,1229,High Tide
31-Jul-2028 08:50,1128,Low Tide
31-Jul-2028 11:37,1142,High Tide
31-Jul-2028 20:49,577,Low Tide
01-Aug-2028 05:14,1272,High Tide
01-Aug-2028 12:39,1059,Low Tide
01-Aug-2028 13:57,1061,High Tide
01-Aug-2028 22:11,577,Low Tide
02-Aug-2028 06:06,1319,High Tide
02-Aug-2028 12:53,985,Low Tide
02-Aug-2028 16:15,1040,High Tide
02-Aug-2028 23:16,560,Low Tide
03-Aug-2028 06:45,1359,High Tide
03-Aug-2028 13:17,920,Low Tide
03-Aug-2028 17:37,1061,High Tide
04-Aug-2028 00:04,549,Low Tide
04-Aug-2028 07:17,1390,High Tide
04-Aug-2028 13:40,862,Low Tide
04-Aug-2028 18:35,1094,High Tide
05-Aug-2028 00:43,551,Low Tide
05-Aug-2028 07:44,1410,High Tide
05-Aug-2028 14:02,808,Low Tide
05-Aug-2028 19:20,1128,High Tide
06-Aug-2028 01:17,572,Low Tide
06-Aug-2028 08:08,1418,High Tide
06-Aug-2028 14:25,758,Low Tide
06-Aug-2028 19:58,1156,High Tide
07-Aug-2028 01:48,608,Low Tide
07-Aug-2028 08:29,1414,High Tide
07-Aug-2028 14:47,710,Low Tide
07-Aug-2028 20:33,1178,High Tide
08-Aug-2028 02:17,656,Low Tide
08-Aug-2028 08:48,1399,High Tide
08-Aug-2028 15:10,666,Low Tide
08-Aug-2028 21:06,1191,High Tide
09-Aug-2028 02:44,713,Low Tide
09-Aug-2028 09:04,1376,High Tide
09-Aug-2028 15:34,626,Low Tide
09-Aug-2028 21:40,1193,High Tide
10-Aug-2028 03:11,776,Low Tide
10-Aug-2028 09:20,1346,High Tide
10-Aug-2028 16:00,594,Low Tide
10-Aug-2028 22:16,1182,High Tide
11-Aug-2028 03:38,842,Low Tide
11-Aug-2028 09:36,1311,High Tide
11-Aug-2028 16:27,572,Low Tide
11-Aug-2028 22:58,1160,High Tide
12-Aug-2028 04:06,910,Low Tide
12-Aug-2028 09:52,1271,High Tide
12-Aug-2028 16:59,563,Low Tide
12-Aug-2028 23:54,1132,High Tide
13-Aug-2028 04:35,979,Low Tide
13-Aug-2028 10:07,1227,High Tide
13-Aug-2028 17:37,566,Low Tide
14-Aug-2028 01:19,1113,High Tide
14-Aug-2028 05:11,1051,Low Tide
14-Aug-2028 10:20,1182,High Tide
14-Aug-2028 18:27,579,Low Tide
15-Aug-2028 03:37,1136,High Tide
15-Aug-2028 06:56,1120,Low Tide
15-Aug-2028 10:10,1138,High Tide
15-Aug-2028 19:39,591,Low Tide
16-Aug-2028 05:18,1205,High Tide
16-Aug-2028 21:12,581,Low Tide
17-Aug-2028 05:57,1278,High Tide
17-Aug-2028 12:55,1019,Low Tide
17-Aug-2028 14:41,1027,High Tide
17-Aug-2028 22:32,544,Low Tide
18-Aug-2028 06:27,1343,High Tide
18-Aug-2028 12:48,957,Low Tide
18-Aug-2028 16:40,1069,High Tide
18-Aug-2028 23:30,510,Low Tide
19-Aug-2028 06:54,1394,High Tide
19-Aug-2028 13:05,874,Low Tide
19-Aug-2028 17:54,1144,High Tide
20-Aug-2028 00:18,503,Low Tide
20-Aug-2028 07:19,1429,High Tide
20-Aug-2028 13:30,773,Low Tide
20-Aug-2028 18:55,1223,High Tide
21-Aug-2028 01:00,531,Low Tide
21-Aug-2028 07:43,1448,High Tide
21-Aug-2028 13:58,661,Low Tide
21-Aug-2028 19:48,1290,High Tide
22-Aug-2028 01:40,594,Low Tide
22-Aug-2028 08:06,1451,High Tide
22-Aug-2028 14:29,553,Low Tide
22-Aug-2028 20:38,1332,High Tide
23-Aug-2028 02:18,677,Low Tide
23-Aug-2028 08:30,1439,High Tide
23-Aug-2028 15:02,467,Low Tide
23-Aug-2028 21:26,1343,High Tide
24-Aug-2028 02:56,768,Low Tide
24-Aug-2028 08:55,1410,High Tide
24-Aug-2028 15:37,420,Low Tide
24-Aug-2028 22:15,1322,High Tide
25-Aug-2028 03:35,852,Low Tide
25-Aug-2028 09:20,1362,High Tide
25-Aug-2028 16:16,418,Low Tide
25-Aug-2028 23:08,1275,High Tide
26-Aug-2028 04:16,926,Low Tide
26-Aug-2028 09:46,1297,High Tide
26-Aug-2028 16:58,456,Low Tide
27-Aug-2028 00:09,1216,High Tide
27-Aug-2028 05:02,988,Low Tide
27-Aug-2028 10:12,1217,High Tide
27-Aug-2028 17:48,523,Low Tide
28-Aug-2028 01:31,1168,High Tide
28-Aug-2028 06:10,1039,Low Tide
28-Aug-2028 10:32,1131,High Tide
28-Aug-2028 18:52,597,Low Tide
29-Aug-2028 03:18,1160,High Tide
29-Aug-2028 20:24,649,Low Tide
30-Aug-2028 04:47,1195,High Tide
30-Aug-2028 12:18,958,Low Tide
30-Aug-2028 14:59,979,High Tide
30-Aug-2028 22:04,656,Low Tide
31-Aug-2028 05:38,1242,High Tide
31-Aug-2028 12:26,884,Low Tide
31-Aug-2028 16:53,1013,High Tide
31-Aug-2028 23:10,640,Low Tide
01-Sep-2028 06:13,1284,High Tide
01-Sep-2028 12:45,817,Low Tide
01-Sep-2028 17:57,1072,High Tide
01-Sep-2028 23:56,629,Low Tide
02-Sep-2028 06:42,1315,High Tide
02-Sep-2028 13:04,754,Low Tide
02-Sep-2028 18:42,1131,High Tide
03-Sep-2028 00:32,632,Low Tide
03-Sep-2028 07:06,1331,High Tide
03-Sep-2028 13:23,695,Low Tide
03-Sep-2028 19:19,1183,High Tide
04-Sep-2028 01:04,649,Low Tide
04-Sep-2028 07:27,1333,High Tide
04-Sep-2028 13:42,639,Low Tide
04-Sep-2028 19:51,1226,High Tide
05-Sep-2028 01:34,677,Low Tide
05-Sep-2028 07:45,1325,High Tide
05-Sep-2028 14:03,587,Low Tide
05-Sep-2028 20:21,1256,High Tide
06-Sep-2028 02:02,713,Low Tide
06-Sep-2028 08:02,1308,High Tide
06-Sep-2028 14:24,542,Low Tide
06-Sep-2028 20:49,1271,High Tide
07-Sep-2028 02:29,754,Low Tide
07-Sep-2028 08:17,1286,High Tide
07-Sep-2028 14:46,506,Low Tide
07-Sep-2028 21:18,1270,High Tide
08-Sep-2028 02:55,798,Low Tide
08-Sep-2028 08:33,1260,High Tide
08-Sep-2028 15:10,485,Low Tide
08-Sep-2028 21:49,1252,High Tide
09-Sep-2028 03:22,845,Low Tide
09-Sep-2028 08:50,1230,High Tide
09-Sep-2028 15:36,480,Low Tide
09-Sep-2028 22:24,1220,High Tide
10-Sep-2028 03:49,894,Low Tide
10-Sep-2028 09:08,1197,High Tide
10-Sep-2028 16:06,494,Low Tide
10-Sep-2028 23:09,1176,High Tide
11-Sep-2028 04:20,949,Low Tide
11-Sep-2028 09:26,1161,High Tide
11-Sep-2028 16:44,526,Low Tide
12-Sep-2028 00:16,1132,High Tide
12-Sep-2028 05:00,1009,Low Tide
12-Sep-2028 09:42,1121,High Tide
12-Sep-2028 17:33,574,Low Tide
13-Sep-2028 02:10,1119,High Tide
13-Sep-2028 06:54,1064,Low Tide
13-Sep-2028 09:37,1077,High Tide
13-Sep-2028 18:51,625,Low Tide
14-Sep-2028 04:08,1163,High Tide
14-Sep-2028 20:42,648,Low Tide
15-Sep-2028 05:01,1226,High Tide
15-Sep-2028 11:45,935,Low Tide
15-Sep-2028 15:31,1011,High Tide
15-Sep-2028 22:15,635,Low Tide
16-Sep-2028 05:34,1282,High Tide
16-Sep-2028 11:57,838,Low Tide
16-Sep-2028 17:02,1105,High Tide
16-Sep-2028 23:16,622,Low Tide
17-Sep-2028 06:02,1323,High Tide
17-Sep-2028 12:20,720,Low Tide
17-Sep-2028 18:06,1217,High Tide
18-Sep-2028 00:05,633,Low Tide
18-Sep-2028 06:27,1350,High Tide
18-Sep-2028 12:47,590,Low Tide
18-Sep-2028 18:59,1319,High Tide
19-Sep-2028 00:48,669,Low Tide
19-Sep-2028 06:53,1362,High Tide
19-Sep-2028 13:17,468,Low Tide
19-Sep-2028 19:46,1395,High Tide
20-Sep-2028 01:29,721,Low Tide
20-Sep-2028 07:18,1360,High Tide
20-Sep-2028 13:49,374,Low Tide
20-Sep-2028 20:30,1432,High Tide
21-Sep-2028 02:08,777,Low Tide
21-Sep-2028 07:46,1343,High Tide
21-Sep-2028 14:23,325,Low Tide
21-Sep-2028 21:12,1427,High Tide
22-Sep-2028 02:46,826,Low Tide
22-Sep-2028 08:14,1310,High Tide
22-Sep-2028 14:58,327,Low Tide
22-Sep-2028 21:55,1384,High Tide
23-Sep-2028 03:25,867,Low Tide
23-Sep-2028 08:44,1259,High Tide
23-Sep-2028 15:36,377,Low Tide
23-Sep-2028 22:39,1315,High Tide
24-Sep-2028 04:07,903,Low Tide
24-Sep-2028 09:15,1193,High Tide
24-Sep-2028 16:17,461,Low Tide
24-Sep-2028 23:31,1237,High Tide
25-Sep-2028 04:57,936,Low Tide
25-Sep-2028 09:45,1116,High Tide
25-Sep-2028 17:04,563,Low Tide
26-Sep-2028 00:40,1170,High Tide
26-Sep-2028 06:13,964,Low Tide
26-Sep-2028 10:13,1033,High Tide
26-Sep-2028 18:05,666,Low Tide
27-Sep-2028 02:11,1140,High Tide
27-Sep-2028 19:42,747,Low Tide
28-Sep-2028 03:40,1153,High Tide
28-Sep-2028 11:13,870,Low Tide
28-Sep-2028 15:51,966,High Tide
28-Sep-2028 21:39,773,Low Tide
29-Sep-2028 04:38,1186,High Tide
29-Sep-2028 11:34,796,Low Tide
29-Sep-2028 17:12,1045,High Tide
29-Sep-2028 22:52,765,Low Tide
30-Sep-2028 05:18,1215,High Tide
30-Sep-2028 11:54,725,Low Tide
30-Sep-2028 18:01,1130,High Tide
30-Sep-2028 23:40,757,Low Tide
01-Oct-2028 05:48,1233,High Tide
01-Oct-2028 12:15,658,Low Tide
01-Oct-2028 18:38,1207,High Tide
02-Oct-2028 00:18,756,Low Tide
02-Oct-2028 06:13,1240,High Tide
02-Oct-2028 12:35,594,Low Tide
02-Oct-2028 19:09,1271,High Tide
03-Oct-2028 00:52,762,Low Tide
03-Oct-2028 06:35,1237,High Tide
03-Oct-2028 12:56,535,Low Tide
03-Oct-2028 19:38,1320,High Tide
04-Oct-2028 01:23,774,Low Tide
04-Oct-2028 06:54,1227,High Tide
04-Oct-2028 13:17,483,Low Tide
04-Oct-2028 20:05,1351,High Tide
05-Oct-2028 01:52,792,Low Tide
05-Oct-2028 07:13,1213,High Tide
05-Oct-2028 13:39,443,Low Tide
05-Oct-2028 20:31,1364,High Tide
06-Oct-2028 02:19,813,Low Tide
06-Oct-2028 07:32,1197,High Tide
06-Oct-2028 14:03,420,Low Tide
06-Oct-2028 20:59,1358,High Tide
07-Oct-2028 02:47,837,Low Tide
07-Oct-2028 07:53,1179,High Tide
07-Oct-2028 14:28,415,Low Tide
07-Oct-2028 21:28,1335,High Tide
08-Oct-2028 03:15,866,Low Tide
08-Oct-2028 08:15,1159,High Tide
08-Oct-2028 14:56,432,Low Tide
08-Oct-2028 22:01,1297,High Tide
09-Oct-2028 03:46,900,Low Tide
09-Oct-2028 08:39,1135,High Tide
09-Oct-2028 15:28,471,Low Tide
09-Oct-2028 22:43,1249,High Tide
10-Oct-2028 04:24,938,Low Tide
10-Oct-2028 09:05,1106,High Tide
10-Oct-2028 16:07,531,Low Tide
10-Oct-2028 23:39,1201,High Tide
11-Oct-2028 05:22,977,Low Tide
11-Oct-2028 09:34,1066,High Tide
11-Oct-2028 16:57,610,Low Tide
12-Oct-2028 01:02,1173,High Tide
12-Oct-2028 07:21,989,Low Tide
12-Oct-2028 10:21,1011,High Tide
12-Oct-2028 18:11,698,Low Tide
13-Oct-2028 02:31,1180,High Tide
13-Oct-2028 09:40,929,Low Tide
13-Oct-2028 13:52,980,High Tide
13-Oct-2028 20:05,767,Low Tide
14-Oct-2028 03:36,1210,High Tide
14-Oct-2028 10:27,826,Low Tide
14-Oct-2028 16:01,1070,High Tide
14-Oct-2028 21:50,793,Low Tide
15-Oct-2028 04:20,1241,High Tide
15-Oct-2028 11:00,701,Low Tide
15-Oct-2028 17:15,1200,High Tide
15-Oct-2028 23:00,803,Low Tide
16-Oct-2028 04:56,1262,High Tide
16-Oct-2028 11:32,567,Low Tide
16-Oct-2028 18:09,1329,High Tide
16-Oct-2028 23:54,817,Low Tide
17-Oct-2028 05:28,1274,High Tide
17-Oct-2028 12:05,441,Low Tide
17-Oct-2028 18:56,1433,High Tide
18-Oct-2028 00:41,835,Low Tide
18-Oct-2028 06:01,1277,High Tide
18-Oct-2028 12:39,343,Low Tide
18-Oct-2028 19:38,1497,High Tide
19-Oct-2028 01:23,852,Low Tide
19-Oct-2028 06:34,1270,High Tide
19-Oct-2028 13:14,289,Low Tide
19-Oct-2028 20:18,1515,High Tide
20-Oct-2028 02:03,863,Low Tide
20-Oct-2028 07:09,1252,High Tide
20-Oct-2028 13:50,286,Low Tide
20-Oct-2028 20:56,1492,High Tide
21-Oct-2028 02:42,869,Low Tide
21-Oct-2028 07:45,1222,High Tide
21-Oct-2028 14:27,330,Low Tide
21-Oct-2028 21:34,1438,High Tide
22-Oct-2028 03:22,873,Low Tide
22-Oct-2028 08:22,1178,High Tide
22-Oct-2028 15:04,410,Low Tide
22-Oct-2028 22:14,1370,High Tide
23-Oct-2028 04:06,880,Low Tide
23-Oct-2028 09:00,1120,High Tide
23-Oct-2028 15:43,512,Low Tide
23-Oct-2028 22:57,1301,High Tide
24-Oct-2028 05:00,890,Low Tide
24-Oct-2028 09:42,1054,High Tide
24-Oct-2028 16:24,626,Low Tide
24-Oct-2028 23:49,1242,High Tide
25-Oct-2028 06:13,894,Low Tide
25-Oct-2028 10:39,984,High Tide
25-Oct-2028 17:14,741,Low Tide
26-Oct-2028 00:53,1200,High Tide
26-Oct-2028 07:54,873,Low Tide
26-Oct-2028 13:23,944,High Tide
26-Oct-2028 18:31,848,Low Tide
27-Oct-2028 02:03,1180,High Tide
27-Oct-2028 09:30,817,Low Tide
27-Oct-2028 16:01,1007,High Tide
27-Oct-2028 20:35,916,Low Tide
28-Oct-2028 03:06,1175,High Tide
28-Oct-2028 10:19,748,Low Tide
28-Oct-2028 17:10,1107,High Tide
28-Oct-2028 22:17,928,Low Tide
29-Oct-2028 03:56,1176,High Tide
29-Oct-2028 10:52,678,Low Tide
29-Oct-2028 17:52,1204,High Tide
29-Oct-2028 23:19,919,Low Tide
30-Oct-2028 04:34,1175,High Tide
30-Oct-2028 11:20,608,Low Tide
30-Oct-2028 18:25,1289,High Tide
31-Oct-2028 00:04,906,Low Tide
31-Oct-2028 05:06,1172,High Tide
31-Oct-2028 11:46,543,Low Tide
31-Oct-2028 18:54,1357,High Tide
01-Nov-2028 00:41,896,Low Tide
01-Nov-2028 05:34,1166,High Tide
01-Nov-2028 12:11,484,Low Tide
01-Nov-2028 19:22,1407,High Tide
02-Nov-2028 01:15,888,Low Tide
02-Nov-2028 06:01,1160,High Tide
02-Nov-2028 12:37,437,Low Tide
02-Nov-2028 19:49,1438,High Tide
03-Nov-2028 01:46,884,Low Tide
03-Nov-2028 06:27,1154,High Tide
03-Nov-2028 13:04,406,Low Tide
03-Nov-2028 20:17,1451,High Tide
04-Nov-2028 02:16,886,Low Tide
04-Nov-2028 06:55,1149,High Tide
04-Nov-2028 13:31,395,Low Tide
04-Nov-2028 20:45,1445,High Tide
05-Nov-2028 02:46,893,Low Tide
05-Nov-2028 07:24,1145,High Tide
05-Nov-2028 14:01,406,Low Tide
05-Nov-2028 21:16,1423,High Tide
06-Nov-2028 03:17,904,Low Tide
06-Nov-2028 07:56,1138,High Tide
06-Nov-2028 14:33,441,Low Tide
06-Nov-2028 21:50,1391,High Tide
07-Nov-2028 03:53,919,Low Tide
07-Nov-2028 08:31,1125,High Tide
07-Nov-2028 15:08,500,Low Tide
07-Nov-2028 22:29,1354,High Tide
08-Nov-2028 04:39,931,Low Tide
08-Nov-2028 09:12,1100,High Tide
08-Nov-2028 15:49,582,Low Tide
08-Nov-2028 23:15,1317,High Tide
09-Nov-2028 05:40,930,Low Tide
09-Nov-2028 10:09,1061,High Tide
09-Nov-2028 16:36,686,Low Tide
10-Nov-2028 00:09,1288,High Tide
10-Nov-2028 06:58,898,Low Tide
10-Nov-2028 11:53,1024,High Tide
10-Nov-2028 17:40,805,Low Tide
11-Nov-2028 01:08,1268,High Tide
11-Nov-2028 08:15,825,Low Tide
11-Nov-2028 14:24,1060,High Tide
11-Nov-2028 19:18,918,Low Tide
12-Nov-2028 02:05,1256,High Tide
12-Nov-2028 09:17,719,Low Tide
12-Nov-2028 16:08,1176,High Tide
12-Nov-2028 21:15,985,Low Tide
13-Nov-2028 02:57,1246,High Tide
13-Nov-2028 10:06,599,Low Tide
13-Nov-2028 17:16,1310,High Tide
13-Nov-2028 22:45,1003,Low Tide
14-Nov-2028 03:44,1237,High Tide
14-Nov-2028 10:49,485,Low Tide
14-Nov-2028 18:06,1428,High Tide
14-Nov-2028 23:49,997,Low Tide
15-Nov-2028 04:30,1229,High Tide
15-Nov-2028 11:30,393,Low Tide
15-Nov-2028 18:49,1511,High Tide
16-Nov-2028 00:40,979,Low Tide
16-Nov-2028 05:16,1222,High Tide
16-Nov-2028 12:10,337,Low Tide
16-Nov-2028 19:29,1553,High Tide
17-Nov-2028 01:23,955,Low Tide
17-Nov-2028 06:01,1214,High Tide
17-Nov-2028 12:49,321,Low Tide
17-Nov-2028 20:07,1557,High Tide
18-Nov-2028 02:03,928,Low Tide
18-Nov-2028 06:47,1202,High Tide
18-Nov-2028 13:28,346,Low Tide
18-Nov-2028 20:43,1533,High Tide
19-Nov-2028 02:42,903,Low Tide
19-Nov-2028 07:32,1183,High Tide
19-Nov-2028 14:06,405,Low Tide
19-Nov-2028 21:18,1493,High Tide
20-Nov-2028 03:22,882,Low Tide
20-Nov-2028 08:17,1153,High Tide
20-Nov-2028 14:43,488,Low Tide
20-Nov-2028 21:53,1449,High Tide
21-Nov-2028 04:06,867,Low Tide
21-Nov-2028 09:02,1113,High Tide
21-Nov-2028 15:19,586,Low Tide
21-Nov-2028 22:29,1404,High Tide
22-Nov-2028 04:54,856,Low Tide
22-Nov-2028 09:52,1067,High Tide
22-Nov-2028 15:55,695,Low Tide
22-Nov-2028 23:06,1361,High Tide
23-Nov-2028 05:49,843,Low Tide
23-Nov-2028 10:59,1025,High Tide
23-Nov-2028 16:33,809,Low Tide
23-Nov-2028 23:45,1318,High Tide
24-Nov-2028 06:49,821,Low Tide
24-Nov-2028 12:53,1010,High Tide
24-Nov-2028 17:21,923,Low Tide
25-Nov-2028 00:26,1276,High Tide
25-Nov-2028 07:50,786,Low Tide
25-Nov-2028 15:19,1063,High Tide
25-Nov-2028 18:46,1027,Low Tide
26-Nov-2028 01:12,1235,High Tide
26-Nov-2028 08:48,738,Low Tide
26-Nov-2028 16:49,1159,High Tide
26-Nov-2028 21:02,1084,Low Tide
27-Nov-2028 02:02,1200,High Tide
27-Nov-2028 09:38,680,Low Tide
27-Nov-2028 17:35,1255,High Tide
27-Nov-2028 22:47,1082,Low Tide
28-Nov-2028 02:54,1171,High Tide
28-Nov-2028 10:21,617,Low Tide
28-Nov-2028 18:10,1339,High Tide
28-Nov-2028 23:51,1056,Low Tide
29-Nov-2028 03:43,1152,High Tide
29-Nov-2028 10:58,556,Low Tide
29-Nov-2028 18:40,1407,High Tide
30-Nov-2028 00:36,1027,Low Tide
30-Nov-2028 04:28,1142,High Tide
30-Nov-2028 11:33,502,Low Tide
30-Nov-2028 19:09,1460,High Tide
01-Dec-2028 01:12,1000,Low Tide
01-Dec-2028 05:11,1140,High Tide
01-Dec-2028 12:07,459,Low Tide
01-Dec-2028 19:38,1497,High Tide
02-Dec-2028 01:45,978,Low Tide
02-Dec-2028 05:52,1146,High Tide
02-Dec-2028 12:40,432,Low Tide
02-Dec-2028 20:07,1517,High Tide
03-Dec-2028 02:15,962,Low Tide
03-Dec-2028 06:33,1158,High Tide
03-Dec-2028 13:14,426,Low Tide
03-Dec-2028 20:37,1522,High Tide
04-Dec-2028 02:46,950,Low Tide
04-Dec-2028 07:14,1172,High Tide
04-Dec-2028 13:49,444,Low Tide
04-Dec-2028 21:09,1515,High Tide
05-Dec-2028 03:19,938,Low Tide
05-Dec-2028 07:57,1181,High Tide
05-Dec-2028 14:25,490,Low Tide
05-Dec-2028 21:41,1499,High Tide
06-Dec-2028 03:56,921,Low Tide
06-Dec-2028 08:44,1179,High Tide
06-Dec-2028 15:02,563,Low Tide
06-Dec-2028 22:14,1478,High Tide
07-Dec-2028 04:38,894,Low Tide
07-Dec-2028 09:37,1162,High Tide
07-Dec-2028 15:41,663,Low Tide
07-Dec-2028 22:48,1453,High Tide
08-Dec-2028 05:27,853,Low Tide
08-Dec-2028 10:45,1137,High Tide
08-Dec-2028 16:24,786,Low Tide
08-Dec-2028 23:23,1422,High Tide
09-Dec-2028 06:21,795,Low Tide
09-Dec-2028 12:19,1127,High Tide
09-Dec-2028 17:15,923,Low Tide
10-Dec-2028 00:00,1384,High Tide
10-Dec-2028 07:19,724,Low Tide
10-Dec-2028 14:15,1170,High Tide
10-Dec-2028 18:30,1056,Low Tide
11-Dec-2028 00:41,1339,High Tide
11-Dec-2028 08:18,647,Low Tide
11-Dec-2028 15:58,1268,High Tide
11-Dec-2028 20:27,1149,Low Tide
12-Dec-2028 01:30,1289,High Tide
12-Dec-2028 09:17,571,Low Tide
12-Dec-2028 17:10,1376,High Tide
12-Dec-2028 22:33,1161,Low Tide
13-Dec-2028 02:32,1243,High Tide
13-Dec-2028 10:14,504,Low Tide
13-Dec-2028 18:01,1466,High Tide
13-Dec-2028 23:57,1122,Low Tide
14-Dec-2028 03:41,1211,High Tide
14-Dec-2028 11:06,454,Low Tide
14-Dec-2028 18:45,1526,High Tide
15-Dec-2028 00:50,1070,Low Tide
15-Dec-2028 04:48,1197,High Tide
15-Dec-2028 11:54,428,Low Tide
15-Dec-2028 19:23,1557,High Tide
16-Dec-2028 01:30,1016,Low Tide
16-Dec-2028 05:50,1197,High Tide
16-Dec-2028 12:38,429,Low Tide
16-Dec-2028 19:59,1567,High Tide
17-Dec-2028 02:07,966,Low Tide
17-Dec-2028 06:46,1200,High Tide
17-Dec-2028 13:19,456,Low Tide
17-Dec-2028 20:33,1562,High Tide
18-Dec-2028 02:42,922,Low Tide
18-Dec-2028 07:37,1198,High Tide
18-Dec-2028 13:56,508,Low Tide
18-Dec-2028 21:04,1550,High Tide
19-Dec-2028 03:18,883,Low Tide
19-Dec-2028 08:23,1189,High Tide
19-Dec-2028 14:31,579,Low Tide
19-Dec-2028 21:34,1531,High Tide
20-Dec-2028 03:54,851,Low Tide
20-Dec-2028 09:08,1172,High Tide
20-Dec-2028 15:04,664,Low Tide
20-Dec-2028 22:01,1505,High Tide
21-Dec-2028 04:32,825,Low Tide
21-Dec-2028 09:54,1151,High Tide
21-Dec-2028 15:35,760,Low Tide
21-Dec-2028 22:27,1472,High Tide
22-Dec-2028 05:10,802,Low Tide
22-Dec-2028 10:47,1130,High Tide
22-Dec-2028 16:07,862,Low Tide
22-Dec-2028 22:51,1431,High Tide
23-Dec-2028 05:50,780,Low Tide
23-Dec-2028 11:56,1115,High Tide
23-Dec-2028 16:40,967,Low Tide
23-Dec-2028 23:14,1383,High Tide
24-Dec-2028 06:34,758,Low Tide
24-Dec-2028 13:38,1124,High Tide
24-Dec-2028 17:19,1069,Low Tide
24-Dec-2028 23:37,1332,High Tide
25-Dec-2028 07:23,734,Low Tide
25-Dec-2028 15:49,1179,High Tide
25-Dec-2028 18:38,1162,Low Tide
26-Dec-2028 00:02,1279,High Tide
26-Dec-2028 08:18,703,Low Tide
26-Dec-2028 17:16,1263,High Tide
26-Dec-2028 21:34,1206,Low Tide
27-Dec-2028 00:33,1226,High Tide
27-Dec-2028 09:16,664,Low Tide
27-Dec-2028 17:58,1343,High Tide
28-Dec-2028 00:01,1172,Low Tide
28-Dec-2028 01:41,1178,High Tide
28-Dec-2028 10:13,617,Low Tide
28-Dec-2028 18:30,1415,High Tide
29-Dec-2028 00:47,1126,Low Tide
29-Dec-2028 03:16,1150,High Tide
29-Dec-2028 11:02,567,Low Tide
29-Dec-2028 19:00,1477,High Tide
30-Dec-2028 01:16,1084,Low Tide
30-Dec-2028 04:32,1151,High Tide
30-Dec-2028 11:46,522,Low Tide
30-Dec-2028 19:30,1526,High Tide
31-Dec-2028 01:43,1046,Low Tide
31-Dec-2028 05:34,1174,High Tide
31-Dec-2028 12:27,491,Low Tide
31-Dec-2028 19:59,1562,High Tide
01-Jan-2029 02:10,1010,Low Tide
01-Jan-2029 06:28,1209,High Tide
01-Jan-2029 13:06,484,Low Tide
01-Jan-2029 20:28,1585,High Tide
02-Jan-2029 02:38,970,Low Tide
02-Jan-2029 07:19,1244,High Tide
02-Jan-2029 13:44,506,Low Tide
02-Jan-2029 20:56,1595,High Tide
03-Jan-2029 03:09,923,Low Tide
03-Jan-2029 08:09,1271,High Tide
03-Jan-2029 14:20,561,Low Tide
03-Jan-2029 21:23,1594,High Tide
04-Jan-2029 03:42,866,Low Tide
04-Jan-2029 08:59,1283,High Tide
04-Jan-2029 14:57,649,Low Tide
04-Jan-2029 21:49,1581,High Tide
05-Jan-2029 04:18,802,Low Tide
05-Jan-2029 09:54,1278,High Tide
05-Jan-2029 15:34,761,Low Tide
05-Jan-2029 22:15,1557,High Tide
06-Jan-2029 04:58,739,Low Tide
06-Jan-2029 10:56,1262,High Tide
06-Jan-2029 16:12,889,Low Tide
06-Jan-2029 22:41,1518,High Tide
07-Jan-2029 05:42,685,Low Tide
07-Jan-2029 12:11,1249,High Tide
07-Jan-2029 16:55,1020,Low Tide
07-Jan-2029 23:07,1465,High Tide
08-Jan-2029 06:31,647,Low Tide
08-Jan-2029 13:46,1259,High Tide
08-Jan-2029 17:51,1141,Low Tide
08-Jan-2029 23:35,1399,High Tide
09-Jan-2029 07:28,626,Low Tide
09-Jan-2029 15:32,1306,High Tide
09-Jan-2029 19:30,1231,Low Tide
10-Jan-2029 00:06,1324,High Tide
10-Jan-2029 08:36,613,Low Tide
10-Jan-2029 17:01,1378,High Tide
10-Jan-2029 22:40,1237,Low Tide
11-Jan-2029 01:06,1246,High Tide
11-Jan-2029 09:50,596,Low Tide
11-Jan-2029 17:59,1445,High Tide
12-Jan-2029 00:29,1164,Low Tide
12-Jan-2029 03:14,1192,High Tide
12-Jan-2029 10:57,572,Low Tide
12-Jan-2029 18:42,1498,High Tide
13-Jan-2029 01:05,1089,Low Tide
13-Jan-2029 04:52,1185,High Tide
13-Jan-2029 11:52,553,Low Tide
13-Jan-2029 19:18,1537,High Tide
14-Jan-2029 01:35,1020,Low Tide
14-Jan-2029 06:04,1206,High Tide
14-Jan-2029 12:37,552,Low Tide
14-Jan-2029 19:50,1564,High Tide
15-Jan-2029 02:04,957,Low Tide
15-Jan-2029 07:01,1231,High Tide
15-Jan-2029 13:15,571,Low Tide
15-Jan-2029 20:18,1579,High Tide
16-Jan-2029 02:33,901,Low Tide
16-Jan-2029 07:48,1252,High Tide
16-Jan-2029 13:49,612,Low Tide
16-Jan-2029 20:44,1582,High Tide
17-Jan-2029 03:01,851,Low Tide
17-Jan-2029 08:29,1264,High Tide
17-Jan-2029 14:21,669,Low Tide
17-Jan-2029 21:08,1574,High Tide
18-Jan-2029 03:29,808,Low Tide
18-Jan-2029 09:07,1268,High Tide
18-Jan-2029 14:50,739,Low Tide
18-Jan-2029 21:29,1553,High Tide
19-Jan-2029 03:57,773,Low Tide
19-Jan-2029 09:45,1264,High Tide
19-Jan-2029 15:19,817,Low Tide
19-Jan-2029 21:48,1522,High Tide
20-Jan-2029 04:26,746,Low Tide
20-Jan-2029 10:24,1251,High Tide
20-Jan-2029 15:47,900,Low Tide
20-Jan-2029 22:06,1482,High Tide
21-Jan-2029 04:57,726,Low Tide
21-Jan-2029 11:10,1230,High Tide
21-Jan-2029 16:14,986,Low Tide
21-Jan-2029 22:23,1436,High Tide
22-Jan-2029 05:31,715,Low Tide
22-Jan-2029 12:11,1206,High Tide
22-Jan-2029 16:42,1071,Low Tide
22-Jan-2029 22:39,1386,High Tide
23-Jan-2029 06:10,711,Low Tide
23-Jan-2029 13:47,1197,High Tide
23-Jan-2029 17:10,1155,Low Tide
23-Jan-2029 22:53,1333,High Tide
24-Jan-2029 07:00,712,Low Tide
24-Jan-2029 16:38,1238,High Tide
24-Jan-2029 18:16,1236,Low Tide
24-Jan-2029 22:55,1281,High Tide
25-Jan-2029 08:05,710,Low Tide
25-Jan-2029 17:51,1317,High Tide
26-Jan-2029 09:25,689,Low Tide
26-Jan-2029 18:20,1395,High Tide
27-Jan-2029 10:37,646,Low Tide
27-Jan-2029 18:48,1466,High Tide
28-Jan-2029 01:14,1112,Low Tide
28-Jan-2029 04:15,1161,High Tide
28-Jan-2029 11:32,599,Low Tide
28-Jan-2029 19:14,1528,High Tide
29-Jan-2029 01:29,1057,Low Tide
29-Jan-2029 05:35,1210,High Tide
29-Jan-2029 12:18,567,Low Tide
29-Jan-2029 19:40,1576,High Tide
30-Jan-2029 01:50,991,Low Tide
30-Jan-2029 06:35,1274,High Tide
30-Jan-2029 12:58,563,Low Tide
30-Jan-2029 20:05,1608,High Tide
31-Jan-2029 02:15,913,Low Tide
31-Jan-2029 07:28,1335,High Tide
31-Jan-2029 13:36,596,Low Tide
31-Jan-2029 20:28,1625,High Tide
01-Feb-2029 02:43,825,Low Tide
01-Feb-2029 08:18,1382,High Tide
01-Feb-2029 14:13,663,Low Tide
01-Feb-2029 20:51,1626,High Tide
02-Feb-2029 03:14,735,Low Tide
02-Feb-2029 09:07,1406,High Tide
02-Feb-2029 14:49,756,Low Tide
02-Feb-2029 21:14,1612,High Tide
03-Feb-2029 03:48,658,Low Tide
03-Feb-2029 09:57,1406,High Tide
03-Feb-2029 15:25,863,Low Tide
03-Feb-2029 21:38,1582,High Tide
04-Feb-2029 04:24,605,Low Tide
04-Feb-2029 10:50,1383,High Tide
04-Feb-2029 16:02,970,Low Tide
04-Feb-2029 22:02,1534,High Tide
05-Feb-2029 05:04,587,Low Tide
05-Feb-2029 11:52,1345,High Tide
05-Feb-2029 16:41,1070,Low Tide
05-Feb-2029 22:26,1468,High Tide
06-Feb-2029 05:50,604,Low Tide
06-Feb-2029 13:10,1308,High Tide
06-Feb-2029 17:30,1158,Low Tide
06-Feb-2029 22:50,1389,High Tide
07-Feb-2029 06:46,646,Low Tide
07-Feb-2029 14:53,1300,High Tide
07-Feb-2029 18:53,1228,Low Tide
07-Feb-2029 23:08,1301,High Tide
08-Feb-2029 08:01,691,Low Tide
08-Feb-2029 16:43,1339,High Tide
09-Feb-2029 09:36,708,Low Tide
09-Feb-2029 17:47,1398,High Tide
10-Feb-2029 00:42,1120,Low Tide
10-Feb-2029 03:40,1156,High Tide
10-Feb-2029 10:56,693,Low Tide
10-Feb-2029 18:27,1454,High Tide
11-Feb-2029 00:59,1038,Low Tide
11-Feb-2029 05:22,1186,High Tide
11-Feb-2029 11:51,674,Low Tide
11-Feb-2029 19:00,1500,High Tide
12-Feb-2029 01:22,961,Low Tide
12-Feb-2029 06:26,1236,High Tide
12-Feb-2029 12:33,671,Low Tide
12-Feb-2029 19:28,1533,High Tide
13-Feb-2029 01:45,892,Low Tide
13-Feb-2029 07:13,1284,High Tide
13-Feb-2029 13:09,686,Low Tide
13-Feb-2029 19:52,1550,High Tide
14-Feb-2029 02:08,830,Low Tide
14-Feb-2029 07:52,1323,High Tide
14-Feb-2029 13:40,718,Low Tide
14-Feb-2029 20:14,1553,High Tide
15-Feb-2029 02:31,776,Low Tide
15-Feb-2029 08:27,1351,High Tide
15-Feb-2029 14:10,761,Low Tide
15-Feb-2029 20:34,1542,High Tide
16-Feb-2029 02:54,729,Low Tide
16-Feb-2029 08:59,1367,High Tide
16-Feb-2029 14:38,812,Low Tide
16-Feb-2029 20:52,1519,High Tide
17-Feb-2029 03:17,692,Low Tide
17-Feb-2029 09:30,1368,High Tide
17-Feb-2029 15:05,868,Low Tide
17-Feb-2029 21:08,1489,High Tide
18-Feb-2029 03:42,665,Low Tide
18-Feb-2029 10:02,1354,High Tide
18-Feb-2029 15:31,929,Low Tide
18-Feb-2029 21:25,1453,High Tide
19-Feb-2029 04:09,652,Low Tide
19-Feb-2029 10:37,1325,High Tide
19-Feb-2029 15:57,991,Low Tide
19-Feb-2029 21:41,1412,High Tide
20-Feb-2029 04:38,654,Low Tide
20-Feb-2029 11:21,1285,High Tide
20-Feb-2029 16:23,1057,Low Tide
20-Feb-2029 21:57,1368,High Tide
21-Feb-2029 05:12,670,Low Tide
21-Feb-2029 12:23,1243,High Tide
21-Feb-2029 16:50,1126,Low Tide
21-Feb-2029 22:12,1320,High Tide
22-Feb-2029 05:55,700,Low Tide
22-Feb-2029 14:14,1226,High Tide
22-Feb-2029 17:28,1199,Low Tide
22-Feb-2029 22:16,1272,High Tide
23-Feb-2029 06:57,734,Low Tide
23-Feb-2029 17:03,1278,High Tide
24-Feb-2029 08:33,752,Low Tide
24-Feb-2029 17:46,1355,High Tide
25-Feb-2029 10:10,729,Low Tide
25-Feb-2029 18:13,1428,High Tide
26-Feb-2029 00:41,1075,Low Tide
26-Feb-2029 04:26,1168,High Tide
26-Feb-2029 11:15,692,Low Tide
26-Feb-2029 18:38,1489,High Tide
27-Feb-2029 00:54,991,Low Tide
27-Feb-2029 05:45,1252,High Tide
27-Feb-2029 12:04,672,Low Tide
27-Feb-2029 19:02,1534,High Tide
28-Feb-2029 01:15,888,Low Tide
28-Feb-2029 06:43,1347,High Tide
28-Feb-2029 12:46,683,Low Tide
28-Feb-2029 19:25,1563,High Tide
01-Mar-2029 01:40,773,Low Tide
01-Mar-2029 07:33,1432,High Tide
01-Mar-2029 13:26,725,Low Tide
01-Mar-2029 19:48,1575,High Tide
02-Mar-2029 02:09,659,Low Tide
02-Mar-2029 08:20,1492,High Tide
02-Mar-2029 14:03,791,Low Tide
02-Mar-2029 20:11,1573,High Tide
03-Mar-2029 02:40,565,Low Tide
03-Mar-2029 09:05,1519,High Tide
03-Mar-2029 14:40,866,Low Tide
03-Mar-2029 20:36,1555,High Tide
04-Mar-2029 03:13,506,Low Tide
04-Mar-2029 09:50,1509,High Tide
04-Mar-2029 15:17,940,Low Tide
04-Mar-2029 21:02,1519,High Tide
05-Mar-2029 03:50,494,Low Tide
05-Mar-2029 10:36,1466,High Tide
05-Mar-2029 15:55,1007,Low Tide
05-Mar-2029 21:29,1465,High Tide
06-Mar-2029 04:29,528,Low Tide
06-Mar-2029 11:28,1400,High Tide
06-Mar-2029 16:36,1066,Low Tide
06-Mar-2029 21:58,1393,High Tide
07-Mar-2029 05:14,599,Low Tide
07-Mar-2029 12:34,1331,High Tide
07-Mar-2029 17:28,1120,Low Tide
07-Mar-2029 22:26,1307,High Tide
08-Mar-2029 06:09,688,Low Tide
08-Mar-2029 14:04,1287,High Tide
08-Mar-2029 18:59,1162,Low Tide
08-Mar-2029 22:49,1214,High Tide
09-Mar-2029 07:28,772,Low Tide
09-Mar-2029 15:51,1296,High Tide
09-Mar-2029 23:58,1117,Low Tide
10-Mar-2029 01:41,1121,High Tide
10-Mar-2029 09:18,815,Low Tide
10-Mar-2029 17:04,1342,High Tide
11-Mar-2029 00:03,1026,Low Tide
11-Mar-2029 04:28,1140,High Tide
11-Mar-2029 10:47,810,Low Tide
11-Mar-2029 17:48,1391,High Tide
12-Mar-2029 00:26,942,Low Tide
12-Mar-2029 05:46,1209,High Tide
12-Mar-2029 11:42,798,Low Tide
12-Mar-2029 18:21,1430,High Tide
13-Mar-2029 00:48,864,Low Tide
13-Mar-2029 06:36,1281,High Tide
13-Mar-2029 12:24,795,Low Tide
13-Mar-2029 18:49,1453,High Tide
14-Mar-2029 01:10,795,Low Tide
14-Mar-2029 07:15,1345,High Tide
14-Mar-2029 12:59,805,Low Tide
14-Mar-2029 19:13,1460,High Tide
15-Mar-2029 01:31,732,Low Tide
15-Mar-2029 07:48,1395,High Tide
15-Mar-2029 13:30,823,Low Tide
15-Mar-2029 19:34,1454,High Tide
16-Mar-2029 01:52,678,Low Tide
16-Mar-2029 08:17,1429,High Tide
16-Mar-2029 14:00,848,Low Tide
16-Mar-2029 19:53,1438,High Tide
17-Mar-2029 02:14,633,Low Tide
17-Mar-2029 08:46,1445,High Tide
17-Mar-2029 14:28,878,Low Tide
17-Mar-2029 20:11,1416,High Tide
18-Mar-2029 02:36,600,Low Tide
18-Mar-2029 09:13,1444,High Tide
18-Mar-2029 14:55,912,Low Tide
18-Mar-2029 20:28,1391,High Tide
19-Mar-2029 03:00,581,Low Tide
19-Mar-2029 09:42,1425,High Tide
19-Mar-2029 15:21,949,Low Tide
19-Mar-2029 20:46,1362,High Tide
20-Mar-2029 03:26,580,Low Tide
20-Mar-2029 10:13,1391,High Tide
20-Mar-2029 15:48,991,Low Tide
20-Mar-2029 21:06,1331,High Tide
21-Mar-2029 03:55,597,Low Tide
21-Mar-2029 10:50,1346,High Tide
21-Mar-2029 16:17,1038,Low Tide
21-Mar-2029 21:26,1296,High Tide
22-Mar-2029 04:28,633,Low Tide
22-Mar-2029 11:41,1297,High Tide
22-Mar-2029 16:54,1092,Low Tide
22-Mar-2029 21:46,1256,High Tide
23-Mar-2029 05:09,685,Low Tide
23-Mar-2029 12:59,1260,High Tide
23-Mar-2029 17:59,1146,Low Tide
23-Mar-2029 22:03,1209,High Tide
24-Mar-2029 06:07,749,Low Tide
24-Mar-2029 14:52,1264,High Tide
25-Mar-2029 07:42,805,Low Tide
25-Mar-2029 16:19,1312,High Tide
25-Mar-2029 23:27,1073,Low Tide
26-Mar-2029 02:46,1112,High Tide
26-Mar-2029 09:34,822,Low Tide
26-Mar-2029 17:05,1366,High Tide
26-Mar-2029 23:39,977,Low Tide
27-Mar-2029 04:42,1195,High Tide
27-Mar-2029 10:51,814,Low Tide
27-Mar-2029 17:37,1411,High Tide
28-Mar-2029 00:03,860,Low Tide
28-Mar-2029 05:51,1312,High Tide
28-Mar-2029 11:46,816,Low Tide
28-Mar-2029 18:05,1441,High Tide
29-Mar-2029 00:30,729,Low Tide
29-Mar-2029 06:45,1427,High Tide
29-Mar-2029 12:33,836,Low Tide
29-Mar-2029 18:32,1459,High Tide
30-Mar-2029 00:59,599,Low Tide
30-Mar-2029 07:31,1521,High Tide
30-Mar-2029 13:15,870,Low Tide
30-Mar-2029 18:59,1465,High Tide
31-Mar-2029 01:31,492,Low Tide
31-Mar-2029 08:15,1578,High Tide
31-Mar-2029 13:56,908,Low Tide
31-Mar-2029 19:28,1459,High Tide
01-Apr-2029 02:05,426,Low Tide
01-Apr-2029 08:56,1591,High Tide
01-Apr-2029 14:35,943,Low Tide
01-Apr-2029 19:59,1440,High Tide
02-Apr-2029 02:41,411,Low Tide
02-Apr-2029 09:37,1562,High Tide
02-Apr-2029 15:13,972,Low Tide
02-Apr-2029 20:33,1404,High Tide
03-Apr-2029 03:19,446,Low Tide
03-Apr-2029 10:20,1502,High Tide
03-Apr-2029 15:54,995,Low Tide
03-Apr-2029 21:08,1350,High Tide
04-Apr-2029 04:00,523,Low Tide
04-Apr-2029 11:06,1427,High Tide
04-Apr-2029 16:41,1018,Low Tide
04-Apr-2029 21:46,1279,High Tide
05-Apr-2029 04:45,625,Low Tide
05-Apr-2029 12:02,1354,High Tide
05-Apr-2029 17:42,1040,Low Tide
05-Apr-2029 22:29,1196,High Tide
06-Apr-2029 05:38,738,Low Tide
06-Apr-2029 13:12,1302,High Tide
06-Apr-2029 19:17,1047,Low Tide
06-Apr-2029 23:49,1112,High Tide
07-Apr-2029 06:50,843,Low Tide
07-Apr-2029 14:35,1284,High Tide
07-Apr-2029 21:44,1001,Low Tide
08-Apr-2029 02:52,1089,High Tide
08-Apr-2029 08:39,913,Low Tide
08-Apr-2029 15:49,1296,High Tide
08-Apr-2029 22:56,920,Low Tide
09-Apr-2029 04:47,1157,High Tide
09-Apr-2029 10:19,930,Low Tide
09-Apr-2029 16:42,1317,High Tide
09-Apr-2029 23:31,842,Low Tide
10-Apr-2029 05:48,1245,High Tide
10-Apr-2029 11:23,924,Low Tide
10-Apr-2029 17:22,1332,High Tide
10-Apr-2029 23:58,769,Low Tide
11-Apr-2029 06:30,1327,High Tide
11-Apr-2029 12:09,918,Low Tide
11-Apr-2029 17:54,1337,High Tide
12-Apr-2029 00:23,703,Low Tide
12-Apr-2029 07:05,1395,High Tide
12-Apr-2029 12:47,914,Low Tide
12-Apr-2029 18:22,1332,High Tide
13-Apr-2029 00:46,643,Low Tide
13-Apr-2029 07:35,1446,High Tide
13-Apr-2029 13:21,915,Low Tide
13-Apr-2029 18:45,1321,High Tide
14-Apr-2029 01:10,592,Low Tide
14-Apr-2029 08:03,1477,High Tide
14-Apr-2029 13:52,920,Low Tide
14-Apr-2029 19:07,1306,High Tide
15-Apr-2029 01:34,553,Low Tide
15-Apr-2029 08:30,1489,High Tide
15-Apr-2029 14:21,929,Low Tide
15-Apr-2029 19:29,1291,High Tide
16-Apr-2029 01:58,529,Low Tide
16-Apr-2029 08:57,1484,High Tide
16-Apr-2029 14:49,942,Low Tide
16-Apr-2029 19:51,1275,High Tide
17-Apr-2029 02:24,523,Low Tide
17-Apr-2029 09:25,1464,High Tide
17-Apr-2029 15:18,960,Low Tide
17-Apr-2029 20:15,1259,High Tide
18-Apr-2029 02:52,536,Low Tide
18-Apr-2029 09:56,1432,High Tide
18-Apr-2029 15:49,984,Low Tide
18-Apr-2029 20:41,1240,High Tide
19-Apr-2029 03:23,569,Low Tide
19-Apr-2029 10:32,1392,High Tide
19-Apr-2029 16:25,1012,Low Tide
19-Apr-2029 21:10,1215,High Tide
20-Apr-2029 03:58,620,Low Tide
20-Apr-2029 11:18,1350,High Tide
20-Apr-2029 17:13,1040,Low Tide
20-Apr-2029 21:44,1181,High Tide
21-Apr-2029 04:40,690,Low Tide
21-Apr-2029 12:17,1316,High Tide
21-Apr-2029 18:28,1055,Low Tide
21-Apr-2029 22:34,1136,High Tide
22-Apr-2029 05:36,776,Low Tide
22-Apr-2029 13:29,1301,High Tide
22-Apr-2029 20:13,1029,Low Tide
23-Apr-2029 00:38,1093,High Tide
23-Apr-2029 06:59,866,Low Tide
23-Apr-2029 14:38,1305,High Tide
23-Apr-2029 21:37,949,Low Tide
24-Apr-2029 03:12,1137,High Tide
24-Apr-2029 08:50,930,Low Tide
24-Apr-2029 15:34,1319,High Tide
24-Apr-2029 22:27,835,Low Tide
25-Apr-2029 04:45,1250,High Tide
25-Apr-2029 10:22,957,Low Tide
25-Apr-2029 16:18,1331,High Tide
25-Apr-2029 23:06,705,Low Tide
26-Apr-2029 05:49,1378,High Tide
26-Apr-2029 11:29,969,Low Tide
26-Apr-2029 16:57,1338,High Tide
26-Apr-2029 23:42,576,Low Tide
27-Apr-2029 06:39,1492,High Tide
27-Apr-2029 12:22,977,Low Tide
27-Apr-2029 17:34,1342,High Tide
28-Apr-2029 00:19,467,Low Tide
28-Apr-2029 07:23,1572,High Tide
28-Apr-2029 13:09,981,Low Tide
28-Apr-2029 18:12,1341,High Tide
29-Apr-2029 00:57,395,Low Tide
29-Apr-2029 08:05,1608,High Tide
29-Apr-2029 13:52,979,Low Tide
29-Apr-2029 18:51,1334,High Tide
30-Apr-2029 01:35,371,Low Tide
30-Apr-2029 08:44,1602,High Tide
30-Apr-2029 14:32,970,Low Tide
30-Apr-2029 19:33,1318,High Tide
01-May-2029 02:15,396,Low Tide
01-May-2029 09:23,1564,High Tide
01-May-2029 15:14,958,Low Tide
01-May-2029 20:16,1288,High Tide
02-May-2029 02:56,462,Low Tide
02-May-2029 10:03,1507,High Tide
02-May-2029 15:58,947,Low Tide
02-May-2029 21:02,1243,High Tide
03-May-2029 03:37,557,Low Tide
03-May-2029 10:45,1447,High Tide
03-May-2029 16:49,940,Low Tide
03-May-2029 21:53,1184,High Tide
04-May-2029 04:21,668,Low Tide
04-May-2029 11:31,1391,High Tide
04-May-2029 17:50,933,Low Tide
04-May-2029 22:56,1121,High Tide
05-May-2029 05:08,785,Low Tide
05-May-2029 12:22,1344,High Tide
05-May-2029 19:02,915,Low Tide
06-May-2029 00:40,1077,High Tide
06-May-2029 06:08,898,Low Tide
06-May-2029 13:19,1307,High Tide
06-May-2029 20:22,879,Low Tide
07-May-2029 02:56,1099,High Tide
07-May-2029 07:38,990,Low Tide
07-May-2029 14:18,1280,High Tide
07-May-2029 21:30,825,Low Tide
08-May-2029 04:35,1177,High Tide
08-May-2029 09:29,1034,Low Tide
08-May-2029 15:13,1260,High Tide
08-May-2029 22:20,763,Low Tide
09-May-2029 05:33,1267,High Tide
09-May-2029 10:54,1035,Low Tide
09-May-2029 16:02,1242,High Tide
09-May-2029 22:58,700,Low Tide
10-May-2029 06:14,1347,High Tide
10-May-2029 11:51,1020,Low Tide
10-May-2029 16:43,1227,High Tide
10-May-2029 23:31,640,Low Tide
11-May-2029 06:48,1411,High Tide
11-May-2029 12:36,1001,Low Tide
11-May-2029 17:18,1213,High Tide
12-May-2029 00:01,586,Low Tide
12-May-2029 07:19,1457,High Tide
12-May-2029 13:13,984,Low Tide
12-May-2029 17:50,1202,High Tide
13-May-2029 00:30,542,Low Tide
13-May-2029 07:48,1485,High Tide
13-May-2029 13:47,970,Low Tide
13-May-2029 18:21,1194,High Tide
14-May-2029 00:58,511,Low Tide
14-May-2029 08:16,1497,High Tide
14-May-2029 14:18,961,Low Tide
14-May-2029 18:52,1190,High Tide
15-May-2029 01:28,496,Low Tide
15-May-2029 08:44,1494,High Tide
15-May-2029 14:49,957,Low Tide
15-May-2029 19:23,1188,High Tide
16-May-2029 01:58,500,Low Tide
16-May-2029 09:13,1481,High Tide
16-May-2029 15:20,957,Low Tide
16-May-2029 19:57,1187,High Tide
17-May-2029 02:30,523,Low Tide
17-May-2029 09:45,1459,High Tide
17-May-2029 15:54,961,Low Tide
17-May-2029 20:33,1181,High Tide
18-May-2029 03:04,567,Low Tide
18-May-2029 10:20,1433,High Tide
18-May-2029 16:34,962,Low Tide
18-May-2029 21:15,1167,High Tide
19-May-2029 03:42,632,Low Tide
19-May-2029 10:59,1406,High Tide
19-May-2029 17:22,954,Low Tide
19-May-2029 22:07,1143,High Tide
20-May-2029 04:24,717,Low Tide
20-May-2029 11:41,1380,High Tide
20-May-2029 18:20,927,Low Tide
20-May-2029 23:23,1115,High Tide
21-May-2029 05:16,822,Low Tide
21-May-2029 12:28,1354,High Tide
21-May-2029 19:24,872,Low Tide
22-May-2029 01:18,1119,High Tide
22-May-2029 06:25,936,Low Tide
22-May-2029 13:16,1328,High Tide
22-May-2029 20:26,789,Low Tide
23-May-2029 03:13,1189,High Tide
23-May-2029 08:04,1033,Low Tide
23-May-2029 14:05,1302,High Tide
23-May-2029 21:22,686,Low Tide
24-May-2029 04:38,1301,High Tide
24-May-2029 09:51,1082,Low Tide
24-May-2029 14:56,1277,High Tide
24-May-2029 22:14,580,Low Tide
25-May-2029 05:40,1414,High Tide
25-May-2029 11:16,1085,Low Tide
25-May-2029 15:48,1258,High Tide
25-May-2029 23:01,485,Low Tide
26-May-2029 06:30,1504,High Tide
26-May-2029 12:18,1065,Low Tide
26-May-2029 16:41,1245,High Tide
26-May-2029 23:47,417,Low Tide
27-May-2029 07:13,1558,High Tide
27-May-2029 13:08,1033,Low Tide
27-May-2029 17:35,1238,High Tide
28-May-2029 00:32,386,Low Tide
28-May-2029 07:54,1576,High Tide
28-May-2029 13:51,994,Low Tide
28-May-2029 18:29,1234,High Tide
29-May-2029 01:15,394,Low Tide
29-May-2029 08:32,1566,High Tide
29-May-2029 14:33,952,Low Tide
29-May-2029 19:23,1226,High Tide
30-May-2029 01:58,438,Low Tide
30-May-2029 09:09,1539,High Tide
30-May-2029 15:14,913,Low Tide
30-May-2029 20:15,1209,High Tide
31-May-2029 02:39,511,Low Tide
31-May-2029 09:45,1505,High Tide
31-May-2029 15:58,878,Low Tide
31-May-2029 21:08,1181,High Tide
01-Jun-2029 03:19,604,Low Tide
01-Jun-2029 10:21,1468,High Tide
01-Jun-2029 16:44,848,Low Tide
01-Jun-2029 22:03,1145,High Tide
02-Jun-2029 03:59,708,Low Tide
02-Jun-2029 10:57,1429,High Tide
02-Jun-2029 17:33,824,Low Tide
02-Jun-2029 23:07,1110,High Tide
03-Jun-2029 04:40,818,Low Tide
03-Jun-2029 11:33,1386,High Tide
03-Jun-2029 18:24,800,Low Tide
04-Jun-2029 00:31,1092,High Tide
04-Jun-2029 05:27,926,Low Tide
04-Jun-2029 12:09,1337,High Tide
04-Jun-2029 19:16,775,Low Tide
05-Jun-2029 02:17,1113,High Tide
05-Jun-2029 06:31,1024,Low Tide
05-Jun-2029 12:48,1286,High Tide
05-Jun-2029 20:10,743,Low Tide
06-Jun-2029 03:57,1175,High Tide
06-Jun-2029 08:11,1094,Low Tide
06-Jun-2029 13:30,1235,High Tide
06-Jun-2029 21:03,705,Low Tide
07-Jun-2029 05:06,1251,High Tide
07-Jun-2029 10:08,1111,Low Tide
07-Jun-2029 14:19,1189,High Tide
07-Jun-2029 21:54,659,Low Tide
08-Jun-2029 05:53,1322,High Tide
08-Jun-2029 11:34,1089,Low Tide
08-Jun-2029 15:12,1154,High Tide
08-Jun-2029 22:39,610,Low Tide
09-Jun-2029 06:30,1380,High Tide
09-Jun-2029 12:29,1055,Low Tide
09-Jun-2029 16:05,1131,High Tide
09-Jun-2029 23:19,564,Low Tide
10-Jun-2029 07:03,1425,High Tide
10-Jun-2029 13:10,1022,Low Tide
10-Jun-2029 16:55,1121,High Tide
10-Jun-2029 23:57,525,Low Tide
11-Jun-2029 07:34,1458,High Tide
11-Jun-2029 13:44,993,Low Tide
11-Jun-2029 17:42,1123,High Tide
12-Jun-2029 00:32,497,Low Tide
12-Jun-2029 08:03,1478,High Tide
12-Jun-2029 14:15,969,Low Tide
12-Jun-2029 18:27,1134,High Tide
13-Jun-2029 01:07,486,Low Tide
13-Jun-2029 08:33,1488,High Tide
13-Jun-2029 14:45,949,Low Tide
13-Jun-2029 19:10,1150,High Tide
14-Jun-2029 01:42,494,Low Tide
14-Jun-2029 09:02,1489,High Tide
14-Jun-2029 15:16,929,Low Tide
14-Jun-2029 19:54,1165,High Tide
15-Jun-2029 02:17,524,Low Tide
15-Jun-2029 09:32,1483,High Tide
15-Jun-2029 15:49,905,Low Tide
15-Jun-2029 20:40,1173,High Tide
16-Jun-2029 02:53,579,Low Tide
16-Jun-2029 10:02,1471,High Tide
16-Jun-2029 16:26,872,Low Tide
16-Jun-2029 21:30,1171,High Tide
17-Jun-2029 03:31,658,Low Tide
17-Jun-2029 10:32,1452,High Tide
17-Jun-2029 17:06,828,Low Tide
17-Jun-2029 22:29,1160,High Tide
18-Jun-2029 04:11,759,Low Tide
18-Jun-2029 11:02,1425,High Tide
18-Jun-2029 17:51,773,Low Tide
18-Jun-2029 23:43,1151,High Tide
19-Jun-2029 04:57,876,Low Tide
19-Jun-2029 11:34,1389,High Tide
19-Jun-2029 18:40,709,Low Tide
20-Jun-2029 01:18,1168,High Tide
20-Jun-2029 05:55,997,Low Tide
20-Jun-2029 12:07,1344,High Tide
20-Jun-2029 19:34,643,Low Tide
21-Jun-2029 02:58,1225,High Tide
21-Jun-2029 07:21,1102,Low Tide
21-Jun-2029 12:46,1291,High Tide
21-Jun-2029 20:32,579,Low Tide
22-Jun-2029 04:25,1309,High Tide
22-Jun-2029 09:21,1152,Low Tide
22-Jun-2029 13:38,1237,High Tide
22-Jun-2029 21:33,521,Low Tide
23-Jun-2029 05:31,1391,High Tide
23-Jun-2029 11:16,1132,Low Tide
23-Jun-2029 14:49,1192,High Tide
23-Jun-2029 22:34,473,Low Tide
24-Jun-2029 06:22,1453,High Tide
24-Jun-2029 12:26,1080,Low Tide
24-Jun-2029 16:08,1166,High Tide
24-Jun-2029 23:29,441,Low Tide
25-Jun-2029 07:05,1493,High Tide
25-Jun-2029 13:13,1018,Low Tide
25-Jun-2029 17:23,1162,High Tide
26-Jun-2029 00:20,432,Low Tide
26-Jun-2029 07:44,1511,High Tide
26-Jun-2029 13:52,956,Low Tide
26-Jun-2029 18:29,1170,High Tide
27-Jun-2029 01:05,450,Low Tide
27-Jun-2029 08:19,1515,High Tide
27-Jun-2029 14:29,895,Low Tide
27-Jun-2029 19:28,1179,High Tide
28-Jun-2029 01:47,495,Low Tide
28-Jun-2029 08:52,1509,High Tide
28-Jun-2029 15:06,839,Low Tide
28-Jun-2029 20:22,1179,High Tide
29-Jun-2029 02:26,562,Low Tide
29-Jun-2029 09:23,1495,High Tide
29-Jun-2029 15:43,791,Low Tide
29-Jun-2029 21:11,1170,High Tide
30-Jun-2029 03:02,644,Low Tide
30-Jun-2029 09:52,1472,High Tide
30-Jun-2029 16:21,753,Low Tide
30-Jun-2029 22:00,1155,High Tide
01-Jul-2029 03:37,735,Low Tide
01-Jul-2029 10:19,1439,High Tide
01-Jul-2029 16:58,724,Low Tide
01-Jul-2029 22:52,1137,High Tide
02-Jul-2029 04:12,829,Low Tide
02-Jul-2029 10:44,1394,High Tide
02-Jul-2029 17:36,703,Low Tide
02-Jul-2029 23:53,1122,High Tide
03-Jul-2029 04:49,923,Low Tide
03-Jul-2029 11:07,1341,High Tide
03-Jul-2029 18:16,687,Low Tide
04-Jul-2029 01:12,1120,High Tide
04-Jul-2029 05:32,1012,Low Tide
04-Jul-2029 11:30,1284,High Tide
04-Jul-2029 19:00,673,Low Tide
05-Jul-2029 02:52,1143,High Tide
05-Jul-2029 06:39,1090,Low Tide
05-Jul-2029 11:52,1226,High Tide
05-Jul-2029 19:50,657,Low Tide
06-Jul-2029 04:31,1196,High Tide
06-Jul-2029 08:47,1136,Low Tide
06-Jul-2029 12:16,1170,High Tide
06-Jul-2029 20:48,635,Low Tide
07-Jul-2029 05:35,1258,High Tide
07-Jul-2029 11:39,1116,Low Tide
07-Jul-2029 12:59,1117,High Tide
07-Jul-2029 21:50,604,Low Tide
08-Jul-2029 06:16,1317,High Tide
08-Jul-2029 12:42,1068,Low Tide
08-Jul-2029 14:45,1079,High Tide
08-Jul-2029 22:45,565,Low Tide
09-Jul-2029 06:49,1369,High Tide
09-Jul-2029 13:10,1023,Low Tide
09-Jul-2029 16:12,1070,High Tide
09-Jul-2029 23:33,527,Low Tide
10-Jul-2029 07:19,1414,High Tide
10-Jul-2029 13:36,982,Low Tide
10-Jul-2029 17:21,1087,High Tide
11-Jul-2029 00:15,498,Low Tide
11-Jul-2029 07:48,1449,High Tide
11-Jul-2029 14:01,943,Low Tide
11-Jul-2029 18:18,1119,High Tide
12-Jul-2029 00:54,486,Low Tide
12-Jul-2029 08:15,1474,High Tide
12-Jul-2029 14:28,901,Low Tide
12-Jul-2029 19:09,1156,High Tide
13-Jul-2029 01:31,498,Low Tide
13-Jul-2029 08:41,1487,High Tide
13-Jul-2029 14:56,853,Low Tide
13-Jul-2029 19:58,1189,High Tide
14-Jul-2029 02:07,539,Low Tide
14-Jul-2029 09:07,1489,High Tide
14-Jul-2029 15:26,795,Low Tide
14-Jul-2029 20:47,1211,High Tide
15-Jul-2029 02:43,607,Low Tide
15-Jul-2029 09:31,1480,High Tide
15-Jul-2029 15:59,731,Low Tide
15-Jul-2029 21:38,1219,High Tide
16-Jul-2029 03:19,699,Low Tide
16-Jul-2029 09:55,1460,High Tide
16-Jul-2029 16:35,667,Low Tide
16-Jul-2029 22:34,1213,High Tide
17-Jul-2029 03:57,806,Low Tide
17-Jul-2029 10:20,1427,High Tide
17-Jul-2029 17:14,610,Low Tide
17-Jul-2029 23:39,1202,High Tide
18-Jul-2029 04:38,919,Low Tide
18-Jul-2029 10:45,1380,High Tide
18-Jul-2029 17:59,569,Low Tide
19-Jul-2029 01:00,1198,High Tide
19-Jul-2029 05:29,1026,Low Tide
19-Jul-2029 11:11,1321,High Tide
19-Jul-2029 18:51,547,Low Tide
20-Jul-2029 02:35,1217,High Tide
20-Jul-2029 06:45,1114,Low Tide
20-Jul-2029 11:41,1253,High Tide
20-Jul-2029 19:53,539,Low Tide
21-Jul-2029 04:11,1264,High Tide
21-Jul-2029 09:02,1150,Low Tide
21-Jul-2029 12:25,1179,High Tide
21-Jul-2029 21:08,532,Low Tide
22-Jul-2029 05:23,1322,High Tide
22-Jul-2029 11:49,1097,Low Tide
22-Jul-2029 14:22,1114,High Tide
22-Jul-2029 22:23,516,Low Tide
23-Jul-2029 06:14,1374,High Tide
23-Jul-2029 12:38,1019,Low Tide
23-Jul-2029 16:17,1097,High Tide
23-Jul-2029 23:26,499,Low Tide
24-Jul-2029 06:54,1414,High Tide
24-Jul-2029 13:12,942,Low Tide
24-Jul-2029 17:41,1117,High Tide
25-Jul-2029 00:16,495,Low Tide
25-Jul-2029 07:28,1443,High Tide
25-Jul-2029 13:43,867,Low Tide
25-Jul-2029 18:45,1148,High Tide
26-Jul-2029 00:59,514,Low Tide
26-Jul-2029 07:59,1460,High Tide
26-Jul-2029 14:14,798,Low Tide
26-Jul-2029 19:37,1176,High Tide
27-Jul-2029 01:37,554,Low Tide
27-Jul-2029 08:26,1464,High Tide
27-Jul-2029 14:44,737,Low Tide
27-Jul-2029 20:23,1193,High Tide
28-Jul-2029 02:11,611,Low Tide
28-Jul-2029 08:52,1455,High Tide
28-Jul-2029 15:13,688,Low Tide
28-Jul-2029 21:04,1199,High Tide
29-Jul-2029 02:44,678,Low Tide
29-Jul-2029 09:15,1432,High Tide
29-Jul-2029 15:42,651,Low Tide
29-Jul-2029 21:43,1194,High Tide
30-Jul-2029 03:15,750,Low Tide
30-Jul-2029 09:36,1397,High Tide
30-Jul-2029 16:12,626,Low Tide
30-Jul-2029 22:23,1180,High Tide
31-Jul-2029 03:45,823,Low Tide
31-Jul-2029 09:55,1352,High Tide
31-Jul-2029 16:43,611,Low Tide
31-Jul-2029 23:08,1157,High Tide
01-Aug-2029 04:16,897,Low Tide
01-Aug-2029 10:12,1302,High Tide
01-Aug-2029 17:16,606,Low Tide
02-Aug-2029 00:04,1129,High Tide
02-Aug-2029 04:48,970,Low Tide
02-Aug-2029 10:29,1249,High Tide
02-Aug-2029 17:54,609,Low Tide
03-Aug-2029 01:26,1110,High Tide
03-Aug-2029 05:27,1040,Low Tide
03-Aug-2029 10:43,1196,High Tide
03-Aug-2029 18:41,618,Low Tide
04-Aug-2029 03:29,1125,High Tide
04-Aug-2029 06:54,1103,Low Tide
04-Aug-2029 10:49,1144,High Tide
04-Aug-2029 19:43,626,Low Tide
05-Aug-2029 05:14,1182,High Tide
05-Aug-2029 21:02,618,Low Tide
06-Aug-2029 05:56,1245,High Tide
06-Aug-2029 22:17,588,Low Tide
07-Aug-2029 06:27,1307,High Tide
07-Aug-2029 12:55,983,Low Tide
07-Aug-2029 16:02,1031,High Tide
07-Aug-2029 23:14,549,Low Tide
08-Aug-2029 06:54,1362,High Tide
08-Aug-2029 13:10,928,Low Tide
08-Aug-2029 17:21,1077,High Tide
09-Aug-2029 00:00,520,Low Tide
09-Aug-2029 07:19,1406,High Tide
09-Aug-2029 13:31,867,Low Tide
09-Aug-2029 18:21,1138,High Tide
10-Aug-2029 00:40,513,Low Tide
10-Aug-2029 07:43,1436,High Tide
10-Aug-2029 13:55,794,Low Tide
10-Aug-2029 19:12,1201,High Tide
11-Aug-2029 01:18,536,Low Tide
11-Aug-2029 08:06,1452,High Tide
11-Aug-2029 14:21,712,Low Tide
11-Aug-2029 20:00,1252,High Tide
12-Aug-2029 01:54,589,Low Tide
12-Aug-2029 08:28,1453,High Tide
12-Aug-2029 14:50,627,Low Tide
12-Aug-2029 20:47,1285,High Tide
13-Aug-2029 02:30,665,Low Tide
13-Aug-2029 08:51,1441,High Tide
13-Aug-2029 15:22,550,Low Tide
13-Aug-2029 21:35,1294,High Tide
14-Aug-2029 03:06,755,Low Tide
14-Aug-2029 09:14,1415,High Tide
14-Aug-2029 15:57,495,Low Tide
14-Aug-2029 22:26,1279,High Tide
15-Aug-2029 03:43,848,Low Tide
15-Aug-2029 09:37,1375,High Tide
15-Aug-2029 16:35,471,Low Tide
15-Aug-2029 23:23,1245,High Tide
16-Aug-2029 04:24,935,Low Tide
16-Aug-2029 10:03,1319,High Tide
16-Aug-2029 17:20,480,Low Tide
17-Aug-2029 00:33,1205,High Tide
17-Aug-2029 05:12,1012,Low Tide
17-Aug-2029 10:29,1250,High Tide
17-Aug-2029 18:13,518,Low Tide
18-Aug-2029 02:04,1182,High Tide
18-Aug-2029 06:28,1072,Low Tide
18-Aug-2029 10:57,1169,High Tide
18-Aug-2029 19:23,566,Low Tide
19-Aug-2029 03:48,1199,High Tide
19-Aug-2029 09:31,1080,Low Tide
19-Aug-2029 11:23,1082,High Tide
19-Aug-2029 20:55,596,Low Tide
20-Aug-2029 05:04,1246,High Tide
20-Aug-2029 11:55,993,Low Tide
20-Aug-2029 15:10,1034,High Tide
20-Aug-2029 22:23,592,Low Tide
21-Aug-2029 05:52,1296,High Tide
21-Aug-2029 12:23,904,Low Tide
21-Aug-2029 16:57,1066,High Tide
21-Aug-2029 23:26,579,Low Tide
22-Aug-2029 06:29,1339,High Tide
22-Aug-2029 12:51,820,Low Tide
22-Aug-2029 18:06,1121,High Tide
23-Aug-2029 00:13,579,Low Tide
23-Aug-2029 06:59,1370,High Tide
23-Aug-2029 13:17,744,Low Tide
23-Aug-2029 18:57,1175,High Tide
24-Aug-2029 00:52,596,Low Tide
24-Aug-2029 07:27,1385,High Tide
24-Aug-2029 13:43,677,Low Tide
24-Aug-2029 19:39,1218,High Tide
25-Aug-2029 01:26,628,Low Tide
25-Aug-2029 07:51,1385,High Tide
25-Aug-2029 14:08,621,Low Tide
25-Aug-2029 20:16,1245,High Tide
26-Aug-2029 01:58,669,Low Tide
26-Aug-2029 08:13,1369,High Tide
26-Aug-2029 14:32,578,Low Tide
26-Aug-2029 20:49,1258,High Tide
27-Aug-2029 02:27,716,Low Tide
27-Aug-2029 08:33,1342,High Tide
27-Aug-2029 14:57,547,Low Tide
27-Aug-2029 21:21,1254,High Tide
28-Aug-2029 02:56,766,Low Tide
28-Aug-2029 08:50,1308,High Tide
28-Aug-2029 15:23,529,Low Tide
28-Aug-2029 21:53,1235,High Tide
29-Aug-2029 03:24,817,Low Tide
29-Aug-2029 09:07,1268,High Tide
29-Aug-2029 15:50,524,Low Tide
29-Aug-2029 22:27,1203,High Tide
30-Aug-2029 03:52,871,Low Tide
30-Aug-2029 09:24,1227,High Tide
30-Aug-2029 16:19,533,Low Tide
30-Aug-2029 23:09,1160,High Tide
31-Aug-2029 04:21,926,Low Tide
31-Aug-2029 09:41,1183,High Tide
31-Aug-2029 16:53,556,Low Tide
01-Sep-2029 00:07,1115,High Tide
01-Sep-2029 04:55,983,Low Tide
01-Sep-2029 09:57,1138,High Tide
01-Sep-2029 17:35,592,Low Tide
02-Sep-2029 01:47,1091,High Tide
02-Sep-2029 05:58,1041,Low Tide
02-Sep-2029 10:04,1091,High Tide
02-Sep-2029 18:36,632,Low Tide
03-Sep-2029 04:04,1121,High Tide
03-Sep-2029 20:09,658,Low Tide
04-Sep-2029 05:08,1183,High Tide
04-Sep-2029 12:29,972,Low Tide
04-Sep-2029 14:02,976,High Tide
04-Sep-2029 21:47,647,Low Tide
05-Sep-2029 05:41,1245,High Tide
05-Sep-2029 12:10,910,Low Tide
05-Sep-2029 16:18,1021,High Tide
05-Sep-2029 22:54,616,Low Tide
06-Sep-2029 06:08,1300,High Tide
06-Sep-2029 12:26,832,Low Tide
06-Sep-2029 17:29,1107,High Tide
06-Sep-2029 23:43,597,Low Tide
07-Sep-2029 06:33,1341,High Tide
07-Sep-2029 12:47,740,Low Tide
07-Sep-2029 18:24,1201,High Tide
08-Sep-2029 00:25,602,Low Tide
08-Sep-2029 06:56,1366,High Tide
08-Sep-2029 13:12,636,Low Tide
08-Sep-2029 19:12,1287,High Tide
09-Sep-2029 01:04,633,Low Tide
09-Sep-2029 07:19,1378,High Tide
09-Sep-2029 13:40,531,Low Tide
09-Sep-2029 19:57,1352,High Tide
10-Sep-2029 01:42,686,Low Tide
10-Sep-2029 07:42,1376,High Tide
10-Sep-2029 14:10,441,Low Tide
10-Sep-2029 20:41,1386,High Tide
11-Sep-2029 02:19,750,Low Tide
11-Sep-2029 08:07,1361,High Tide
11-Sep-2029 14:43,382,Low Tide
11-Sep-2029 21:25,1383,High Tide
12-Sep-2029 02:56,814,Low Tide
12-Sep-2029 08:33,1333,High Tide
12-Sep-2029 15:19,366,Low Tide
12-Sep-2029 22:10,1346,High Tide
13-Sep-2029 03:35,871,Low Tide
13-Sep-2029 09:02,1288,High Tide
13-Sep-2029 15:58,394,Low Tide
13-Sep-2029 23:00,1285,High Tide
14-Sep-2029 04:17,922,Low Tide
14-Sep-2029 09:32,1226,High Tide
14-Sep-2029 16:43,461,Low Tide
15-Sep-2029 00:02,1217,High Tide
15-Sep-2029 05:11,965,Low Tide
15-Sep-2029 10:06,1149,High Tide
15-Sep-2029 17:38,552,Low Tide
16-Sep-2029 01:23,1167,High Tide
16-Sep-2029 06:41,994,Low Tide
16-Sep-2029 10:50,1060,High Tide
16-Sep-2029 18:54,643,Low Tide
17-Sep-2029 02:59,1161,High Tide
17-Sep-2029 09:55,960,Low Tide
17-Sep-2029 13:42,987,High Tide
17-Sep-2029 20:42,700,Low Tide
18-Sep-2029 04:17,1192,High Tide
18-Sep-2029 11:12,868,Low Tide
18-Sep-2029 16:08,1021,High Tide
18-Sep-2029 22:19,707,Low Tide
19-Sep-2029 05:08,1233,High Tide
19-Sep-2029 11:46,778,Low Tide
19-Sep-2029 17:25,1099,High Tide
19-Sep-2029 23:20,699,Low Tide
20-Sep-2029 05:46,1267,High Tide
20-Sep-2029 12:14,697,Low Tide
20-Sep-2029 18:17,1178,High Tide
21-Sep-2029 00:05,698,Low Tide
21-Sep-2029 06:17,1286,High Tide
21-Sep-2029 12:39,627,Low Tide
21-Sep-2029 18:57,1244,High Tide
22-Sep-2029 00:43,707,Low Tide
22-Sep-2029 06:44,1290,High Tide
22-Sep-2029 13:03,568,Low Tide
22-Sep-2029 19:32,1293,High Tide
23-Sep-2029 01:16,723,Low Tide
23-Sep-2029 07:08,1280,High Tide
23-Sep-2029 13:26,521,Low Tide
23-Sep-2029 20:03,1323,High Tide
24-Sep-2029 01:47,744,Low Tide
24-Sep-2029 07:29,1260,High Tide
24-Sep-2029 13:49,485,Low Tide
24-Sep-2029 20:31,1334,High Tide
25-Sep-2029 02:16,769,Low Tide
25-Sep-2029 07:48,1235,High Tide
25-Sep-2029 14:12,462,Low Tide
25-Sep-2029 20:59,1327,High Tide
26-Sep-2029 02:44,796,Low Tide
26-Sep-2029 08:07,1207,High Tide
26-Sep-2029 14:37,454,Low Tide
26-Sep-2029 21:26,1304,High Tide
27-Sep-2029 03:11,827,Low Tide
27-Sep-2029 08:25,1179,High Tide
27-Sep-2029 15:02,462,Low Tide
27-Sep-2029 21:56,1267,High Tide
28-Sep-2029 03:40,862,Low Tide
28-Sep-2029 08:45,1149,High Tide
28-Sep-2029 15:30,488,Low Tide
28-Sep-2029 22:31,1221,High Tide
29-Sep-2029 04:11,901,Low Tide
29-Sep-2029 09:07,1116,High Tide
29-Sep-2029 16:02,531,Low Tide
29-Sep-2029 23:16,1173,High Tide
30-Sep-2029 04:52,944,Low Tide
30-Sep-2029 09:29,1078,High Tide
30-Sep-2029 16:41,590,Low Tide
01-Oct-2029 00:25,1133,High Tide
01-Oct-2029 06:06,984,Low Tide
01-Oct-2029 09:51,1033,High Tide
01-Oct-2029 17:36,660,Low Tide
02-Oct-2029 02:06,1126,High Tide
02-Oct-2029 09:26,978,Low Tide
02-Oct-2029 10:06,978,High Tide
02-Oct-2029 19:07,726,Low Tide
03-Oct-2029 03:33,1158,High Tide
03-Oct-2029 10:42,909,Low Tide
03-Oct-2029 14:48,972,High Tide
03-Oct-2029 21:05,753,Low Tide
04-Oct-2029 04:25,1203,High Tide
04-Oct-2029 11:06,822,Low Tide
04-Oct-2029 16:30,1066,High Tide
04-Oct-2029 22:28,747,Low Tide
05-Oct-2029 05:00,1242,High Tide
05-Oct-2029 11:31,716,Low Tide
05-Oct-2029 17:33,1185,High Tide
05-Oct-2029 23:24,744,Low Tide
06-Oct-2029 05:30,1269,High Tide
06-Oct-2029 11:59,597,Low Tide
06-Oct-2029 18:23,1303,High Tide
07-Oct-2029 00:11,754,Low Tide
07-Oct-2029 05:58,1286,High Tide
07-Oct-2029 12:28,478,Low Tide
07-Oct-2029 19:08,1400,High Tide
08-Oct-2029 00:53,778,Low Tide
08-Oct-2029 06:27,1293,High Tide
08-Oct-2029 13:00,375,Low Tide
08-Oct-2029 19:50,1464,High Tide
09-Oct-2029 01:34,808,Low Tide
09-Oct-2029 06:56,1291,High Tide
09-Oct-2029 13:33,309,Low Tide
09-Oct-2029 20:31,1485,High Tide
10-Oct-2029 02:12,836,Low Tide
10-Oct-2029 07:28,1278,High Tide
10-Oct-2029 14:09,290,Low Tide
10-Oct-2029 21:11,1464,High Tide
11-Oct-2029 02:51,859,Low Tide
11-Oct-2029 08:02,1252,High Tide
11-Oct-2029 14:47,322,Low Tide
11-Oct-2029 21:52,1411,High Tide
12-Oct-2029 03:33,876,Low Tide
12-Oct-2029 08:40,1207,High Tide
12-Oct-2029 15:28,399,Low Tide
12-Oct-2029 22:37,1341,High Tide
13-Oct-2029 04:21,891,Low Tide
13-Oct-2029 09:21,1144,High Tide
13-Oct-2029 16:13,507,Low Tide
13-Oct-2029 23:29,1269,High Tide
14-Oct-2029 05:23,902,Low Tide
14-Oct-2029 10:13,1067,High Tide
14-Oct-2029 17:05,630,Low Tide
15-Oct-2029 00:34,1213,High Tide
15-Oct-2029 06:53,897,Low Tide
15-Oct-2029 11:50,992,High Tide
15-Oct-2029 18:17,749,Low Tide
16-Oct-2029 01:50,1186,High Tide
16-Oct-2029 08:52,850,Low Tide
16-Oct-2029 14:42,990,High Tide
16-Oct-2029 20:06,835,Low Tide
17-Oct-2029 03:03,1186,High Tide
17-Oct-2029 10:11,772,Low Tide
17-Oct-2029 16:31,1073,High Tide
17-Oct-2029 21:56,861,Low Tide
18-Oct-2029 04:01,1198,High Tide
18-Oct-2029 10:55,693,Low Tide
18-Oct-2029 17:31,1171,High Tide
18-Oct-2029 23:06,856,Low Tide
19-Oct-2029 04:46,1208,High Tide
19-Oct-2029 11:27,623,Low Tide
19-Oct-2029 18:14,1258,High Tide
19-Oct-2029 23:55,846,Low Tide
20-Oct-2029 05:23,1208,High Tide
20-Oct-2029 11:55,562,Low Tide
20-Oct-2029 18:49,1327,High Tide
21-Oct-2029 00:34,838,Low Tide
21-Oct-2029 05:54,1200,High Tide
21-Oct-2029 12:21,511,Low Tide
21-Oct-2029 19:19,1375,High Tide
22-Oct-2029 01:09,834,Low Tide
22-Oct-2029 06:20,1186,High Tide
22-Oct-2029 12:45,470,Low Tide
22-Oct-2029 19:47,1402,High Tide
23-Oct-2029 01:40,833,Low Tide
23-Oct-2029 06:44,1170,High Tide
23-Oct-2029 13:10,441,Low Tide
23-Oct-2029 20:14,1411,High Tide
24-Oct-2029 02:09,837,Low Tide
24-Oct-2029 07:07,1155,High Tide
24-Oct-2029 13:35,426,Low Tide
24-Oct-2029 20:40,1403,High Tide
25-Oct-2029 02:38,846,Low Tide
25-Oct-2029 07:30,1141,High Tide
25-Oct-2029 14:01,428,Low Tide
25-Oct-2029 21:07,1381,High Tide
26-Oct-2029 03:06,859,Low Tide
26-Oct-2029 07:54,1126,High Tide
26-Oct-2029 14:28,449,Low Tide
26-Oct-2029 21:36,1350,High Tide
27-Oct-2029 03:37,877,Low Tide
27-Oct-2029 08:21,1109,High Tide
27-Oct-2029 14:57,489,Low Tide
27-Oct-2029 22:08,1314,High Tide
28-Oct-2029 04:13,899,Low Tide
28-Oct-2029 08:51,1087,High Tide
28-Oct-2029 15:29,547,Low Tide
28-Oct-2029 22:47,1275,High Tide
29-Oct-2029 05:00,920,Low Tide
29-Oct-2029 09:27,1057,High Tide
29-Oct-2029 16:07,623,Low Tide
29-Oct-2029 23:36,1241,High Tide
30-Oct-2029 06:09,930,Low Tide
30-Oct-2029 10:18,1017,High Tide
30-Oct-2029 16:55,715,Low Tide
31-Oct-2029 00:39,1217,High Tide
31-Oct-2029 07:41,906,Low Tide
31-Oct-2029 12:18,983,High Tide
31-Oct-2029 18:09,815,Low Tide
01-Nov-2029 01:48,1210,High Tide
01-Nov-2029 09:01,838,Low Tide
01-Nov-2029 14:58,1034,High Tide
01-Nov-2029 20:06,894,Low Tide
02-Nov-2029 02:48,1214,High Tide
02-Nov-2029 09:54,737,Low Tide
02-Nov-2029 16:29,1154,High Tide
02-Nov-2029 21:53,926,Low Tide
03-Nov-2029 03:37,1221,High Tide
03-Nov-2029 10:35,618,Low Tide
03-Nov-2029 17:29,1288,High Tide
03-Nov-2029 23:06,932,Low Tide
04-Nov-2029 04:19,1228,High Tide
04-Nov-2029 11:12,496,Low Tide
04-Nov-2029 18:17,1408,High Tide
05-Nov-2029 00:01,931,Low Tide
05-Nov-2029 04:58,1232,High Tide
05-Nov-2029 11:49,388,Low Tide
05-Nov-2029 19:00,1498,High Tide
06-Nov-2029 00:48,928,Low Tide
06-Nov-2029 05:38,1236,High Tide
06-Nov-2029 12:27,313,Low Tide
06-Nov-2029 19:40,1547,High Tide
07-Nov-2029 01:30,920,Low Tide
07-Nov-2029 06:19,1237,High Tide
07-Nov-2029 13:06,283,Low Tide
07-Nov-2029 20:19,1553,High Tide
08-Nov-2029 02:10,907,Low Tide
08-Nov-2029 07:02,1231,High Tide
08-Nov-2029 13:45,303,Low Tide
08-Nov-2029 20:58,1526,High Tide
09-Nov-2029 02:51,890,Low Tide
09-Nov-2029 07:48,1210,High Tide
09-Nov-2029 14:26,368,Low Tide
09-Nov-2029 21:36,1478,High Tide
10-Nov-2029 03:35,871,Low Tide
10-Nov-2029 08:36,1173,High Tide
10-Nov-2029 15:07,468,Low Tide
10-Nov-2029 22:16,1422,High Tide
11-Nov-2029 04:25,855,Low Tide
11-Nov-2029 09:30,1121,High Tide
11-Nov-2029 15:50,590,Low Tide
11-Nov-2029 22:58,1368,High Tide
12-Nov-2029 05:23,839,Low Tide
12-Nov-2029 10:37,1062,High Tide
12-Nov-2029 16:36,722,Low Tide
12-Nov-2029 23:45,1319,High Tide
13-Nov-2029 06:33,816,Low Tide
13-Nov-2029 12:20,1021,High Tide
13-Nov-2029 17:32,851,Low Tide
14-Nov-2029 00:38,1276,High Tide
14-Nov-2029 07:47,780,Low Tide
14-Nov-2029 14:40,1048,High Tide
14-Nov-2029 18:58,963,Low Tide
15-Nov-2029 01:36,1239,High Tide
15-Nov-2029 08:57,731,Low Tide
15-Nov-2029 16:24,1137,High Tide
15-Nov-2029 21:01,1022,Low Tide
16-Nov-2029 02:34,1208,High Tide
16-Nov-2029 09:52,675,Low Tide
16-Nov-2029 17:22,1234,High Tide
16-Nov-2029 22:40,1021,Low Tide
17-Nov-2029 03:28,1184,High Tide
17-Nov-2029 10:34,619,Low Tide
17-Nov-2029 18:02,1317,High Tide
17-Nov-2029 23:43,998,Low Tide
18-Nov-2029 04:15,1164,High Tide
18-Nov-2029 11:10,567,Low Tide
18-Nov-2029 18:36,1383,High Tide
19-Nov-2029 00:28,971,Low Tide
19-Nov-2029 04:56,1149,High Tide
19-Nov-2029 11:41,520,Low Tide
19-Nov-2029 19:06,1429,High Tide
20-Nov-2029 01:04,947,Low Tide
20-Nov-2029 05:31,1138,High Tide
20-Nov-2029 12:11,483,Low Tide
20-Nov-2029 19:34,1457,High Tide
21-Nov-2029 01:36,928,Low Tide
21-Nov-2029 06:03,1133,High Tide
21-Nov-2029 12:41,457,Low Tide
21-Nov-2029 20:01,1469,High Tide
22-Nov-2029 02:06,915,Low Tide
22-Nov-2029 06:35,1132,High Tide
22-Nov-2029 13:09,447,Low Tide
22-Nov-2029 20:28,1470,High Tide
23-Nov-2029 02:35,907,Low Tide
23-Nov-2029 07:07,1133,High Tide
23-Nov-2029 13:38,455,Low Tide
23-Nov-2029 20:55,1461,High Tide
24-Nov-2029 03:05,904,Low Tide
24-Nov-2029 07:40,1135,High Tide
24-Nov-2029 14:08,483,Low Tide
24-Nov-2029 21:23,1445,High Tide
25-Nov-2029 03:37,903,Low Tide
25-Nov-2029 08:16,1133,High Tide
25-Nov-2029 14:40,530,Low Tide
25-Nov-2029 21:53,1426,High Tide
26-Nov-2029 04:13,902,Low Tide
26-Nov-2029 08:56,1123,High Tide
26-Nov-2029 15:13,597,Low Tide
26-Nov-2029 22:26,1403,High Tide
27-Nov-2029 04:56,895,Low Tide
27-Nov-2029 09:43,1104,High Tide
27-Nov-2029 15:50,684,Low Tide
27-Nov-2029 23:02,1378,High Tide
28-Nov-2029 05:47,873,Low Tide
28-Nov-2029 10:49,1079,High Tide
28-Nov-2029 16:33,790,Low Tide
28-Nov-2029 23:41,1349,High Tide
29-Nov-2029 06:46,830,Low Tide
29-Nov-2029 12:34,1072,High Tide
29-Nov-2029 17:29,911,Low Tide
30-Nov-2029 00:25,1317,High Tide
30-Nov-2029 07:47,762,Low Tide
30-Nov-2029 14:40,1130,High Tide
30-Nov-2029 18:59,1029,Low Tide
01-Dec-2029 01:13,1284,High Tide
01-Dec-2029 08:47,672,Low Tide
01-Dec-2029 16:16,1243,High Tide
01-Dec-2029 21:04,1100,Low Tide
02-Dec-2029 02:07,1253,High Tide
02-Dec-2029 09:41,572,Low Tide
02-Dec-2029 17:21,1366,High Tide
02-Dec-2029 22:48,1107,Low Tide
03-Dec-2029 03:05,1230,High Tide
03-Dec-2029 10:32,476,Low Tide
03-Dec-2029 18:10,1470,High Tide
03-Dec-2029 23:58,1082,Low Tide
04-Dec-2029 04:04,1219,High Tide
04-Dec-2029 11:20,401,Low Tide
04-Dec-2029 18:53,1542,High Tide
05-Dec-2029 00:48,1044,Low Tide
05-Dec-2029 05:03,1219,High Tide
05-Dec-2029 12:06,358,Low Tide
05-Dec-2029 19:32,1578,High Tide
06-Dec-2029 01:30,999,Low Tide
06-Dec-2029 06:00,1225,High Tide
06-Dec-2029 12:51,355,Low Tide
06-Dec-2029 20:10,1586,High Tide
07-Dec-2029 02:10,950,Low Tide
07-Dec-2029 06:56,1230,High Tide
07-Dec-2029 13:33,392,Low Tide
07-Dec-2029 20:46,1572,High Tide
08-Dec-2029 02:50,900,Low Tide
08-Dec-2029 07:51,1224,High Tide
08-Dec-2029 14:15,465,Low Tide
08-Dec-2029 21:20,1548,High Tide
09-Dec-2029 03:32,855,Low Tide
09-Dec-2029 08:45,1204,High Tide
09-Dec-2029 14:54,565,Low Tide
09-Dec-2029 21:54,1518,High Tide
10-Dec-2029 04:16,817,Low Tide
10-Dec-2029 09:41,1172,High Tide
10-Dec-2029 15:33,681,Low Tide
10-Dec-2029 22:28,1481,High Tide
11-Dec-2029 05:04,788,Low Tide
11-Dec-2029 10:42,1135,High Tide
11-Dec-2029 16:11,802,Low Tide
11-Dec-2029 23:01,1438,High Tide
12-Dec-2029 05:53,766,Low Tide
12-Dec-2029 11:59,1109,High Tide
12-Dec-2029 16:52,923,Low Tide
12-Dec-2029 23:34,1385,High Tide
13-Dec-2029 06:45,748,Low Tide
13-Dec-2029 13:43,1117,High Tide
13-Dec-2029 17:45,1035,Low Tide
14-Dec-2029 00:09,1326,High Tide
14-Dec-2029 07:40,729,Low Tide
14-Dec-2029 15:40,1173,High Tide
14-Dec-2029 19:18,1125,Low Tide
15-Dec-2029 00:48,1265,High Tide
15-Dec-2029 08:37,703,Low Tide
15-Dec-2029 17:00,1254,High Tide
15-Dec-2029 21:41,1157,Low Tide
16-Dec-2029 01:38,1208,High Tide
16-Dec-2029 09:33,668,Low Tide
16-Dec-2029 17:48,1330,High Tide
16-Dec-2029 23:33,1128,Low Tide
17-Dec-2029 02:42,1165,High Tide
17-Dec-2029 10:24,625,Low Tide
17-Dec-2029 18:24,1393,High Tide
18-Dec-2029 00:29,1085,Low Tide
18-Dec-2029 03:47,1139,High Tide
18-Dec-2029 11:08,582,Low Tide
18-Dec-2029 18:56,1443,High Tide
19-Dec-2029 01:05,1045,Low Tide
19-Dec-2029 04:44,1133,High Tide
19-Dec-2029 11:46,544,Low Tide
19-Dec-2029 19:25,1481,High Tide
20-Dec-2029 01:35,1010,Low Tide
20-Dec-2029 05:33,1140,High Tide
20-Dec-2029 12:22,517,Low Tide
20-Dec-2029 19:52,1508,High Tide
21-Dec-2029 02:03,981,Low Tide
21-Dec-2029 06:18,1157,High Tide
21-Dec-2029 12:55,505,Low Tide
21-Dec-2029 20:18,1526,High Tide
22-Dec-2029 02:30,957,Low Tide
22-Dec-2029 07:00,1178,High Tide
22-Dec-2029 13:28,511,Low Tide
22-Dec-2029 20:44,1536,High Tide
23-Dec-2029 02:58,933,Low Tide
23-Dec-2029 07:41,1199,High Tide
23-Dec-2029 14:00,539,Low Tide
23-Dec-2029 21:10,1538,High Tide
24-Dec-2029 03:28,908,Low Tide
24-Dec-2029 08:22,1213,High Tide
24-Dec-2029 14:32,590,Low Tide
24-Dec-2029 21:36,1533,High Tide
25-Dec-2029 04:00,878,Low Tide
25-Dec-2029 09:07,1217,High Tide
25-Dec-2029 15:05,664,Low Tide
25-Dec-2029 22:02,1520,High Tide
26-Dec-2029 04:35,840,Low Tide
26-Dec-2029 09:57,1209,High Tide
26-Dec-2029 15:40,759,Low Tide
26-Dec-2029 22:29,1497,High Tide
27-Dec-2029 05:15,795,Low Tide
27-Dec-2029 10:59,1195,High Tide
27-Dec-2029 16:18,873,Low Tide
27-Dec-2029 22:56,1463,High Tide
28-Dec-2029 06:00,744,Low Tide
28-Dec-2029 12:21,1189,High Tide
28-Dec-2029 17:03,998,Low Tide
28-Dec-2029 23:24,1418,High Tide
29-Dec-2029 06:51,691,Low Tide
29-Dec-2029 14:06,1219,High Tide
29-Dec-2029 18:06,1121,Low Tide
29-Dec-2029 23:55,1365,High Tide
30-Dec-2029 07:51,639,Low Tide
30-Dec-2029 15:53,1295,High Tide
30-Dec-2029 20:01,1213,Low Tide
31-Dec-2029 00:36,1306,High Tide
31-Dec-2029 08:57,587,Low Tide
31-Dec-2029 17:12,1389,High Tide
31-Dec-2029 22:37,1220,Low Tide
