Time,Prediction,Observation,Residual,ExtremeLow,ExtremeHigh,MLLW_NTDE,MHHW_NTDE,time_zone,LLW_NTDE_MLLW_90,LLW_NTDE_MLLW_95,LLW_NTDE_MLLW_99,HHW_NTDE_MLLW_90,HHW_NTDE_MLLW_95,HHW_NTDE_MLLW_99
2026-06-22 00,0.512817694500936,NaN,NaN,-0.166843785226138,0.930518553691647,0.611520709050625,1.39313584455429,5,-0.184520709050626,-0.240520709050626,-0.343350709050625,0.942479290949375,0.982479290949375,1.05530929094937
2026-06-22 01,0.522731863308188,NaN,NaN,-0.166843785226138,0.930518553691647,,,,,,,,,
2026-06-22 02,0.490380075508203,NaN,NaN,-0.166843785226138,0.930518553691647,,,,,,,,,
2026-06-22 03,0.432073181922156,NaN,NaN,-0.166843785226138,0.930518553691647,,,,,,,,,
2026-06-22 04,0.371954880157776,NaN,NaN,-0.166843785226138,0.930518553691647,,,,,,,,,
2026-06-22 05,0.33317298217331,NaN,NaN,-0.166843785226138,0.930518553691647,,,,,,,,,
2026-06-22 06,0.33297536160389,0.314287964923313,-0.0186873966805766,-0.166843785226138,0.930518553691647,,,,,,,,,
2026-06-22 07,0.378225641610476,0.373182561836177,-0.00504307977429908,-0.166843785226138,0.930518553691647,,,,,,,,,
2026-06-22 08,0.460858497217422,0.440212543462731,-0.0206459537546904,-0.166843785226138,0.930518553691647,,,,,,,,,
2026-06-22 09,0.560414051956924,0.5292993659312,-0.0311146860257239,-0.166843785226138,0.930518553691647,,,,,,,,,
2026-06-22 10,0.654086600497141,0.634834658716621,-0.0192519417805208,-0.166843785226138,0.930518553691647,,,,,,,,,
2026-06-22 11,0.723305845332713,0.691950557922162,-0.0313552874105512,-0.166843785226138,0.930518553691647,,,,,,,,,
2026-06-22 12,0.752018697213753,0.712295782474647,-0.0397229147391063,-0.166843785226138,0.930518553691647,,,,,,,,,
2026-06-22 13,0.726502169516653,0.696180449485958,-0.0303217200306949,-0.166843785226138,0.930518553691647,,,,,,,,,
2026-06-22 14,0.643249011821178,0.62329701469381,-0.0199519971273678,-0.166843785226138,0.930518553691647,,,,,,,,,
2026-06-22 15,0.51546714881017,0.501655680915934,-0.0138114678942365,-0.166843785226138,0.930518553691647,,,,,,,,,
2026-06-22 16,0.368587514559861,0.347921181702471,-0.0206663328573894,-0.166843785226138,0.930518553691647,,,,,,,,,
2026-06-22 17,0.230708313893786,0.198181321338585,-0.0325269925552018,-0.166843785226138,0.930518553691647,,,,,,,,,
2026-06-22 18,0.127398289237889,NaN,NaN,-0.166843785226138,0.930518553691647,,,,,,,,,
2026-06-22 19,0.0781767972363802,NaN,NaN,-0.166843785226138,0.930518553691647,,,,,,,,,
2026-06-22 20,0.0895769521534741,NaN,NaN,-0.166843785226138,0.930518553691647,,,,,,,,,
2026-06-22 21,0.151366124493633,NaN,NaN,-0.166843785226138,0.930518553691647,,,,,,,,,
2026-06-22 22,0.243437694301402,NaN,NaN,-0.166843785226138,0.930518553691647,,,,,,,,,
2026-06-22 23,0.346050889205135,NaN,NaN,-0.166843785226138,0.930518553691647,,,,,,,,,
2026-06-23 00,0.441909679011276,NaN,NaN,-0.166843785226138,0.930518553691647,,,,,,,,,
2026-06-23 01,0.513572590714791,NaN,NaN,-0.166843785226138,0.930518553691647,,,,,,,,,
2026-06-23 02,0.547336592952436,NaN,NaN,-0.166843785226138,0.930518553691647,,,,,,,,,
2026-06-23 03,0.541782009628082,NaN,NaN,-0.166843785226138,0.930518553691647,,,,,,,,,
2026-06-23 04,0.50935991105307,0.507839409373701,-0.00152050167936957,-0.166843785226138,0.930518553691647,,,,,,,,,
2026-06-23 05,0.469312658419233,0.471587856270459,0.00227519785122632,-0.166843785226138,0.930518553691647,,,,,,,,,
2026-06-23 06,0.440667996005669,0.447440878888939,0.00677288288326983,-0.166843785226138,0.930518553691647,,,,,,,,,
2026-06-23 07,0.438228302213993,0.445408158459663,0.00717985624567019,-0.166843785226138,0.930518553691647,,,,,,,,,
2026-06-23 08,0.467626382923879,0.488094952274311,0.0204685693504318,-0.166843785226138,0.930518553691647,,,,,,,,,
2026-06-23 09,0.521750758879356,0.533470439834582,0.0117196809552267,-0.166843785226138,0.930518553691647,,,,,,,,,
2026-06-23 10,0.585052484142332,0.586346904997305,0.001294420854973,-0.166843785226138,0.930518553691647,,,,,,,,,
2026-06-23 11,0.642070175293979,0.634179237838985,-0.00789093745499359,-0.166843785226138,0.930518553691647,,,,,,,,,
2026-06-23 12,0.679751234596583,0.679418008147547,-0.000333226449036328,-0.166843785226138,0.930518553691647,,,,,,,,,
2026-06-23 13,0.684331364227536,0.680998364117745,-0.0033330001097911,-0.166843785226138,0.930518553691647,,,,,,,,,
2026-06-23 14,0.643610214216832,0.632703981598929,-0.0109062326179021,-0.166843785226138,0.930518553691647,,,,,,,,,
2026-06-23 15,0.555717404664322,0.545674414846201,-0.0100429898181209,-0.166843785226138,0.930518553691647,,,,,,,,,
2026-06-23 16,0.433078730925878,0.425862204595983,-0.00721652632989467,-0.166843785226138,0.930518553691647,,,,,,,,,
2026-06-23 17,0.297132796212287,0.295978530583533,-0.00115426562875365,-0.166843785226138,0.930518553691647,,,,,,,,,
2026-06-23 18,0.171987521764716,NaN,NaN,-0.166843785226138,0.930518553691647,,,,,,,,,
2026-06-23 19,0.0813226122085676,NaN,NaN,-0.166843785226138,0.930518553691647,,,,,,,,,
2026-06-23 20,0.0430135396462041,NaN,NaN,-0.166843785226138,0.930518553691647,,,,,,,,,
2026-06-23 21,0.0612974387360564,NaN,NaN,-0.166843785226138,0.930518553691647,,,,,,,,,
2026-06-23 22,0.126181612945255,NaN,NaN,-0.166843785226138,0.930518553691647,,,,,,,,,
2026-06-23 23,0.222203857159368,NaN,NaN,-0.166843785226138,0.930518553691647,,,,,,,,,
2026-06-24 00,0.334670290272807,NaN,NaN,-0.166843785226138,0.930518553691647,,,,,,,,,
2026-06-24 01,0.446892712425379,NaN,NaN,-0.166843785226138,0.930518553691647,,,,,,,,,
2026-06-24 02,0.538419726678912,NaN,NaN,-0.166843785226138,0.930518553691647,,,,,,,,,
2026-06-24 03,0.59280276537101,0.589916641777154,-0.00288612359385598,-0.166843785226138,0.930518553691647,,,,,,,,,
2026-06-24 04,0.606757585718881,0.612714122416258,0.0059565366973775,-0.166843785226138,0.930518553691647,,,,,,,,,
2026-06-24 05,0.58974474151145,0.609354219732408,0.0196094782209586,-0.166843785226138,0.930518553691647,,,,,,,,,
2026-06-24 06,0.557112421875513,0.568652137050659,0.0115397151751455,-0.166843785226138,0.930518553691647,,,,,,,,,
2026-06-24 07,0.5253879810323,0.507762503650008,-0.0176254773822917,-0.166843785226138,0.930518553691647,,,,,,,,,
2026-06-24 08,0.508993268218312,0.500280744088679,-0.00871252412963264,-0.166843785226138,0.930518553691647,,,,,,,,,
2026-06-24 09,0.514696079332632,0.504823273021383,-0.00987280631124854,-0.166843785226138,0.930518553691647,,,,,,,,,
2026-06-24 10,0.538556390564239,0.515795530797063,-0.0227608597671762,-0.166843785226138,0.930518553691647,,,,,,,,,
2026-06-24 11,0.570468056917161,0.542707227350664,-0.0277608295664968,-0.166843785226138,0.930518553691647,,,,,,,,,
2026-06-24 12,0.600189183852775,0.57926842907157,-0.0209207547812047,-0.166843785226138,0.930518553691647,,,,,,,,,
2026-06-24 13,0.617042540296416,0.607219687164973,-0.00982285313144282,-0.166843785226138,0.930518553691647,,,,,,,,,
2026-06-24 14,0.607783332753333,0.604812298742041,-0.00297103401129184,-0.166843785226138,0.930518553691647,,,,,,,,,
2026-06-24 15,0.561147075913283,0.546677688396112,-0.0144693875171709,-0.166843785226138,0.930518553691647,,,,,,,,,
2026-06-24 16,0.475758298022001,0.469339342936231,-0.00641895508577006,-0.166843785226138,0.930518553691647,,,,,,,,,
2026-06-24 17,0.36189925116789,0.356538764886465,-0.0053604862814246,-0.166843785226138,0.930518553691647,,,,,,,,,
2026-06-24 18,0.237309043017344,0.237259803824248,-4.92391930959624e-05,-0.166843785226138,0.930518553691647,,,,,,,,,
2026-06-24 19,0.123743336496146,NaN,NaN,-0.166843785226138,0.930518553691647,,,,,,,,,
2026-06-24 20,0.0438391819497287,NaN,NaN,-0.166843785226138,0.930518553691647,,,,,,,,,
2026-06-24 21,0.0140039399795168,NaN,NaN,-0.166843785226138,0.930518553691647,,,,,,,,,
2026-06-24 22,0.037921597181528,NaN,NaN,-0.166843785226138,0.930518553691647,,,,,,,,,
2026-06-24 23,0.10865106668237,NaN,NaN,-0.166843785226138,0.930518553691647,,,,,,,,,
2026-06-25 00,0.21540480856461,NaN,NaN,-0.166843785226138,0.930518553691647,,,,,,,,,
2026-06-25 01,0.344403898008417,NaN,NaN,-0.166843785226138,0.930518553691647,,,,,,,,,
2026-06-25 02,0.475121797286195,NaN,NaN,-0.166843785226138,0.930518553691647,,,,,,,,,
2026-06-25 03,0.583183919499317,0.577146140768964,-0.00603777873035338,-0.166843785226138,0.930518553691647,,,,,,,,,
2026-06-25 04,0.651008914389167,0.657127677886358,0.00611876349719109,-0.166843785226138,0.930518553691647,,,,,,,,,
2026-06-25 05,0.67453703538975,0.678818410582117,0.0042813751923676,-0.166843785226138,0.930518553691647,,,,,,,,,
2026-06-25 06,0.660604973484471,0.681738050486837,0.0211330770023659,-0.166843785226138,0.930518553691647,,,,,,,,,
2026-06-25 07,0.622171146887181,0.60483700016542,-0.0173341467217609,-0.166843785226138,0.930518553691647,,,,,,,,,
2026-06-25 08,0.576115410210319,0.553459292576419,-0.0226561176339,-0.166843785226138,0.930518553691647,,,,,,,,,
2026-06-25 09,0.539132216662334,0.51669518273901,-0.0224370339233237,-0.166843785226138,0.930518553691647,,,,,,,,,
2026-06-25 10,0.520599731584691,0.507648977498257,-0.0129507540864342,-0.166843785226138,0.930518553691647,,,,,,,,,
2026-06-25 11,0.519840631252275,0.492973049175068,-0.0268675820772077,-0.166843785226138,0.930518553691647,,,,,,,,,
2026-06-25 12,0.530554535176293,NaN,NaN,-0.166843785226138,0.930518553691647,,,,,,,,,
2026-06-25 13,0.54474917325311,NaN,NaN,-0.166843785226138,0.930518553691647,,,,,,,,,
2026-06-25 14,0.551560888243729,0.568462483691006,0.0169015954472769,-0.166843785226138,0.930518553691647,,,,,,,,,
2026-06-25 15,0.537185479805916,0.550808096860413,0.0136226170544969,-0.166843785226138,0.930518553691647,,,,,,,,,
2026-06-25 16,0.490753725995659,0.492383035150268,0.00162930915460935,-0.166843785226138,0.930518553691647,,,,,,,,,
2026-06-25 17,0.410538265238629,NaN,NaN,-0.166843785226138,0.930518553691647,,,,,,,,,
2026-06-25 18,0.304525001016661,NaN,NaN,-0.166843785226138,0.930518553691647,,,,,,,,,
2026-06-25 19,0.188092834245694,NaN,NaN,-0.166843785226138,0.930518553691647,,,,,,,,,
2026-06-25 20,0.0822743689432431,NaN,NaN,-0.166843785226138,0.930518553691647,,,,,,,,,
2026-06-25 21,0.0096277936779231,NaN,NaN,-0.166843785226138,0.930518553691647,,,,,,,,,
2026-06-25 22,-0.0134582255371943,NaN,NaN,-0.166843785226138,0.930518553691647,,,,,,,,,
2026-06-25 23,0.0184715838995548,NaN,NaN,-0.166843785226138,0.930518553691647,,,,,,,,,
2026-06-26 00,0.101928420465083,NaN,NaN,-0.166843785226138,0.930518553691647,,,,,,,,,
2026-06-26 01,0.227060183947655,NaN,NaN,-0.166843785226138,0.930518553691647,,,,,,,,,
2026-06-26 02,0.375931221558645,NaN,NaN,-0.166843785226138,0.930518553691647,,,,,,,,,
2026-06-26 03,0.522497559981259,NaN,NaN,-0.166843785226138,0.930518553691647,,,,,,,,,
2026-06-26 04,0.640367237344085,0.649505987404886,0.00913875006080089,-0.166843785226138,0.930518553691647,,,,,,,,,
2026-06-26 05,0.712520984923533,0.725325134603575,0.0128041496800422,-0.166843785226138,0.930518553691647,,,,,,,,,
2026-06-26 06,0.73416727525447,0.751174529016,0.01700725376153,-0.166843785226138,0.930518553691647,,,,,,,,,
2026-06-26 07,0.71042389024551,0.73084764881909,0.0204237585735805,-0.166843785226138,0.930518553691647,,,,,,,,,
2026-06-26 08,0.655099710605689,0.656289547959791,0.00118983735410194,-0.166843785226138,0.930518553691647,,,,,,,,,
2026-06-26 09,0.58883974185799,0.582692613080819,-0.00614712877717127,-0.166843785226138,0.930518553691647,,,,,,,,,
2026-06-26 10,0.531843434781507,0.521367419979858,-0.0104760148016483,-0.166843785226138,0.930518553691647,,,,,,,,,
2026-06-26 11,0.495410510467163,0.492164846709267,-0.00324566375789637,-0.166843785226138,0.930518553691647,,,,,,,,,
2026-06-26 12,0.48056827564649,0.480694287597923,0.000126011951433469,-0.166843785226138,0.930518553691647,,,,,,,,,
2026-06-26 13,0.482450210448306,0.487142329130908,0.00469211868260189,-0.166843785226138,0.930518553691647,,,,,,,,,
2026-06-26 14,0.492494269887472,0.50566171231244,0.0131674424249686,-0.166843785226138,0.930518553691647,,,,,,,,,
2026-06-26 15,0.497748966464685,0.516880981558324,0.0191320150936389,-0.166843785226138,0.930518553691647,,,,,,,,,
2026-06-26 16,0.483359163552832,0.507787468112702,0.0244283045598706,-0.166843785226138,0.930518553691647,,,,,,,,,
2026-06-26 17,0.438765251119356,0.469770335757192,0.0310050846378358,-0.166843785226138,0.930518553691647,,,,,,,,,
2026-06-26 18,0.36177849592454,NaN,NaN,-0.166843785226138,0.930518553691647,,,,,,,,,
2026-06-26 19,0.258824307501605,NaN,NaN,-0.166843785226138,0.930518553691647,,,,,,,,,
2026-06-26 20,0.144743681804865,NaN,NaN,-0.166843785226138,0.930518553691647,,,,,,,,,
2026-06-26 21,0.0418150322172962,NaN,NaN,-0.166843785226138,0.930518553691647,,,,,,,,,
2026-06-26 22,-0.025724798400952,NaN,NaN,-0.166843785226138,0.930518553691647,,,,,,,,,
2026-06-26 23,-0.0398069769860673,NaN,NaN,-0.166843785226138,0.930518553691647,,,,,,,,,
2026-06-27 00,0.007018203135149,NaN,NaN,-0.166843785226138,0.930518553691647,,,,,,,,,
2026-06-27 01,0.111538238375678,NaN,NaN,-0.166843785226138,0.930518553691647,,,,,,,,,
2026-06-27 02,0.259754543460178,NaN,NaN,-0.166843785226138,0.930518553691647,,,,,,,,,
2026-06-27 03,0.427020204790619,0.406418228422425,-0.0206019763681944,-0.166843785226138,0.930518553691647,,,,,,,,,
2026-06-27 04,0.583315812599893,0.568030842987048,-0.0152849696128445,-0.166843785226138,0.930518553691647,,,,,,,,,
2026-06-27 05,0.702513674089562,0.70602859628622,0.00351492219665794,-0.166843785226138,0.930518553691647,,,,,,,,,
2026-06-27 06,0.768423855162161,0.770009281293152,0.00158542613099044,-0.166843785226138,0.930518553691647,,,,,,,,,
2026-06-27 07,0.775783557242795,0.769063416068351,-0.00672014117444397,-0.166843785226138,0.930518553691647,,,,,,,,,
2026-06-27 08,0.731005484586824,0.742505618315866,0.0115001337290415,-0.166843785226138,0.930518553691647,,,,,,,,,
2026-06-27 09,0.652915276241781,0.67452624676027,0.0216109705184897,-0.166843785226138,0.930518553691647,,,,,,,,,
2026-06-27 10,0.567573252131433,0.572297047594973,0.00472379546354018,-0.166843785226138,0.930518553691647,,,,,,,,,
2026-06-27 11,0.497353276839412,0.486118398137886,-0.0112348787015253,-0.166843785226138,0.930518553691647,,,,,,,,,
2026-06-27 12,0.453451227108358,0.43366980114767,-0.0197814259606881,-0.166843785226138,0.930518553691647,,,,,,,,,
2026-06-27 13,0.436760046418327,0.450613164711045,0.0138531182927186,-0.166843785226138,0.930518553691647,,,,,,,,,
2026-06-27 14,0.441426179628542,0.460183347408926,0.0187571677803837,-0.166843785226138,0.930518553691647,,,,,,,,,
2026-06-27 15,0.455814997651541,0.485854612096285,0.0300396144447439,-0.166843785226138,0.930518553691647,,,,,,,,,
2026-06-27 16,0.463890353925522,0.502736615302043,0.0388462613765206,-0.166843785226138,0.930518553691647,,,,,,,,,
2026-06-27 17,0.450196517342721,0.50330908559542,0.0531125682526994,-0.166843785226138,0.930518553691647,,,,,,,,,
2026-06-27 18,0.404918634184851,NaN,NaN,-0.166843785226138,0.930518553691647,,,,,,,,,
2026-06-27 19,0.325691185021626,NaN,NaN,-0.166843785226138,0.930518553691647,,,,,,,,,
2026-06-27 20,0.218752027963525,NaN,NaN,-0.166843785226138,0.930518553691647,,,,,,,,,
2026-06-27 21,0.101027773673448,NaN,NaN,-0.166843785226138,0.930518553691647,,,,,,,,,
2026-06-27 22,-0.00139128853186354,NaN,NaN,-0.166843785226138,0.930518553691647,,,,,,,,,
2026-06-27 23,-0.0611965620834053,NaN,NaN,-0.166843785226138,0.930518553691647,,,,,,,,,
2026-06-28 00,-0.0590906516874462,NaN,NaN,-0.166843785226138,0.930518553691647,,,,,,,,,
2026-06-28 01,0.0114171215035394,NaN,NaN,-0.166843785226138,0.930518553691647,,,,,,,,,
2026-06-28 02,0.142808237442022,NaN,NaN,-0.166843785226138,0.930518553691647,,,,,,,,,
2026-06-28 03,0.313934210114632,0.334641966100251,0.0207077559856188,-0.166843785226138,0.930518553691647,,,,,,,,,
2026-06-28 04,0.494184767809255,0.529872977080145,0.0356882092708899,-0.166843785226138,0.930518553691647,,,,,,,,,
2026-06-28 05,0.652007164146219,0.698292482484686,0.0462853183384666,-0.166843785226138,0.930518553691647,,,,,,,,,
2026-06-28 06,0.762426556980379,0.7933861295301,0.0309595725497207,-0.166843785226138,0.930518553691647,,,,,,,,,
2026-06-28 07,0.810119818409007,0.84028849377544,0.0301686753664332,-0.166843785226138,0.930518553691647,,,,,,,,,
2026-06-28 08,0.791730755317723,0.829398419997239,0.037667664679516,-0.166843785226138,0.930518553691647,,,,,,,,,
2026-06-28 09,0.719416802375977,0.735802390643499,0.0163855882675217,-0.166843785226138,0.930518553691647,,,,,,,,,
2026-06-28 10,0.619484855434844,0.642174151557967,0.0226892961231229,-0.166843785226138,0.930518553691647,,,,,,,,,
2026-06-28 11,0.521990718627309,0.548701773291222,0.0267110546639131,-0.166843785226138,0.930518553691647,,,,,,,,,
2026-06-28 12,0.448698341445644,0.462792397497659,0.0140940560520142,-0.166843785226138,0.930518553691647,,,,,,,,,
2026-06-28 13,0.408880366977613,0.426495680100316,0.0176153131227035,-0.166843785226138,0.930518553691647,,,,,,,,,
2026-06-28 14,0.401584891272877,0.413715908745915,0.0121310174730382,-0.166843785226138,0.930518553691647,,,,,,,,,
2026-06-28 15,0.417472650871226,0.451069997235362,0.0335973463641352,-0.166843785226138,0.930518553691647,,,,,,,,,
2026-06-28 16,0.440156186789521,0.497967587065935,0.0578114002764138,-0.166843785226138,0.930518553691647,,,,,,,,,
2026-06-28 17,0.450973930339179,0.5079174853955,0.0569435550563215,-0.166843785226138,0.930518553691647,,,,,,,,,
2026-06-28 18,0.435038502023357,NaN,NaN,-0.166843785226138,0.930518553691647,,,,,,,,,
2026-06-28 19,0.383622380502192,NaN,NaN,-0.166843785226138,0.930518553691647,,,,,,,,,
2026-06-28 20,0.294840007041538,NaN,NaN,-0.166843785226138,0.930518553691647,,,,,,,,,
2026-06-28 21,0.177331444591395,NaN,NaN,-0.166843785226138,0.930518553691647,,,,,,,,,
2026-06-28 22,0.0535467235319443,NaN,NaN,-0.166843785226138,0.930518553691647,,,,,,,,,
2026-06-28 23,-0.0449449843995543,NaN,NaN,-0.166843785226138,0.930518553691647,,,,,,,,,
2026-06-29 00,-0.0889774887507202,NaN,NaN,-0.166843785226138,0.930518553691647,,,,,,,,,
2026-06-29 01,-0.0613734772055627,NaN,NaN,-0.166843785226138,0.930518553691647,,,,,,,,,
2026-06-29 02,0.0393510095374859,NaN,NaN,-0.166843785226138,0.930518553691647,,,,,,,,,
2026-06-29 03,0.198555441621693,NaN,NaN,-0.166843785226138,0.930518553691647,,,,,,,,,
2026-06-29 04,0.38795280745847,0.383145645675469,-0.00480716178300034,-0.166843785226138,0.930518553691647,,,,,,,,,
2026-06-29 05,0.573011518987511,0.562101228818528,-0.0109102901689833,-0.166843785226138,0.930518553691647,,,,,,,,,
2026-06-29 06,0.72212904003012,0.735467328561976,0.0133382885318565,-0.166843785226138,0.930518553691647,,,,,,,,,
2026-06-29 07,0.811899717617403,0.843241611394663,0.0313418937772596,-0.166843785226138,0.930518553691647,,,,,,,,,
2026-06-29 08,0.829687428694938,0.847141465257109,0.0174540365621709,-0.166843785226138,0.930518553691647,,,,,,,,,
2026-06-29 09,0.778175332696812,0.797834673772031,0.0196593410752184,-0.166843785226138,0.930518553691647,,,,,,,,,
2026-06-29 10,0.67843485948444,0.703503735638646,0.0250688761542057,-0.166843785226138,0.930518553691647,,,,,,,,,
2026-06-29 11,0.563374464318936,0.567952987676322,0.00457852335738607,-0.166843785226138,0.930518553691647,,,,,,,,,
2026-06-29 12,0.463698684882704,0.485315660968541,0.0216169760858369,-0.166843785226138,0.930518553691647,,,,,,,,,
2026-06-29 13,0.398164329388361,0.416522877137287,0.0183585477489254,-0.166843785226138,0.930518553691647,,,,,,,,,
2026-06-29 14,0.37286646127811,0.387467047050165,0.0146005857720554,-0.166843785226138,0.930518553691647,,,,,,,,,
2026-06-29 15,0.383069934708448,0.412322300748572,0.0292523660401242,-0.166843785226138,0.930518553691647,,,,,,,,,
2026-06-29 16,0.413889235347449,0.446383340746688,0.0324941053992389,-0.166843785226138,0.930518553691647,,,,,,,,,
2026-06-29 17,0.444177654838409,NaN,NaN,-0.166843785226138,0.930518553691647,,,,,,,,,
2026-06-29 18,0.45429875934529,NaN,NaN,-0.166843785226138,0.930518553691647,,,,,,,,,
2026-06-29 19,0.430844938566869,NaN,NaN,-0.166843785226138,0.930518553691647,,,,,,,,,
2026-06-29 20,0.36638638710006,NaN,NaN,-0.166843785226138,0.930518553691647,,,,,,,,,
2026-06-29 21,0.261492659905839,NaN,NaN,-0.166843785226138,0.930518553691647,,,,,,,,,
2026-06-29 22,0.131087774567555,NaN,NaN,-0.166843785226138,0.930518553691647,,,,,,,,,
2026-06-29 23,0.0055406937831548,NaN,NaN,-0.166843785226138,0.930518553691647,,,,,,,,,
2026-06-30 00,-0.0796726859958264,NaN,NaN,-0.166843785226138,0.930518553691647,,,,,,,,,
2026-06-30 01,-0.0977278459295767,NaN,NaN,-0.166843785226138,0.930518553691647,,,,,,,,,
2026-06-30 02,-0.0375445122873682,NaN,NaN,-0.166843785226138,0.930518553691647,,,,,,,,,
2026-06-30 03,0.0951201007084027,NaN,NaN,-0.166843785226138,0.930518553691647,,,,,,,,,
2026-06-30 04,0.278260144198837,0.264024066594842,-0.0142360776039956,-0.166843785226138,0.930518553691647,,,,,,,,,
2026-06-30 05,0.477761280967185,0.483585532799473,0.00582425183228819,-0.166843785226138,0.930518553691647,,,,,,,,,
2026-06-30 06,0.656808428762344,0.679017782189547,0.022209353427203,-0.166843785226138,0.930518553691647,,,,,,,,,
2026-06-30 07,0.784914928497264,0.803305722764056,0.0183907942667911,-0.166843785226138,0.930518553691647,,,,,,,,,
2026-06-30 08,0.842022009572818,0.860883175963174,0.0188611663903564,-0.166843785226138,0.930518553691647,,,,,,,,,
2026-06-30 09,0.821685532364212,0.838686348677285,0.0170008163130724,-0.166843785226138,0.930518553691647,,,,,,,,,
2026-06-30 10,0.735987485386197,0.745155480847017,0.00916799546082014,-0.166843785226138,0.930518553691647,,,,,,,,,
2026-06-30 11,0.614892533532858,0.619121418296887,0.00422888476402883,-0.166843785226138,0.930518553691647,,,,,,,,,
2026-06-30 12,0.494596435434895,0.495290268176067,0.000693832741171185,-0.166843785226138,0.930518553691647,,,,,,,,,
2026-06-30 13,0.403232536909525,0.415897223746487,0.0126646868369615,-0.166843785226138,0.930518553691647,,,,,,,,,
2026-06-30 14,0.355110271499472,0.357266929070581,0.00215665757110883,-0.166843785226138,0.930518553691647,,,,,,,,,
2026-06-30 15,0.351882353073529,0.365141387431479,0.0132590343579502,-0.166843785226138,0.930518553691647,,,,,,,,,
2026-06-30 16,0.383147464346619,0.397568165062346,0.014420700715727,-0.166843785226138,0.930518553691647,,,,,,,,,
2026-06-30 17,0.427888226647834,NaN,NaN,-0.166843785226138,0.930518553691647,,,,,,,,,
2026-06-30 18,0.461797813385774,NaN,NaN,-0.166843785226138,0.930518553691647,,,,,,,,,
2026-06-30 19,0.465892366371937,NaN,NaN,-0.166843785226138,0.930518553691647,,,,,,,,,
2026-06-30 20,0.428602008548055,NaN,NaN,-0.166843785226138,0.930518553691647,,,,,,,,,
2026-06-30 21,0.345043718438703,NaN,NaN,-0.166843785226138,0.930518553691647,,,,,,,,,
2026-06-30 22,0.221916424046671,NaN,NaN,-0.166843785226138,0.930518553691647,,,,,,,,,
2026-06-30 23,0.0835699069098681,NaN,NaN,-0.166843785226138,0.930518553691647,,,,,,,,,
2026-07-01 00,-0.032997564149054,NaN,NaN,-0.166843785226138,0.930518553691647,,,,,,,,,
2026-07-01 01,-0.0934097122346274,NaN,NaN,-0.166843785226138,0.930518553691647,,,,,,,,,
2026-07-01 02,-0.0777197220698002,NaN,NaN,-0.166843785226138,0.930518553691647,,,,,,,,,
2026-07-01 03,0.0172865084504187,0.0153828928722124,-0.00190361557820629,-0.166843785226138,0.930518553691647,,,,,,,,,
2026-07-01 04,0.178679579775759,0.174790386583054,-0.00388919319270498,-0.166843785226138,0.930518553691647,,,,,,,,,
2026-07-01 05,0.377780634497455,0.374198377881798,-0.00358225661565681,-0.166843785226138,0.930518553691647,,,,,,,,,
2026-07-01 06,0.575876157692154,0.567388102940804,-0.00848805475134995,-0.166843785226138,0.930518553691647,,,,,,,,,
2026-07-01 07,0.735661784564855,0.721151293553277,-0.0145104910115779,-0.166843785226138,0.930518553691647,,,,,,,,,
2026-07-01 08,0.830096603587096,0.825677373182506,-0.00441923040459002,-0.166843785226138,0.930518553691647,,,,,,,,,
2026-07-01 09,0.845536731790715,0.838499214708499,-0.00703751708221634,-0.166843785226138,0.930518553691647,,,,,,,,,
2026-07-01 10,0.784725677749525,0.776298221672692,-0.00842745607683271,-0.166843785226138,0.930518553691647,,,,,,,,,
2026-07-01 11,0.669806567891416,0.658333918815893,-0.0114726490755226,-0.166843785226138,0.930518553691647,,,,,,,,,
2026-07-01 12,0.536986381152823,0.527824536223596,-0.00916184492922723,-0.166843785226138,0.930518553691647,,,,,,,,,
2026-07-01 13,0.422016071238984,0.416011439018753,-0.00600463222023095,-0.166843785226138,0.930518553691647,,,,,,,,,
2026-07-01 14,0.34825495556393,0.347568626116724,-0.00068632944720648,-0.166843785226138,0.930518553691647,,,,,,,,,
2026-07-01 15,0.324561885911295,0.335263774963566,0.0107018890522709,-0.166843785226138,0.930518553691647,,,,,,,,,
2026-07-01 16,0.346859066224582,0.367006711406909,0.0201476451823275,-0.166843785226138,0.930518553691647,,,,,,,,,
2026-07-01 17,0.398225135695595,0.424165173363269,0.0259400376676739,-0.166843785226138,0.930518553691647,,,,,,,,,
2026-07-01 18,0.452597179179951,NaN,NaN,-0.166843785226138,0.930518553691647,,,,,,,,,
2026-07-01 19,0.484519527720233,NaN,NaN,-0.166843785226138,0.930518553691647,,,,,,,,,
2026-07-01 20,0.476652135697411,NaN,NaN,-0.166843785226138,0.930518553691647,,,,,,,,,
2026-07-01 21,0.420182667145575,NaN,NaN,-0.166843785226138,0.930518553691647,,,,,,,,,
2026-07-01 22,0.315777952863905,NaN,NaN,-0.166843785226138,0.930518553691647,,,,,,,,,
2026-07-01 23,0.179710452193985,NaN,NaN,-0.166843785226138,0.930518553691647,,,,,,,,,
2026-07-02 00,0.0452003374286151,NaN,NaN,-0.166843785226138,0.930518553691647,,,,,,,,,
2026-07-02 01,-0.049398632287588,NaN,NaN,-0.166843785226138,0.930518553691647,,,,,,,,,
2026-07-02 02,-0.076245684960995,NaN,NaN,-0.166843785226138,0.930518553691647,,,,,,,,,
2026-07-02 03,-0.0241085928419312,-0.00350274556996499,0.0206058472719662,-0.166843785226138,0.930518553691647,,,,,,,,,
2026-07-02 04,0.103010943253401,0.129318446227271,0.0263075029738704,-0.166843785226138,0.930518553691647,,,,,,,,,
2026-07-02 05,0.285561967144216,0.31927467537859,0.0337127082343742,-0.166843785226138,0.930518553691647,,,,,,,,,
2026-07-02 06,0.488705814905489,0.524421056419251,0.0357152415137623,-0.166843785226138,0.930518553691647,,,,,,,,,
2026-07-02 07,0.671016906755711,0.707085197905889,0.0360682911501782,-0.166843785226138,0.930518553691647,,,,,,,,,
2026-07-02 08,0.797840946716376,0.82961173402747,0.0317707873110937,-0.166843785226138,0.930518553691647,,,,,,,,,
2026-07-02 09,0.848763655911759,0.871742164047694,0.0229785081359348,-0.166843785226138,0.930518553691647,,,,,,,,,
2026-07-02 10,0.81896981447347,0.84315926914493,0.0241894546714603,-0.166843785226138,0.930518553691647,,,,,,,,,
2026-07-02 11,0.721201580906328,0.741349753756322,0.0201481728499939,-0.166843785226138,0.930518553691647,,,,,,,,,
2026-07-02 12,0.585943712532401,0.599795441225183,0.0138517286927817,-0.166843785226138,0.930518553691647,,,,,,,,,
2026-07-02 13,0.452086842382108,0.469932201739888,0.0178453593577805,-0.166843785226138,0.930518553691647,,,,,,,,,
2026-07-02 14,0.35186931397094,0.374666304501902,0.0227969905309616,-0.166843785226138,0.930518553691647,,,,,,,,,
2026-07-02 15,0.302474432813461,0.320771438031501,0.0182970052180396,-0.166843785226138,0.930518553691647,,,,,,,,,
2026-07-02 16,0.306594864323746,0.319277076373158,0.0126822120494119,-0.166843785226138,0.930518553691647,,,,,,,,,
2026-07-02 17,0.353811843606106,0.373986087177586,0.0201742435714801,-0.166843785226138,0.930518553691647,,,,,,,,,
2026-07-02 18,0.421177704439747,NaN,NaN,-0.166843785226138,0.930518553691647,,,,,,,,,
2026-07-02 19,0.479389530052555,NaN,NaN,-0.166843785226138,0.930518553691647,,,,,,,,,
2026-07-02 20,0.503498247336923,NaN,NaN,-0.166843785226138,0.930518553691647,,,,,,,,,
2026-07-02 21,0.47900342249987,NaN,NaN,-0.166843785226138,0.930518553691647,,,,,,,,,
2026-07-02 22,0.402189366820087,NaN,NaN,-0.166843785226138,0.930518553691647,,,,,,,,,
2026-07-02 23,0.282396728172619,NaN,NaN,-0.166843785226138,0.930518553691647,,,,,,,,,
2026-07-03 00,0.145609314857533,NaN,NaN,-0.166843785226138,0.930518553691647,,,,,,,,,
2026-07-03 01,0.0290669173318651,NaN,NaN,-0.166843785226138,0.930518553691647,,,,,,,,,
2026-07-03 02,-0.033649478190087,NaN,NaN,-0.166843785226138,0.930518553691647,,,,,,,,,
2026-07-03 03,-0.0237063720873437,-0.00775138763533545,0.0159549844520083,-0.166843785226138,0.930518553691647,,,,,,,,,
2026-07-03 04,0.0624440843634985,0.0819893144116753,0.0195452300481769,-0.166843785226138,0.930518553691647,,,,,,,,,
2026-07-03 05,0.21451827269279,0.234059042022883,0.019540769330093,-0.166843785226138,0.930518553691647,,,,,,,,,
2026-07-03 06,0.406311469175611,0.424758261263592,0.0184467920879803,-0.166843785226138,0.930518553691647,,,,,,,,,
2026-07-03 07,0.598224015911013,0.619291605156582,0.0210675892455683,-0.166843785226138,0.930518553691647,,,,,,,,,
2026-07-03 08,0.749805615342027,0.775874836155672,0.0260692208136448,-0.166843785226138,0.930518553691647,,,,,,,,,
2026-07-03 09,0.832864336356844,0.857312399005459,0.0244480626486143,-0.166843785226138,0.930518553691647,,,,,,,,,
2026-07-03 10,0.835696348248291,0.854369829084088,0.0186734808357971,-0.166843785226138,0.930518553691647,,,,,,,,,
2026-07-03 11,0.762745262006413,0.788727591957432,0.0259823299510193,-0.166843785226138,0.930518553691647,,,,,,,,,
2026-07-03 12,0.635702205104902,0.662547286961844,0.0268450818569428,-0.166843785226138,0.930518553691647,,,,,,,,,
2026-07-03 13,0.490623221950306,0.51341042794906,0.0227872059987542,-0.166843785226138,0.930518553691647,,,,,,,,,
2026-07-03 14,0.365601811209886,0.375680928349451,0.0100791171395647,-0.166843785226138,0.930518553691647,,,,,,,,,
2026-07-03 15,0.287094937853248,0.293955797472945,0.0068608596196964,-0.166843785226138,0.930518553691647,,,,,,,,,
2026-07-03 16,0.265498347031642,0.290831159265589,0.0253328122339475,-0.166843785226138,0.930518553691647,,,,,,,,,
2026-07-03 17,0.297316722486003,NaN,NaN,-0.166843785226138,0.930518553691647,,,,,,,,,
2026-07-03 18,0.366043743256869,NaN,NaN,-0.166843785226138,0.930518553691647,,,,,,,,,
2026-07-03 19,0.443866782322864,NaN,NaN,-0.166843785226138,0.930518553691647,,,,,,,,,
2026-07-03 20,0.500120564575042,NaN,NaN,-0.166843785226138,0.930518553691647,,,,,,,,,
2026-07-03 21,0.512223856498971,NaN,NaN,-0.166843785226138,0.930518553691647,,,,,,,,,
2026-07-03 22,0.47064126153322,NaN,NaN,-0.166843785226138,0.930518553691647,,,,,,,,,
2026-07-03 23,0.379161786040745,NaN,NaN,-0.166843785226138,0.930518553691647,,,,,,,,,
2026-07-04 00,0.25612419842808,NaN,NaN,-0.166843785226138,0.930518553691647,,,,,,,,,
2026-07-04 01,0.133184660989535,NaN,NaN,-0.166843785226138,0.930518553691647,,,,,,,,,
2026-07-04 02,0.0454208412271275,NaN,NaN,-0.166843785226138,0.930518553691647,,,,,,,,,
2026-07-04 03,0.0183376122039728,NaN,NaN,-0.166843785226138,0.930518553691647,,,,,,,,,
2026-07-04 04,0.062644852982133,0.112876113873109,0.0502312608909761,-0.166843785226138,0.930518553691647,,,,,,,,,
2026-07-04 05,0.175744228159249,0.23223048158092,0.0564862534216717,-0.166843785226138,0.930518553691647,,,,,,,,,
2026-07-04 06,0.341032365860112,0.401928268405787,0.0608959025456749,-0.166843785226138,0.930518553691647,,,,,,,,,
2026-07-04 07,0.526344065388037,0.595143708547354,0.0687996431593176,-0.166843785226138,0.930518553691647,,,,,,,,,
2026-07-04 08,0.690957861473856,0.760516864122865,0.0695590026490094,-0.166843785226138,0.930518553691647,,,,,,,,,
2026-07-04 09,0.799968255585913,0.87059605075523,0.0706277951693166,-0.166843785226138,0.930518553691647,,,,,,,,,
2026-07-04 10,0.833933394026463,0.901448224949291,0.0675148309228282,-0.166843785226138,0.930518553691647,,,,,,,,,
2026-07-04 11,0.789734491180513,0.850759189759244,0.0610246985787311,-0.166843785226138,0.930518553691647,,,,,,,,,
2026-07-04 12,0.680084939766581,0.736858006308749,0.0567730665421684,-0.166843785226138,0.930518553691647,,,,,,,,,
2026-07-04 13,0.533781315743334,0.581175773403482,0.0473944576601475,-0.166843785226138,0.930518553691647,,,,,,,,,
2026-07-04 14,0.389262182364144,0.433850017595814,0.0445878352316706,-0.166843785226138,0.930518553691647,,,,,,,,,
2026-07-04 15,0.280717921734936,0.323814737136242,0.0430968154013063,-0.166843785226138,0.930518553691647,,,,,,,,,
2026-07-04 16,0.227689050933867,0.275631973065287,0.0479429221314198,-0.166843785226138,0.930518553691647,,,,,,,,,
2026-07-04 17,0.234261230651305,NaN,NaN,-0.166843785226138,0.930518553691647,,,,,,,,,
2026-07-04 18,0.291293688590783,NaN,NaN,-0.166843785226138,0.930518553691647,,,,,,,,,
2026-07-04 19,0.376729209870474,NaN,NaN,-0.166843785226138,0.930518553691647,,,,,,,,,
2026-07-04 20,0.459394504160209,NaN,NaN,-0.166843785226138,0.930518553691647,,,,,,,,,
2026-07-04 21,0.509707291885292,NaN,NaN,-0.166843785226138,0.930518553691647,,,,,,,,,
2026-07-04 22,0.509948258106618,NaN,NaN,-0.166843785226138,0.930518553691647,,,,,,,,,
2026-07-04 23,0.457330525900168,NaN,NaN,-0.166843785226138,0.930518553691647,,,,,,,,,
2026-07-05 00,0.363032060879478,NaN,NaN,-0.166843785226138,0.930518553691647,,,,,,,,,
2026-07-05 01,0.251001098109424,NaN,NaN,-0.166843785226138,0.930518553691647,,,,,,,,,
2026-07-05 02,0.152989696348504,NaN,NaN,-0.166843785226138,0.930518553691647,,,,,,,,,
2026-07-05 03,0.0981026412685099,0.169836200699569,0.0717335594310591,-0.166843785226138,0.930518553691647,,,,,,,,,
2026-07-05 04,0.104015405626186,0.169438760622618,0.0654233549964323,-0.166843785226138,0.930518553691647,,,,,,,,,
2026-07-05 05,0.175218120069993,0.246242821922715,0.0710247018527213,-0.166843785226138,0.930518553691647,,,,,,,,,
2026-07-05 06,0.303464930463241,0.376486701130666,0.0730217706674245,-0.166843785226138,0.930518553691647,,,,,,,,,
2026-07-05 07,0.466124815157616,0.543263102990923,0.0771382878333076,-0.166843785226138,0.930518553691647,,,,,,,,,
2026-07-05 08,0.628149711607068,0.719399315694771,0.0912496040877027,-0.166843785226138,0.930518553691647,,,,,,,,,
2026-07-05 09,0.75267146258058,0.835737086208975,0.0830656236283946,-0.166843785226138,0.930518553691647,,,,,,,,,
2026-07-05 10,0.813261347776936,0.898532205882948,0.0852708581060124,-0.166843785226138,0.930518553691647,,,,,,,,,
2026-07-05 11,0.798831760447257,0.886297050631623,0.0874652901843658,-0.166843785226138,0.930518553691647,,,,,,,,,
2026-07-05 12,0.713375667303571,0.806766428568521,0.0933907612649494,-0.166843785226138,0.930518553691647,,,,,,,,,
2026-07-05 13,0.576537051524978,0.663792108132301,0.0872550566073231,-0.166843785226138,0.930518553691647,,,,,,,,,
2026-07-05 14,0.421808460287717,0.510437298799288,0.0886288385115708,-0.166843785226138,0.930518553691647,,,,,,,,,
2026-07-05 15,0.286566393986686,0.380659483580745,0.0940930895940587,-0.166843785226138,0.930518553691647,,,,,,,,,
2026-07-05 16,0.199047620829681,0.297021221580112,0.0979736007504314,-0.166843785226138,0.930518553691647,,,,,,,,,
2026-07-05 17,0.172345483954822,0.278200704129465,0.105855220174642,-0.166843785226138,0.930518553691647,,,,,,,,,
2026-07-05 18,0.20538126061083,NaN,NaN,-0.166843785226138,0.930518553691647,,,,,,,,,
2026-07-05 19,0.283741916101175,NaN,NaN,-0.166843785226138,0.930518553691647,,,,,,,,,
2026-07-05 20,0.380628913288065,NaN,NaN,-0.166843785226138,0.930518553691647,,,,,,,,,
2026-07-05 21,0.464068909668257,NaN,NaN,-0.166843785226138,0.930518553691647,,,,,,,,,
2026-07-05 22,0.508760484983798,NaN,NaN,-0.166843785226138,0.930518553691647,,,,,,,,,
2026-07-05 23,0.503528208037592,NaN,NaN,-0.166843785226138,0.930518553691647,,,,,,,,,
2026-07-06 00,0.451466987989186,NaN,NaN,-0.166843785226138,0.930518553691647,,,,,,,,,
2026-07-06 01,0.367823876906267,NaN,NaN,-0.166843785226138,0.930518553691647,,,,,,,,,
2026-07-06 02,0.27744292703561,NaN,NaN,-0.166843785226138,0.930518553691647,,,,,,,,,
2026-07-06 03,0.208498707238421,0.307372439765594,0.0988737325271735,-0.166843785226138,0.930518553691647,,,,,,,,,
2026-07-06 04,0.183614182556796,0.283039464507559,0.0994252819507632,-0.166843785226138,0.930518553691647,,,,,,,,,
2026-07-06 05,0.214353668370771,0.327912611291968,0.113558942921197,-0.166843785226138,0.930518553691647,,,,,,,,,
2026-07-06 06,0.300179195644673,0.40858418410917,0.108404988464497,-0.166843785226138,0.930518553691647,,,,,,,,,
2026-07-06 07,0.427698046917947,0.531815568696531,0.104117521778583,-0.166843785226138,0.930518553691647,,,,,,,,,
2026-07-06 08,0.570687782899078,0.655650635576517,0.0849628526774389,-0.166843785226138,0.930518553691647,,,,,,,,,
2026-07-06 09,0.696008640553846,0.783337167987171,0.0873285274333251,-0.166843785226138,0.930518553691647,,,,,,,,,
2026-07-06 10,0.774258809620521,0.877167931819017,0.102909122198495,-0.166843785226138,0.930518553691647,,,,,,,,,
2026-07-06 11,0.787354564954728,0.892568648637384,0.105214083682655,-0.166843785226138,0.930518553691647,,,,,,,,,
2026-07-06 12,0.730486367100074,0.842823719994076,0.112337352894001,-0.166843785226138,0.930518553691647,,,,,,,,,
2026-07-06 13,0.613234753121544,0.730935420639862,0.117700667518318,-0.166843785226138,0.930518553691647,,,,,,,,,
2026-07-06 14,0.460497033136969,0.572815211115652,0.112318177978683,-0.166843785226138,0.930518553691647,,,,,,,,,
2026-07-06 15,0.307312206839625,0.410651766162728,0.103339559323103,-0.166843785226138,0.930518553691647,,,,,,,,,
2026-07-06 16,0.187120246824546,0.28387962970634,0.0967593828817943,-0.166843785226138,0.930518553691647,,,,,,,,,
2026-07-06 17,0.122043910238227,NaN,NaN,-0.166843785226138,0.930518553691647,,,,,,,,,
2026-07-06 18,0.120320273728475,NaN,NaN,-0.166843785226138,0.930518553691647,,,,,,,,,
2026-07-06 19,0.176485354844676,NaN,NaN,-0.166843785226138,0.930518553691647,,,,,,,,,
2026-07-06 20,0.271153226331213,NaN,NaN,-0.166843785226138,0.930518553691647,,,,,,,,,
2026-07-06 21,0.37495566857023,NaN,NaN,-0.166843785226138,0.930518553691647,,,,,,,,,
2026-07-06 22,0.458913249001173,NaN,NaN,-0.166843785226138,0.930518553691647,,,,,,,,,
2026-07-06 23,0.504207112951363,NaN,NaN,-0.166843785226138,0.930518553691647,,,,,,,,,
2026-07-07 00,0.504823302031778,NaN,NaN,-0.166843785226138,0.930518553691647,,,,,,,,,
2026-07-07 01,0.465907795805517,NaN,NaN,-0.166843785226138,0.930518553691647,,,,,,,,,
2026-07-07 02,0.4026411335176,NaN,NaN,-0.166843785226138,0.930518553691647,,,,,,,,,
2026-07-07 03,0.337784268421651,0.430855767999624,0.0930714995779722,-0.166843785226138,0.930518553691647,,,,,,,,,
2026-07-07 04,0.295015100105025,0.388172896268467,0.0931577961634427,-0.166843785226138,0.930518553691647,,,,,,,,,
2026-07-07 05,0.291505291747087,0.373511078835921,0.0820057870888341,-0.166843785226138,0.930518553691647,,,,,,,,,
2026-07-07 06,0.334227316359972,0.409851711308208,0.0756243949482354,-0.166843785226138,0.930518553691647,,,,,,,,,
2026-07-07 07,0.418795160045055,0.483003772966007,0.0642086129209527,-0.166843785226138,0.930518553691647,,,,,,,,,
2026-07-07 08,0.528853348624482,0.589784496653385,0.060931148028903,-0.166843785226138,0.930518553691647,,,,,,,,,
2026-07-07 09,0.638756365130775,0.700544093811064,0.0617877286802888,-0.166843785226138,0.930518553691647,,,,,,,,,
2026-07-07 10,0.721158044191042,0.798045340735964,0.0768872965449212,-0.166843785226138,0.930518553691647,,,,,,,,,
2026-07-07 11,0.754651931019743,0.827049071505907,0.0723971404861639,-0.166843785226138,0.930518553691647,,,,,,,,,
2026-07-07 12,0.72718988335868,0.810622446880572,0.0834325635218922,-0.166843785226138,0.930518553691647,,,,,,,,,
2026-07-07 13,0.638042995916253,0.714501413534769,0.0764584176185161,-0.166843785226138,0.930518553691647,,,,,,,,,
2026-07-07 14,0.500901648331855,0.575809330040177,0.0749076817083218,-0.166843785226138,0.930518553691647,,,,,,,,,
2026-07-07 15,0.343419328840181,0.415580589723263,0.0721612608830819,-0.166843785226138,0.930518553691647,,,,,,,,,
2026-07-07 16,0.198998797782707,0.263830876049956,0.0648320782672492,-0.166843785226138,0.930518553691647,,,,,,,,,
2026-07-07 17,0.0960180694148723,NaN,NaN,-0.166843785226138,0.930518553691647,,,,,,,,,
2026-07-07 18,0.0519609469291152,NaN,NaN,-0.166843785226138,0.930518553691647,,,,,,,,,
2026-07-07 19,0.0716530342148956,NaN,NaN,-0.166843785226138,0.930518553691647,,,,,,,,,
2026-07-07 20,0.145596173804713,NaN,NaN,-0.166843785226138,0.930518553691647,,,,,,,,,
2026-07-07 21,0.251041619860694,NaN,NaN,-0.166843785226138,0.930518553691647,,,,,,,,,
2026-07-07 22,0.359998103339795,NaN,NaN,-0.166843785226138,0.930518553691647,,,,,,,,,
2026-07-07 23,0.449526951732543,NaN,NaN,-0.166843785226138,0.930518553691647,,,,,,,,,
2026-07-08 00,0.506038570635855,NaN,NaN,-0.166843785226138,0.930518553691647,,,,,,,,,
2026-07-08 01,0.524183216217165,NaN,NaN,-0.166843785226138,0.930518553691647,,,,,,,,,
2026-07-08 02,0.507004219677083,NaN,NaN,-0.166843785226138,0.930518553691647,,,,,,,,,
2026-07-08 03,0.467461130066174,0.521985585831828,0.0545244557656548,-0.166843785226138,0.930518553691647,,,,,,,,,
2026-07-08 04,0.425503985748465,0.483756085463377,0.0582520997149116,-0.166843785226138,0.930518553691647,,,,,,,,,
2026-07-08 05,0.400547887919844,0.440505828267059,0.039957940347215,-0.166843785226138,0.930518553691647,,,,,,,,,
2026-07-08 06,0.405499034970838,0.433857324773013,0.0283582898021746,-0.166843785226138,0.930518553691647,,,,,,,,,
2026-07-08 07,0.444573991891382,0.472750211861669,0.0281762199702871,-0.166843785226138,0.930518553691647,,,,,,,,,
2026-07-08 08,0.512031141469867,0.542635651961494,0.030604510491627,-0.166843785226138,0.930518553691647,,,,,,,,,
2026-07-08 09,0.592081628252167,0.625159289757072,0.0330776615049049,-0.166843785226138,0.930518553691647,,,,,,,,,
2026-07-08 10,0.66321136752271,0.701570781383338,0.038359413860628,-0.166843785226138,0.930518553691647,,,,,,,,,
2026-07-08 11,0.705014492143715,0.734800238451227,0.029785746307512,-0.166843785226138,0.930518553691647,,,,,,,,,
2026-07-08 12,0.702113333480546,0.738475822036235,0.0363624885556886,-0.166843785226138,0.930518553691647,,,,,,,,,
2026-07-08 13,0.645656026426582,0.699043787894062,0.0533877614674791,-0.166843785226138,0.930518553691647,,,,,,,,,
2026-07-08 14,0.537071245329902,0.588101143406867,0.0510298980769652,-0.166843785226138,0.930518553691647,,,,,,,,,
2026-07-08 15,0.392179592245045,0.445322325786805,0.0531427335417598,-0.166843785226138,0.930518553691647,,,,,,,,,
2026-07-08 16,0.238512838628369,0.275455045370372,0.0369422067420027,-0.166843785226138,0.930518553691647,,,,,,,,,
2026-07-08 17,0.105929051876294,NaN,NaN,-0.166843785226138,0.930518553691647,,,,,,,,,
2026-07-08 18,0.0185009950047337,NaN,NaN,-0.166843785226138,0.930518553691647,,,,,,,,,
2026-07-08 19,-0.00907087908167126,NaN,NaN,-0.166843785226138,0.930518553691647,,,,,,,,,
2026-07-08 20,0.0255718716791046,NaN,NaN,-0.166843785226138,0.930518553691647,,,,,,,,,
2026-07-08 21,0.110228603477284,NaN,NaN,-0.166843785226138,0.930518553691647,,,,,,,,,
2026-07-08 22,0.222430235836946,NaN,NaN,-0.166843785226138,0.930518553691647,,,,,,,,,
2026-07-08 23,0.339282674299704,NaN,NaN,-0.166843785226138,0.930518553691647,,,,,,,,,
2026-07-09 00,0.44339407427336,NaN,NaN,-0.166843785226138,0.930518553691647,,,,,,,,,
2026-07-09 01,0.521631479410089,NaN,NaN,-0.166843785226138,0.930518553691647,,,,,,,,,
2026-07-09 02,0.564663704240219,NaN,NaN,-0.166843785226138,0.930518553691647,,,,,,,,,
2026-07-09 03,0.571753986649654,0.599818020147577,0.0280640334979236,-0.166843785226138,0.930518553691647,,,,,,,,,
2026-07-09 04,0.553589549717797,0.594340779605855,0.0407512298880581,-0.166843785226138,0.930518553691647,,,,,,,,,
2026-07-09 05,0.527125978049413,0.568156056055279,0.0410300780058661,-0.166843785226138,0.930518553691647,,,,,,,,,
2026-07-09 06,0.507858459558254,0.532700303618879,0.0248418440606248,-0.166843785226138,0.930518553691647,,,,,,,,,
2026-07-09 07,0.506396261826276,0.536226733532409,0.0298304717061335,-0.166843785226138,0.930518553691647,,,,,,,,,
2026-07-09 08,0.527322391125373,0.549368913400507,0.022046522275134,-0.166843785226138,0.930518553691647,,,,,,,,,
2026-07-09 09,0.566819766829002,0.599952199957849,0.0331324331288469,-0.166843785226138,0.930518553691647,,,,,,,,,
2026-07-09 10,0.612474235630621,0.658990597987999,0.0465163623573772,-0.166843785226138,0.930518553691647,,,,,,,,,
2026-07-09 11,0.648179200406341,0.704578432636104,0.0563992322297635,-0.166843785226138,0.930518553691647,,,,,,,,,
2026-07-09 12,0.659198780975146,0.725272527268836,0.0660737462936902,-0.166843785226138,0.930518553691647,,,,,,,,,
2026-07-09 13,0.633207806503749,0.689508907618772,0.056301101115023,-0.166843785226138,0.930518553691647,,,,,,,,,
2026-07-09 14,0.56186535645915,0.606286505263491,0.0444211488043411,-0.166843785226138,0.930518553691647,,,,,,,,,
2026-07-09 15,0.446787352693727,0.497833501681482,0.0510461489877543,-0.166843785226138,0.930518553691647,,,,,,,,,
2026-07-09 16,0.30368159648718,0.354883557150603,0.0512019606634228,-0.166843785226138,0.930518553691647,,,,,,,,,
2026-07-09 17,0.157868489323518,NaN,NaN,-0.166843785226138,0.930518553691647,,,,,,,,,
2026-07-09 18,0.0354696950737446,NaN,NaN,-0.166843785226138,0.930518553691647,,,,,,,,,
2026-07-09 19,-0.042091419007822,NaN,NaN,-0.166843785226138,0.930518553691647,,,,,,,,,
2026-07-09 20,-0.0612253595206999,NaN,NaN,-0.166843785226138,0.930518553691647,,,,,,,,,
2026-07-09 21,-0.0204495261288492,NaN,NaN,-0.166843785226138,0.930518553691647,,,,,,,,,
2026-07-09 22,0.0685129167058535,NaN,NaN,-0.166843785226138,0.930518553691647,,,,,,,,,
2026-07-09 23,0.187314394082031,NaN,NaN,-0.166843785226138,0.930518553691647,,,,,,,,,
2026-07-10 00,0.318604066305749,NaN,NaN,-0.166843785226138,0.930518553691647,,,,,,,,,
2026-07-10 01,0.44615416520595,NaN,NaN,-0.166843785226138,0.930518553691647,,,,,,,,,
2026-07-10 02,0.55212636297365,NaN,NaN,-0.166843785226138,0.930518553691647,,,,,,,,,
2026-07-10 03,0.621440276694301,0.665834780813703,0.0443945041194023,-0.166843785226138,0.930518553691647,,,,,,,,,
2026-07-10 04,0.650274014873367,0.694907704358697,0.0446336894853301,-0.166843785226138,0.930518553691647,,,,,,,,,
2026-07-10 05,0.647079914091044,0.70199658860509,0.0549166745140459,-0.166843785226138,0.930518553691647,,,,,,,,,
2026-07-10 06,0.625324247527057,0.6794237634565,0.0540995159294428,-0.166843785226138,0.930518553691647,,,,,,,,,
2026-07-10 07,0.598017593360436,0.641780025409641,0.0437624320492045,-0.166843785226138,0.930518553691647,,,,,,,,,
2026-07-10 08,0.577079746676137,0.614197624882752,0.0371178782066144,-0.166843785226138,0.930518553691647,,,,,,,,,
2026-07-10 09,0.571009387717708,0.589092264313623,0.0180828765959145,-0.166843785226138,0.930518553691647,,,,,,,,,
2026-07-10 10,0.58001455663725,0.59385834706071,0.0138437904234603,-0.166843785226138,0.930518553691647,,,,,,,,,
2026-07-10 11,0.595835441749713,0.6188415159842,0.0230060742344873,-0.166843785226138,0.930518553691647,,,,,,,,,
2026-07-10 12,0.607056306998305,0.643820477075274,0.0367641700769694,-0.166843785226138,0.930518553691647,,,,,,,,,
2026-07-10 13,0.602104485919139,0.648455999301436,0.0463515133822967,-0.166843785226138,0.930518553691647,,,,,,,,,
2026-07-10 14,0.56847998231242,0.617038027133262,0.0485580448208418,-0.166843785226138,0.930518553691647,,,,,,,,,
2026-07-10 15,0.495878765004905,0.536521808749887,0.0406430437449821,-0.166843785226138,0.930518553691647,,,,,,,,,
2026-07-10 16,0.384360439838811,0.424279726662201,0.039919286823391,-0.166843785226138,0.930518553691647,,,,,,,,,
2026-07-10 17,0.247902916700587,NaN,NaN,-0.166843785226138,0.930518553691647,,,,,,,,,
2026-07-10 18,0.108798733585197,NaN,NaN,-0.166843785226138,0.930518553691647,,,,,,,,,
2026-07-10 19,-0.00965817783896405,NaN,NaN,-0.166843785226138,0.930518553691647,,,,,,,,,
2026-07-10 20,-0.086667479578362,NaN,NaN,-0.166843785226138,0.930518553691647,,,,,,,,,
2026-07-10 21,-0.107486727071694,NaN,NaN,-0.166843785226138,0.930518553691647,,,,,,,,,
2026-07-10 22,-0.0685575991104531,NaN,NaN,-0.166843785226138,0.930518553691647,,,,,,,,,
2026-07-10 23,0.0222619130346849,NaN,NaN,-0.166843785226138,0.930518553691647,,,,,,,,,
2026-07-11 00,0.151709496505149,NaN,NaN,-0.166843785226138,0.930518553691647,,,,,,,,,
2026-07-11 01,0.304435378232001,NaN,NaN,-0.166843785226138,0.930518553691647,,,,,,,,,
2026-07-11 02,0.460111823445331,NaN,NaN,-0.166843785226138,0.930518553691647,,,,,,,,,
2026-07-11 03,0.593928255086363,0.659945211972092,0.0660169568857281,-0.166843785226138,0.930518553691647,,,,,,,,,
2026-07-11 04,0.686115187947583,0.765701659488501,0.0795864715409176,-0.166843785226138,0.930518553691647,,,,,,,,,
2026-07-11 05,0.730509164366581,0.79322257529125,0.0627134109246685,-0.166843785226138,0.930518553691647,,,,,,,,,
2026-07-11 06,0.732533405887471,0.772542297221014,0.0400088913335432,-0.166843785226138,0.930518553691647,,,,,,,,,
2026-07-11 07,0.702728579787391,0.729627640118136,0.0268990603307446,-0.166843785226138,0.930518553691647,,,,,,,,,
2026-07-11 08,0.655213356767571,0.686875619627775,0.0316622628602035,-0.166843785226138,0.930518553691647,,,,,,,,,
2026-07-11 09,0.607341886474917,0.625928229346005,0.0185863428710873,-0.166843785226138,0.930518553691647,,,,,,,,,
2026-07-11 10,0.573396454562441,0.596033171944119,0.0226367173816786,-0.166843785226138,0.930518553691647,,,,,,,,,
2026-07-11 11,0.557553119361372,0.579702029691628,0.0221489103302561,-0.166843785226138,0.930518553691647,,,,,,,,,
2026-07-11 12,0.554984239113305,0.577322161171265,0.0223379220579605,-0.166843785226138,0.930518553691647,,,,,,,,,
2026-07-11 13,0.557199681844299,0.588967211794962,0.0317675299506623,-0.166843785226138,0.930518553691647,,,,,,,,,
2026-07-11 14,0.552618262348576,0.590816088858687,0.0381978265101115,-0.166843785226138,0.930518553691647,,,,,,,,,
2026-07-11 15,0.525435961332464,0.571735034988662,0.0462990736561983,-0.166843785226138,0.930518553691647,,,,,,,,,
2026-07-11 16,0.461674372354403,0.494260840801379,0.0325864684469759,-0.166843785226138,0.930518553691647,,,,,,,,,
2026-07-11 17,0.35900195780667,NaN,NaN,-0.166843785226138,0.930518553691647,,,,,,,,,
2026-07-11 18,0.228920434328359,NaN,NaN,-0.166843785226138,0.930518553691647,,,,,,,,,
2026-07-11 19,0.0907620511315247,NaN,NaN,-0.166843785226138,0.930518553691647,,,,,,,,,
2026-07-11 20,-0.033255056296819,NaN,NaN,-0.166843785226138,0.930518553691647,,,,,,,,,
2026-07-11 21,-0.120020531313981,NaN,NaN,-0.166843785226138,0.930518553691647,,,,,,,,,
2026-07-11 22,-0.150465682031513,NaN,NaN,-0.166843785226138,0.930518553691647,,,,,,,,,
2026-07-11 23,-0.116259014311455,NaN,NaN,-0.166843785226138,0.930518553691647,,,,,,,,,
2026-07-12 00,-0.0206946244877579,NaN,NaN,-0.166843785226138,0.930518553691647,,,,,,,,,
2026-07-12 01,0.125220474632313,NaN,NaN,-0.166843785226138,0.930518553691647,,,,,,,,,
2026-07-12 02,0.303287161772867,NaN,NaN,-0.166843785226138,0.930518553691647,,,,,,,,,
2026-07-12 03,0.48630312959573,0.536232091991078,0.0499289623953485,-0.166843785226138,0.930518553691647,,,,,,,,,
2026-07-12 04,0.643326293900524,0.718007763248191,0.0746814693476674,-0.166843785226138,0.930518553691647,,,,,,,,,
2026-07-12 05,0.751356525367343,0.830044792390472,0.0786882670231284,-0.166843785226138,0.930518553691647,,,,,,,,,
2026-07-12 06,0.801516330776252,0.85887242693013,0.0573560961538782,-0.166843785226138,0.930518553691647,,,,,,,,,
2026-07-12 07,0.796130639049935,0.827929487972763,0.0317988489228278,-0.166843785226138,0.930518553691647,,,,,,,,,
2026-07-12 08,0.745900580267294,0.775506768041135,0.0296061877738414,-0.166843785226138,0.930518553691647,,,,,,,,,
2026-07-12 09,0.670664011493824,0.705254853060003,0.0345908415661793,-0.166843785226138,0.930518553691647,,,,,,,,,
2026-07-12 10,0.59546178495432,0.635703858742742,0.0402420737884217,-0.166843785226138,0.930518553691647,,,,,,,,,
2026-07-12 11,0.539663308578563,0.576308033937618,0.0366447253590556,-0.166843785226138,0.930518553691647,,,,,,,,,
2026-07-12 12,0.51009159540417,0.544894857344841,0.0348032619406715,-0.166843785226138,0.930518553691647,,,,,,,,,
2026-07-12 13,0.504065637949005,0.532257551809443,0.0281919138604376,-0.166843785226138,0.930518553691647,,,,,,,,,
2026-07-12 14,0.513460155787238,0.548575899602085,0.0351157438148462,-0.166843785226138,0.930518553691647,,,,,,,,,
2026-07-12 15,0.523222586207046,0.558239134055946,0.0350165478488995,-0.166843785226138,0.930518553691647,,,,,,,,,
2026-07-12 16,0.512119529755001,0.543383262808009,0.0312637330530081,-0.166843785226138,0.930518553691647,,,,,,,,,
2026-07-12 17,0.46224879080968,NaN,NaN,-0.166843785226138,0.930518553691647,,,,,,,,,
2026-07-12 18,0.368847757229195,NaN,NaN,-0.166843785226138,0.930518553691647,,,,,,,,,
2026-07-12 19,0.240617273678773,NaN,NaN,-0.166843785226138,0.930518553691647,,,,,,,,,
2026-07-12 20,0.0949591817278181,NaN,NaN,-0.166843785226138,0.930518553691647,,,,,,,,,
2026-07-12 21,-0.0438036712714495,NaN,NaN,-0.166843785226138,0.930518553691647,,,,,,,,,
2026-07-12 22,-0.146507675529325,NaN,NaN,-0.166843785226138,0.930518553691647,,,,,,,,,
2026-07-12 23,-0.187509161100737,NaN,NaN,-0.166843785226138,0.930518553691647,,,,,,,,,
2026-07-13 00,-0.153921875830038,NaN,NaN,-0.166843785226138,0.930518553691647,,,,,,,,,
2026-07-13 01,-0.0472753128326528,NaN,NaN,-0.166843785226138,0.930518553691647,,,,,,,,,
2026-07-13 02,0.119439888626704,NaN,NaN,-0.166843785226138,0.930518553691647,,,,,,,,,
2026-07-13 03,0.322235834041534,0.345872050150187,0.0236362161086525,-0.166843785226138,0.930518553691647,,,,,,,,,
2026-07-13 04,0.527238757454376,0.57729061775927,0.0500518603048938,-0.166843785226138,0.930518553691647,,,,,,,,,
2026-07-13 05,0.699070576477756,0.742917835807208,0.0438472593294521,-0.166843785226138,0.930518553691647,,,,,,,,,
2026-07-13 06,0.811972007767199,0.857199084930365,0.0452270771631667,-0.166843785226138,0.930518553691647,,,,,,,,,
2026-07-13 07,0.854317728713721,0.886059188660574,0.0317414599468531,-0.166843785226138,0.930518553691647,,,,,,,,,
2026-07-13 08,0.827785684512755,0.833292734402182,0.00550704988942652,-0.166843785226138,0.930518553691647,,,,,,,,,
2026-07-13 09,0.747945702529417,0.756261226031345,0.00831552350192832,-0.166843785226138,0.930518553691647,,,,,,,,,
2026-07-13 10,0.643369663472685,0.634624043157212,-0.00874562031547366,-0.166843785226138,0.930518553691647,,,,,,,,,
2026-07-13 11,0.546085977933991,0.550941341501767,0.00485536356777616,-0.166843785226138,0.930518553691647,,,,,,,,,
2026-07-13 12,0.478425696032856,0.491878587368331,0.0134528913354752,-0.166843785226138,0.930518553691647,,,,,,,,,
2026-07-13 13,0.448429728818116,0.481271509546731,0.0328417807286152,-0.166843785226138,0.930518553691647,,,,,,,,,
2026-07-13 14,0.453731290927942,0.494133310245116,0.0404020193171739,-0.166843785226138,0.930518553691647,,,,,,,,,
2026-07-13 15,0.483341779790973,0.520506401561588,0.0371646217706147,-0.166843785226138,0.930518553691647,,,,,,,,,
2026-07-13 16,0.516093944074539,0.5450594624477,0.028965518373161,-0.166843785226138,0.930518553691647,,,,,,,,,
2026-07-13 17,0.525129644397929,NaN,NaN,-0.166843785226138,0.930518553691647,,,,,,,,,
2026-07-13 18,0.489473615161873,NaN,NaN,-0.166843785226138,0.930518553691647,,,,,,,,,
2026-07-13 19,0.401927423233843,NaN,NaN,-0.166843785226138,0.930518553691647,,,,,,,,,
2026-07-13 20,0.268745737152256,NaN,NaN,-0.166843785226138,0.930518553691647,,,,,,,,,
2026-07-13 21,0.108273813930286,NaN,NaN,-0.166843785226138,0.930518553691647,,,,,,,,,
2026-07-13 22,-0.048742975598271,NaN,NaN,-0.166843785226138,0.930518553691647,,,,,,,,,
2026-07-13 23,-0.164742434286799,NaN,NaN,-0.166843785226138,0.930518553691647,,,,,,,,,
2026-07-14 00,-0.2087429124394,NaN,NaN,-0.166843785226138,0.930518553691647,,,,,,,,,
2026-07-14 01,-0.166888502690466,NaN,NaN,-0.166843785226138,0.930518553691647,,,,,,,,,
2026-07-14 02,-0.0428871465292356,NaN,NaN,-0.166843785226138,0.930518553691647,,,,,,,,,
2026-07-14 03,0.145587088130296,0.198334939184391,0.052747851054095,-0.166843785226138,0.930518553691647,,,,,,,,,
2026-07-14 04,0.368322256723821,0.441435032052268,0.0731127753284474,-0.166843785226138,0.930518553691647,,,,,,,,,
2026-07-14 05,0.586059973515502,0.66398556222193,0.0779255887064287,-0.166843785226138,0.930518553691647,,,,,,,,,
2026-07-14 06,0.760147303594812,0.828201371656414,0.0680540680616026,-0.166843785226138,0.930518553691647,,,,,,,,,
2026-07-14 07,0.862724602816366,0.909523977219789,0.0467993744034236,-0.166843785226138,0.930518553691647,,,,,,,,,
2026-07-14 08,0.881574219652364,0.922904598630692,0.0413303789783275,-0.166843785226138,0.930518553691647,,,,,,,,,
2026-07-14 09,0.822128562021934,0.853928101602286,0.0317995395803528,-0.166843785226138,0.930518553691647,,,,,,,,,
2026-07-14 10,0.708519663346396,0.727053490951293,0.018533827604897,-0.166843785226138,0.930518553691647,,,,,,,,,
2026-07-14 11,0.578032864748384,0.599190546599914,0.0211576818515302,-0.166843785226138,0.930518553691647,,,,,,,,,
2026-07-14 12,0.467102599485834,0.491503733909939,0.0244011344241051,-0.166843785226138,0.930518553691647,,,,,,,,,
2026-07-14 13,0.398888358352268,0.423664463929415,0.0247761055771467,-0.166843785226138,0.930518553691647,,,,,,,,,
2026-07-14 14,0.381120528057677,0.409694187199273,0.0285736591415962,-0.166843785226138,0.930518553691647,,,,,,,,,
2026-07-14 15,0.40915440534279,0.437376541658081,0.0282221363152912,-0.166843785226138,0.930518553691647,,,,,,,,,
2026-07-14 16,0.466278291388479,0.493845054558917,0.0275667631704377,-0.166843785226138,0.930518553691647,,,,,,,,,
2026-07-14 17,0.52458191441996,NaN,NaN,-0.166843785226138,0.930518553691647,,,,,,,,,
2026-07-14 18,0.552959630435083,NaN,NaN,-0.166843785226138,0.930518553691647,,,,,,,,,
2026-07-14 19,0.528191292489311,NaN,NaN,-0.166843785226138,0.930518553691647,,,,,,,,,
2026-07-14 20,0.440838963096245,NaN,NaN,-0.166843785226138,0.930518553691647,,,,,,,,,
2026-07-14 21,0.296966667922194,NaN,NaN,-0.166843785226138,0.930518553691647,,,,,,,,,
2026-07-14 22,0.12041197135774,NaN,NaN,-0.166843785226138,0.930518553691647,,,,,,,,,
2026-07-14 23,-0.0487344268480483,NaN,NaN,-0.166843785226138,0.930518553691647,,,,,,,,,
2026-07-15 00,-0.166249941993671,NaN,NaN,-0.166843785226138,0.930518553691647,,,,,,,,,
2026-07-15 01,-0.200599159658871,NaN,NaN,-0.166843785226138,0.930518553691647,,,,,,,,,
2026-07-15 02,-0.141255923374367,NaN,NaN,-0.166843785226138,0.930518553691647,,,,,,,,,
2026-07-15 03,0.00357907519127765,0.00944073891636987,0.00586166372509223,-0.166843785226138,0.930518553691647,,,,,,,,,
2026-07-15 04,0.210861764108816,0.230007329240667,0.0191455651318511,-0.166843785226138,0.930518553691647,,,,,,,,,
2026-07-15 05,0.444656159037726,0.473408936669827,0.0287527776321008,-0.166843785226138,0.930518553691647,,,,,,,,,
2026-07-15 06,0.661559651373128,0.695759186939188,0.0341995355660603,-0.166843785226138,0.930518553691647,,,,,,,,,
2026-07-15 07,0.821214230304768,0.849723678574206,0.0285094482694377,-0.166843785226138,0.930518553691647,,,,,,,,,
2026-07-15 08,0.896110273975345,0.916571863879738,0.020461589904393,-0.166843785226138,0.930518553691647,,,,,,,,,
2026-07-15 09,0.877404598905034,0.898855147410156,0.0214505485051215,-0.166843785226138,0.930518553691647,,,,,,,,,
2026-07-15 10,0.778190193898283,0.781436013685069,0.00324581978678617,-0.166843785226138,0.930518553691647,,,,,,,,,
2026-07-15 11,0.632112009433321,0.64970055084681,0.0175885414134895,-0.166843785226138,0.930518553691647,,,,,,,,,
2026-07-15 12,0.482822605582307,0.495812518277141,0.0129899126948336,-0.166843785226138,0.930518553691647,,,,,,,,,
2026-07-15 13,0.368212758327298,0.39024515017363,0.0220323918463319,-0.166843785226138,0.930518553691647,,,,,,,,,
2026-07-15 14,0.31034320875019,0.334381257849348,0.0240380490991582,-0.166843785226138,0.930518553691647,,,,,,,,,
2026-07-15 15,0.314596260200008,0.345694912945376,0.0310986527453683,-0.166843785226138,0.930518553691647,,,,,,,,,
2026-07-15 16,0.371439740404731,0.396840710005681,0.0254009696009497,-0.166843785226138,0.930518553691647,,,,,,,,,
2026-07-15 17,0.457256173217089,NaN,NaN,-0.166843785226138,0.930518553691647,,,,,,,,,
2026-07-15 18,0.538642581227254,NaN,NaN,-0.166843785226138,0.930518553691647,,,,,,,,,
2026-07-15 19,0.581887092587338,NaN,NaN,-0.166843785226138,0.930518553691647,,,,,,,,,
2026-07-15 20,0.562203666503787,NaN,NaN,-0.166843785226138,0.930518553691647,,,,,,,,,
2026-07-15 21,0.469692301988021,NaN,NaN,-0.166843785226138,0.930518553691647,,,,,,,,,
2026-07-15 22,0.314547757771821,NaN,NaN,-0.166843785226138,0.930518553691647,,,,,,,,,
2026-07-15 23,0.129699546496489,NaN,NaN,-0.166843785226138,0.930518553691647,,,,,,,,,
2026-07-16 00,-0.0368535358822834,NaN,NaN,-0.166843785226138,0.930518553691647,,,,,,,,,
2026-07-16 01,-0.139929077964835,NaN,NaN,-0.166843785226138,0.930518553691647,,,,,,,,,
2026-07-16 02,-0.152646440867048,NaN,NaN,-0.166843785226138,0.930518553691647,,,,,,,,,
2026-07-16 03,-0.0699747973094219,-0.060975477756677,0.00899931955274491,-0.166843785226138,0.930518553691647,,,,,,,,,
2026-07-16 04,0.0949423823306669,0.0999223766829785,0.00497999435231167,-0.166843785226138,0.930518553691647,,,,,,,,,
2026-07-16 05,0.313546294788747,0.331283983545528,0.0177376887567806,-0.166843785226138,0.930518553691647,,,,,,,,,
2026-07-16 06,0.544861327637136,0.574677481058932,0.0298161534217964,-0.166843785226138,0.930518553691647,,,,,,,,,
2026-07-16 07,0.743475046473537,0.777516054803667,0.0340410083301308,-0.166843785226138,0.930518553691647,,,,,,,,,
2026-07-16 08,0.870526068521268,0.902108314548914,0.0315822460276467,-0.166843785226138,0.930518553691647,,,,,,,,,
2026-07-16 09,0.902630334507441,0.942699006343259,0.0400686718358183,-0.166843785226138,0.930518553691647,,,,,,,,,
2026-07-16 10,0.837915953771843,0.855509386399915,0.0175934326280727,-0.166843785226138,0.930518553691647,,,,,,,,,
2026-07-16 11,0.698780675228024,0.703392155847863,0.00461148061983896,-0.166843785226138,0.930518553691647,,,,,,,,,
2026-07-16 12,0.526855725205882,0.523628217462721,-0.00322750774316094,-0.166843785226138,0.930518553691647,,,,,,,,,
2026-07-16 13,0.368815033664209,0.367581133936751,-0.00123389972745769,-0.166843785226138,0.930518553691647,,,,,,,,,
2026-07-16 14,0.26115759563955,0.27855094175183,0.0173933461122795,-0.166843785226138,0.930518553691647,,,,,,,,,
2026-07-16 15,0.222808393226485,0.255788153718995,0.0329797604925092,-0.166843785226138,0.930518553691647,,,,,,,,,
2026-07-16 16,0.254705153482013,NaN,NaN,-0.166843785226138,0.930518553691647,,,,,,,,,
2026-07-16 17,0.340983961558382,NaN,NaN,-0.166843785226138,0.930518553691647,,,,,,,,,
2026-07-16 18,0.451738689420381,NaN,NaN,-0.166843785226138,0.930518553691647,,,,,,,,,
2026-07-16 19,0.549996000210736,NaN,NaN,-0.166843785226138,0.930518553691647,,,,,,,,,
2026-07-16 20,0.600935025616803,NaN,NaN,-0.166843785226138,0.930518553691647,,,,,,,,,
2026-07-16 21,0.579999916292354,NaN,NaN,-0.166843785226138,0.930518553691647,,,,,,,,,
2026-07-16 22,0.480662369177929,NaN,NaN,-0.166843785226138,0.930518553691647,,,,,,,,,
2026-07-16 23,0.321189063025749,NaN,NaN,-0.166843785226138,0.930518553691647,,,,,,,,,
2026-07-17 00,0.143036488768839,NaN,NaN,-0.166843785226138,0.930518553691647,,,,,,,,,
2026-07-17 01,-0.00368420640694367,NaN,NaN,-0.166843785226138,0.930518553691647,,,,,,,,,
2026-07-17 02,-0.0790042831360754,NaN,NaN,-0.166843785226138,0.930518553691647,,,,,,,,,
2026-07-17 03,-0.0631743290287107,NaN,NaN,-0.166843785226138,0.930518553691647,,,,,,,,,
2026-07-17 04,0.0433691764677717,NaN,NaN,-0.166843785226138,0.930518553691647,,,,,,,,,
2026-07-17 05,0.222305984113922,NaN,NaN,-0.166843785226138,0.930518553691647,,,,,,,,,
2026-07-17 06,0.439468433783546,NaN,NaN,-0.166843785226138,0.930518553691647,,,,,,,,,
2026-07-17 07,0.650879143475144,NaN,NaN,-0.166843785226138,0.930518553691647,,,,,,,,,
2026-07-17 08,0.813089988400335,NaN,NaN,-0.166843785226138,0.930518553691647,,,,,,,,,
2026-07-17 09,0.892768482960988,NaN,NaN,-0.166843785226138,0.930518553691647,,,,,,,,,
2026-07-17 10,0.87371610163236,NaN,NaN,-0.166843785226138,0.930518553691647,,,,,,,,,
2026-07-17 11,0.762712240980487,NaN,NaN,-0.166843785226138,0.930518553691647,,,,,,,,,
2026-07-17 12,0.59084288575883,NaN,NaN,-0.166843785226138,0.930518553691647,,,,,,,,,
2026-07-17 13,0.404660648345228,NaN,NaN,-0.166843785226138,0.930518553691647,,,,,,,,,
2026-07-17 14,0.250098677080511,0.283691114458501,0.0335924373779904,-0.166843785226138,0.930518553691647,,,,,,,,,
2026-07-17 15,0.159545394627385,0.205553303515526,0.0460079088881414,-0.166843785226138,0.930518553691647,,,,,,,,,
2026-07-17 16,0.147037117712199,0.193529126808128,0.0464920090959289,-0.166843785226138,0.930518553691647,,,,,,,,,
2026-07-17 17,0.207824251826624,NaN,NaN,-0.166843785226138,0.930518553691647,,,,,,,,,
2026-07-17 18,0.319658039728397,NaN,NaN,-0.166843785226138,0.930518553691647,,,,,,,,,
2026-07-17 19,0.447863952199293,NaN,NaN,-0.166843785226138,0.930518553691647,,,,,,,,,
2026-07-17 20,0.554022585925397,NaN,NaN,-0.166843785226138,0.930518553691647,,,,,,,,,
2026-07-17 21,0.604539143416909,NaN,NaN,-0.166843785226138,0.930518553691647,,,,,,,,,
2026-07-17 22,0.578555388822178,NaN,NaN,-0.166843785226138,0.930518553691647,,,,,,,,,
2026-07-17 23,0.476673415403452,NaN,NaN,-0.166843785226138,0.930518553691647,,,,,,,,,
2026-07-18 00,0.325527447257566,NaN,NaN,-0.166843785226138,0.930518553691647,,,,,,,,,
2026-07-18 01,0.170060309961537,NaN,NaN,-0.166843785226138,0.930518553691647,,,,,,,,,
2026-07-18 02,0.0558807667520821,NaN,NaN,-0.166843785226138,0.930518553691647,,,,,,,,,
2026-07-18 03,0.0146094315468012,0.0514680257694508,0.0368585942226496,-0.166843785226138,0.930518553691647,,,,,,,,,
2026-07-18 04,0.0591990802592633,0.109640479067286,0.0504413988080231,-0.166843785226138,0.930518553691647,,,,,,,,,
2026-07-18 05,0.183999376745806,0.232098852472335,0.0480994757265283,-0.166843785226138,0.930518553691647,,,,,,,,,
2026-07-18 06,0.364971332370498,0.42406622712403,0.0590948947535322,-0.166843785226138,0.930518553691647,,,,,,,,,
2026-07-18 07,0.563748929408891,0.630743299520362,0.0669943701114708,-0.166843785226138,0.930518553691647,,,,,,,,,
2026-07-18 08,0.737663698905015,0.808026192107234,0.0703624932022193,-0.166843785226138,0.930518553691647,,,,,,,,,
2026-07-18 09,0.849851807313799,0.905522756072065,0.0556709487582669,-0.166843785226138,0.930518553691647,,,,,,,,,
2026-07-18 10,0.87523236155167,0.933668013359855,0.0584356518081846,-0.166843785226138,0.930518553691647,,,,,,,,,
2026-07-18 11,0.805902371483842,0.87692635360743,0.0710239821235872,-0.166843785226138,0.930518553691647,,,,,,,,,
2026-07-18 12,0.657119622464619,0.71897392774143,0.0618543052768112,-0.166843785226138,0.930518553691647,,,,,,,,,
2026-07-18 13,0.466356728549781,0.515528400714346,0.0491716721645659,-0.166843785226138,0.930518553691647,,,,,,,,,
2026-07-18 14,0.28094882532934,0.320136476454746,0.0391876511254055,-0.166843785226138,0.930518553691647,,,,,,,,,
2026-07-18 15,0.142329892558226,0.184127296532514,0.041797403974288,-0.166843785226138,0.930518553691647,,,,,,,,,
2026-07-18 16,0.076850642991852,NaN,NaN,-0.166843785226138,0.930518553691647,,,,,,,,,
2026-07-18 17,0.0928981550315872,NaN,NaN,-0.166843785226138,0.930518553691647,,,,,,,,,
2026-07-18 18,0.179743897700247,NaN,NaN,-0.166843785226138,0.930518553691647,,,,,,,,,
2026-07-18 19,0.309496622852413,NaN,NaN,-0.166843785226138,0.930518553691647,,,,,,,,,
2026-07-18 20,0.444882422875885,NaN,NaN,-0.166843785226138,0.930518553691647,,,,,,,,,
2026-07-18 21,0.549106558158407,NaN,NaN,-0.166843785226138,0.930518553691647,,,,,,,,,
2026-07-18 22,0.593328739335197,NaN,NaN,-0.166843785226138,0.930518553691647,,,,,,,,,
2026-07-18 23,0.563625422358047,NaN,NaN,-0.166843785226138,0.930518553691647,,,,,,,,,
2026-07-19 00,0.468335000212397,NaN,NaN,-0.166843785226138,0.930518553691647,,,,,,,,,
2026-07-19 01,0.33852914665403,NaN,NaN,-0.166843785226138,0.930518553691647,,,,,,,,,
2026-07-19 02,0.216386589745586,NaN,NaN,-0.166843785226138,0.930518553691647,,,,,,,,,
2026-07-19 03,0.139265694517449,0.19736065722255,0.0580949627051009,-0.166843785226138,0.930518553691647,,,,,,,,,
2026-07-19 04,0.130627465424807,0.18277039025438,0.0521429248295724,-0.166843785226138,0.930518553691647,,,,,,,,,
2026-07-19 05,0.197565501910038,0.259816067959548,0.0622505660495104,-0.166843785226138,0.930518553691647,,,,,,,,,
2026-07-19 06,0.328864840353796,0.386860857215095,0.0579960168612992,-0.166843785226138,0.930518553691647,,,,,,,,,
2026-07-19 07,0.495489518376522,0.548404305221042,0.0529147868445199,-0.166843785226138,0.930518553691647,,,,,,,,,
2026-07-19 08,0.65889989331747,0.709949828611232,0.0510499352937615,-0.166843785226138,0.930518553691647,,,,,,,,,
2026-07-19 09,0.782897841623051,0.822603182454902,0.0397053408318511,-0.166843785226138,0.930518553691647,,,,,,,,,
2026-07-19 10,0.840039730797727,0.886138566853667,0.0460988360559398,-0.166843785226138,0.930518553691647,,,,,,,,,
2026-07-19 11,0.813860789478931,0.856541125959522,0.0426803364805901,-0.166843785226138,0.930518553691647,,,,,,,,,
2026-07-19 12,0.704302703403337,0.736744152737448,0.0324414493341112,-0.166843785226138,0.930518553691647,,,,,,,,,
2026-07-19 13,0.533527256858053,0.565909777454284,0.0323825205962307,-0.166843785226138,0.930518553691647,,,,,,,,,
2026-07-19 14,0.341595128122971,0.366548360249655,0.0249532321266832,-0.166843785226138,0.930518553691647,,,,,,,,,
2026-07-19 15,0.172045749297679,0.195504076685224,0.0234583273875453,-0.166843785226138,0.930518553691647,,,,,,,,,
2026-07-19 16,0.0591926898877406,NaN,NaN,-0.166843785226138,0.930518553691647,,,,,,,,,
2026-07-19 17,0.0229593478024138,NaN,NaN,-0.166843785226138,0.930518553691647,,,,,,,,,
2026-07-19 18,0.0661428085526471,NaN,NaN,-0.166843785226138,0.930518553691647,,,,,,,,,
2026-07-19 19,0.172181163096169,NaN,NaN,-0.166843785226138,0.930518553691647,,,,,,,,,
2026-07-19 20,0.309179837759305,NaN,NaN,-0.166843785226138,0.930518553691647,,,,,,,,,
2026-07-19 21,0.440813667266596,NaN,NaN,-0.166843785226138,0.930518553691647,,,,,,,,,
2026-07-19 22,0.535944701085607,NaN,NaN,-0.166843785226138,0.930518553691647,,,,,,,,,
2026-07-19 23,0.573285505990522,NaN,NaN,-0.166843785226138,0.930518553691647,,,,,,,,,
2026-07-20 00,0.546073588503825,NaN,NaN,-0.166843785226138,0.930518553691647,,,,,,,,,
2026-07-20 01,0.467229591860609,NaN,NaN,-0.166843785226138,0.930518553691647,,,,,,,,,
2026-07-20 02,0.366975156308234,NaN,NaN,-0.166843785226138,0.930518553691647,,,,,,,,,
2026-07-20 03,0.280822952664953,0.339619596578218,0.0587966439132646,-0.166843785226138,0.930518553691647,,,,,,,,,
2026-07-20 04,0.237529428796814,0.288935971568631,0.0514065427718173,-0.166843785226138,0.930518553691647,,,,,,,,,
2026-07-20 05,0.25370514774041,0.301281843538722,0.0475766957983118,-0.166843785226138,0.930518553691647,,,,,,,,,
2026-07-20 06,0.330922947184532,0.375679659808392,0.0447567126238603,-0.166843785226138,0.930518553691647,,,,,,,,,
2026-07-20 07,0.452861161908301,0.484677586480833,0.0318164245725321,-0.166843785226138,0.930518553691647,,,,,,,,,
2026-07-20 08,0.588806722600994,0.619340584557336,0.030533861956342,-0.166843785226138,0.930518553691647,,,,,,,,,
2026-07-20 09,0.70531282230576,0.732403161486087,0.0270903391803266,-0.166843785226138,0.930518553691647,,,,,,,,,
2026-07-20 10,0.775943403325046,0.807697264492169,0.0317538611671233,-0.166843785226138,0.930518553691647,,,,,,,,,
2026-07-20 11,0.782620969143935,0.80852670908917,0.0259057399452354,-0.166843785226138,0.930518553691647,,,,,,,,,
2026-07-20 12,0.71625483779497,0.743047919523507,0.0267930817285371,-0.166843785226138,0.930518553691647,,,,,,,,,
2026-07-20 13,0.583253181420524,0.619683981837213,0.0364308004166893,-0.166843785226138,0.930518553691647,,,,,,,,,
2026-07-20 14,0.409651661456971,0.446572872803348,0.0369212113463766,-0.166843785226138,0.930518553691647,,,,,,,,,
2026-07-20 15,0.233373864830494,0.263398166281755,0.0300243014512616,-0.166843785226138,0.930518553691647,,,,,,,,,
2026-07-20 16,0.0906967757259739,NaN,NaN,-0.166843785226138,0.930518553691647,,,,,,,,,
2026-07-20 17,0.00837150344281945,NaN,NaN,-0.166843785226138,0.930518553691647,,,,,,,,,
2026-07-20 18,0.000648036598455137,NaN,NaN,-0.166843785226138,0.930518553691647,,,,,,,,,
2026-07-20 19,0.0648971608394199,NaN,NaN,-0.166843785226138,0.930518553691647,,,,,,,,,
2026-07-20 20,0.17965919470334,NaN,NaN,-0.166843785226138,0.930518553691647,,,,,,,,,
2026-07-20 21,0.312520255380741,NaN,NaN,-0.166843785226138,0.930518553691647,,,,,,,,,
2026-07-20 22,0.432782417903033,NaN,NaN,-0.166843785226138,0.930518553691647,,,,,,,,,
2026-07-20 23,0.517757171376431,NaN,NaN,-0.166843785226138,0.930518553691647,,,,,,,,,
2026-07-21 00,0.553195667501233,NaN,NaN,-0.166843785226138,0.930518553691647,,,,,,,,,
2026-07-21 01,0.536344650977709,NaN,NaN,-0.166843785226138,0.930518553691647,,,,,,,,,
2026-07-21 02,0.480410509526078,NaN,NaN,-0.166843785226138,0.930518553691647,,,,,,,,,
2026-07-21 03,0.411320623030609,0.487264270771299,0.0759436477406901,-0.166843785226138,0.930518553691647,,,,,,,,,
2026-07-21 04,0.357001768328879,0.420806039647038,0.0638042713181589,-0.166843785226138,0.930518553691647,,,,,,,,,
2026-07-21 05,0.338699493903219,0.400435931760714,0.0617364378574954,-0.166843785226138,0.930518553691647,,,,,,,,,
2026-07-21 06,0.367219726201658,0.427115800298541,0.0598960740968828,-0.166843785226138,0.930518553691647,,,,,,,,,
2026-07-21 07,0.439418509396229,0.494189585053647,0.0547710756574176,-0.166843785226138,0.930518553691647,,,,,,,,,
2026-07-21 08,0.536529947279045,0.584325595118377,0.047795647839332,-0.166843785226138,0.930518553691647,,,,,,,,,
2026-07-21 09,0.630970125740768,0.680095874046237,0.0491257483054692,-0.166843785226138,0.930518553691647,,,,,,,,,
2026-07-21 10,0.698085584970033,0.748273155886461,0.0501875709164281,-0.166843785226138,0.930518553691647,,,,,,,,,
2026-07-21 11,0.721286374797507,0.775653083890087,0.0543667090925803,-0.166843785226138,0.930518553691647,,,,,,,,,
2026-07-21 12,0.689838615597037,0.739570327370844,0.0497317117738076,-0.166843785226138,0.930518553691647,,,,,,,,,
2026-07-21 13,0.600173789984572,0.64335765794284,0.0431838679582683,-0.166843785226138,0.930518553691647,,,,,,,,,
2026-07-21 14,0.462774164843354,0.505490267296061,0.0427161024527067,-0.166843785226138,0.930518553691647,,,,,,,,,
2026-07-21 15,0.303380190901491,0.356495915024942,0.053115724123451,-0.166843785226138,0.930518553691647,,,,,,,,,
2026-07-21 16,0.153818838763312,0.198467210991446,0.0446483722281339,-0.166843785226138,0.930518553691647,,,,,,,,,
2026-07-21 17,0.0421842905813362,NaN,NaN,-0.166843785226138,0.930518553691647,,,,,,,,,
2026-07-21 18,-0.0110095023894293,NaN,NaN,-0.166843785226138,0.930518553691647,,,,,,,,,
2026-07-21 19,0.0036357667207052,NaN,NaN,-0.166843785226138,0.930518553691647,,,,,,,,,
2026-07-21 20,0.0786487225244065,NaN,NaN,-0.166843785226138,0.930518553691647,,,,,,,,,
2026-07-21 21,0.190630211651382,NaN,NaN,-0.166843785226138,0.930518553691647,,,,,,,,,
2026-07-21 22,0.311692245118088,NaN,NaN,-0.166843785226138,0.930518553691647,,,,,,,,,
2026-07-21 23,0.420000292155008,NaN,NaN,-0.166843785226138,0.930518553691647,,,,,,,,,
2026-07-22 00,0.500238905664002,NaN,NaN,-0.166843785226138,0.930518553691647,,,,,,,,,
2026-07-22 01,0.541348734324922,NaN,NaN,-0.166843785226138,0.930518553691647,,,,,,,,,
2026-07-22 02,0.540731732992967,NaN,NaN,-0.166843785226138,0.930518553691647,,,,,,,,,
2026-07-22 03,0.50927079177018,0.565417857768697,0.056147065998517,-0.166843785226138,0.930518553691647,,,,,,,,,
2026-07-22 04,0.467498853016517,0.529746421585644,0.0622475685691271,-0.166843785226138,0.930518553691647,,,,,,,,,
2026-07-22 05,0.436185776598434,0.495760718238224,0.0595749416397893,-0.166843785226138,0.930518553691647,,,,,,,,,
2026-07-22 06,0.430356731287621,0.474233950311996,0.0438772190243741,-0.166843785226138,0.930518553691647,,,,,,,,,
2026-07-22 07,0.456547638946038,0.513408286799378,0.0568606478533396,-0.166843785226138,0.930518553691647,,,,,,,,,
2026-07-22 08,0.509384070123794,0.550269334492622,0.0408852643688276,-0.166843785226138,0.930518553691647,,,,,,,,,
2026-07-22 09,0.571681470403226,0.617484703897669,0.0458032334944432,-0.166843785226138,0.930518553691647,,,,,,,,,
2026-07-22 10,0.622662169125587,0.658708612062341,0.0360464429367537,-0.166843785226138,0.930518553691647,,,,,,,,,
2026-07-22 11,0.647057410709363,0.684747537855531,0.037690127146168,-0.166843785226138,0.930518553691647,,,,,,,,,
2026-07-22 12,0.635815978503304,0.677882283318558,0.0420663048152543,-0.166843785226138,0.930518553691647,,,,,,,,,
2026-07-22 13,0.582861662818781,0.621177651786168,0.0383159889673874,-0.166843785226138,0.930518553691647,,,,,,,,,
2026-07-22 14,0.487814283893932,0.524372526820118,0.0365582429261861,-0.166843785226138,0.930518553691647,,,,,,,,,
2026-07-22 15,0.361911575584861,0.408458688384637,0.0465471127997769,-0.166843785226138,0.930518553691647,,,,,,,,,
2026-07-22 16,0.226804612216874,0.281781296203468,0.0549766839865938,-0.166843785226138,0.930518553691647,,,,,,,,,
2026-07-22 17,0.106718052228492,NaN,NaN,-0.166843785226138,0.930518553691647,,,,,,,,,
2026-07-22 18,0.0229745045035358,0.0441392123080768,0.021164707804541,-0.166843785226138,0.930518553691647,,,,,,,,,
2026-07-22 19,-0.00842343327348716,-0.000524724553084166,0.00789870872040299,-0.166843785226138,0.930518553691647,,,,,,,,,
2026-07-22 20,0.0179558901588638,0.0279947762991177,0.0100388861402539,-0.166843785226138,0.930518553691647,,,,,,,,,
2026-07-22 21,0.092165994539105,0.111649283396427,0.0194832888573215,-0.166843785226138,0.930518553691647,,,,,,,,,
2026-07-22 22,0.193745137792797,0.22973135825048,0.0359862204576827,-0.166843785226138,0.930518553691647,,,,,,,,,
2026-07-22 23,0.303120128571424,0.356392701847859,0.0532725732764356,-0.166843785226138,0.930518553691647,,,,,,,,,
2026-07-23 00,0.406216732089221,0.470828166626516,0.064611434537295,-0.166843785226138,0.930518553691647,,,,,,,,,
2026-07-23 01,0.490348303359079,0.549033635471586,0.0586853321125069,-0.166843785226138,0.930518553691647,,,,,,,,,
2026-07-23 02,0.543459299433927,0.603667147095064,0.0602078476611372,-0.166843785226138,0.930518553691647,,,,,,,,,
2026-07-23 03,0.561220237025903,0.636293630610785,0.0750733935848822,-0.166843785226138,0.930518553691647,,,,,,,,,
2026-07-23 04,0.551463279938202,0.632571162505945,0.0811078825677427,-0.166843785226138,0.930518553691647,,,,,,,,,
2026-07-23 05,0.529111505517696,0.615229896587422,0.0861183910697263,-0.166843785226138,0.930518553691647,,,,,,,,,
2026-07-23 06,0.508695365098862,0.578866150510979,0.0701707854121163,-0.166843785226138,0.930518553691647,,,,,,,,,
2026-07-23 07,0.501195230276064,0.544420356779281,0.0432251265032175,-0.166843785226138,0.930518553691647,,,,,,,,,
2026-07-23 08,0.511791968861247,0.567388508975028,0.0555965401137806,-0.166843785226138,0.930518553691647,,,,,,,,,
2026-07-23 09,0.536283574636389,0.581916508696173,0.0456329340597836,-0.166843785226138,0.930518553691647,,,,,,,,,
2026-07-23 10,0.562199296590702,0.61637004949336,0.0541707529026578,-0.166843785226138,0.930518553691647,,,,,,,,,
2026-07-23 11,0.576580844635117,0.634497660366489,0.0579168157313725,-0.166843785226138,0.930518553691647,,,,,,,,,
2026-07-23 12,0.571572840600718,0.627424185936524,0.0558513453358058,-0.166843785226138,0.930518553691647,,,,,,,,,
2026-07-23 13,0.542328876063495,0.604613952991519,0.0622850769280243,-0.166843785226138,0.930518553691647,,,,,,,,,
2026-07-23 14,0.484539182883215,0.55578426888627,0.0712450860030556,-0.166843785226138,0.930518553691647,,,,,,,,,
2026-07-23 15,0.398267721964992,0.469447362620473,0.0711796406554812,-0.166843785226138,0.930518553691647,,,,,,,,,
2026-07-23 16,0.29243781692697,0.361921438977799,0.0694836220508283,-0.166843785226138,0.930518553691647,,,,,,,,,
2026-07-23 17,0.182838505933754,0.246067717837038,0.0632292119032837,-0.166843785226138,0.930518553691647,,,,,,,,,
2026-07-23 18,0.0870934016503393,0.127130456518412,0.0400370548680723,-0.166843785226138,0.930518553691647,,,,,,,,,
2026-07-23 19,0.0220845245989163,0.0591437975879618,0.0370592729890455,-0.166843785226138,0.930518553691647,,,,,,,,,
2026-07-23 20,0.00101541730779386,0.0356533933826293,0.0346379760748354,-0.166843785226138,0.930518553691647,,,,,,,,,
2026-07-23 21,0.0275154104482379,0.0618107810531442,0.0342953706049063,-0.166843785226138,0.930518553691647,,,,,,,,,
2026-07-23 22,0.093437674911797,0.13403490377943,0.0405972288676333,-0.166843785226138,0.930518553691647,,,,,,,,,
2026-07-23 23,0.185254102840963,0.221964352115893,0.0367102492749296,-0.166843785226138,0.930518553691647,,,,,,,,,
2026-07-24 00,0.291038213320075,0.33708164093096,0.0460434276108846,-0.166843785226138,0.930518553691647,,,,,,,,,
2026-07-24 01,0.399206320394552,0.444352833520799,0.0451465131262472,-0.166843785226138,0.930518553691647,,,,,,,,,
2026-07-24 02,0.49466103911592,0.562774644489653,0.068113605373733,-0.166843785226138,0.930518553691647,,,,,,,,,
2026-07-24 03,0.56263787222764,0.636649089441937,0.0740112172142966,-0.166843785226138,0.930518553691647,,,,,,,,,
2026-07-24 04,0.597058555756239,0.661104489304382,0.0640459335481427,-0.166843785226138,0.930518553691647,,,,,,,,,
2026-07-24 05,0.602313127724548,0.668231387961575,0.065918260237027,-0.166843785226138,0.930518553691647,,,,,,,,,
2026-07-24 06,0.58790974857226,0.648944688683334,0.0610349401110737,-0.166843785226138,0.930518553691647,,,,,,,,,
2026-07-24 07,0.564461690766089,0.616500153582757,0.0520384628166679,-0.166843785226138,0.930518553691647,,,,,,,,,
2026-07-24 08,0.542585722080557,0.579625974194667,0.0370402521141098,-0.166843785226138,0.930518553691647,,,,,,,,,
2026-07-24 09,0.529447573421472,0.566112508123375,0.0366649347019028,-0.166843785226138,0.930518553691647,,,,,,,,,
2026-07-24 10,0.524376660891997,0.554326916471994,0.0299502555799964,-0.166843785226138,0.930518553691647,,,,,,,,,
2026-07-24 11,0.520577218618069,0.54543941769004,0.0248621990719711,-0.166843785226138,0.930518553691647,,,,,,,,,
2026-07-24 12,0.511589254031402,0.55192613334682,0.040336879315418,-0.166843785226138,0.930518553691647,,,,,,,,,
2026-07-24 13,0.493584509207214,0.543429061769218,0.0498445525620044,-0.166843785226138,0.930518553691647,,,,,,,,,
2026-07-24 14,0.462246768907371,0.516056370367742,0.0538096014603708,-0.166843785226138,0.930518553691647,,,,,,,,,
2026-07-24 15,0.412233173210214,0.469096682805893,0.0568635095956787,-0.166843785226138,0.930518553691647,,,,,,,,,
2026-07-24 16,0.341822961996656,0.425258599425517,0.0834356374288611,-0.166843785226138,0.930518553691647,,,,,,,,,
2026-07-24 17,0.256142117815658,0.322257298257453,0.066115180441795,-0.166843785226138,0.930518553691647,,,,,,,,,
2026-07-24 18,0.165555376734312,0.223918151433985,0.0583627746996731,-0.166843785226138,0.930518553691647,,,,,,,,,
2026-07-24 19,0.0833889363730772,0.134119780959003,0.0507308445859254,-0.166843785226138,0.930518553691647,,,,,,,,,
2026-07-24 20,0.0246781383784573,0.0808662892703873,0.05618815089193,-0.166843785226138,0.930518553691647,,,,,,,,,
2026-07-24 21,0.00238589301248526,0.0558061442886129,0.0534202512761276,-0.166843785226138,0.930518553691647,,,,,,,,,
2026-07-24 22,0.0219860416072478,0.060936854484884,0.0389508128776361,-0.166843785226138,0.930518553691647,,,,,,,,,
2026-07-24 23,0.0807551619091004,0.116769118789103,0.0360139568800029,-0.166843785226138,0.930518553691647,,,,,,,,,
2026-07-25 00,0.171892278065288,0.218117558699718,0.0462252806344293,-0.166843785226138,0.930518553691647,,,,,,,,,
2026-07-25 01,0.285943223119048,0.34014802870438,0.0542048055853322,-0.166843785226138,0.930518553691647,,,,,,,,,
2026-07-25 02,0.407948800171587,0.483872747111757,0.0759239469401696,-0.166843785226138,0.930518553691647,,,,,,,,,
2026-07-25 03,0.518215189154756,0.570263343087937,0.052048153933181,-0.166843785226138,0.930518553691647,,,,,,,,,
2026-07-25 04,0.599838673271893,0.691812762776112,0.0919740895042191,-0.166843785226138,0.930518553691647,,,,,,,,,
2026-07-25 05,0.645021160908242,0.698012084446708,0.0529909235384667,-0.166843785226138,0.930518553691647,,,,,,,,,
2026-07-25 06,0.654337205889716,0.709338936771927,0.0550017308822115,-0.166843785226138,0.930518553691647,,,,,,,,,
2026-07-25 07,0.633787980365333,0.708989272604827,0.075201292239494,-0.166843785226138,0.930518553691647,,,,,,,,,
2026-07-25 08,0.594371686867993,0.659186639659265,0.0648149527912718,-0.166843785226138,0.930518553691647,,,,,,,,,
2026-07-25 09,0.550229373883255,0.594664983180535,0.0444356092972806,-0.166843785226138,0.930518553691647,,,,,,,,,
2026-07-25 10,0.512353822884787,0.528528358859774,0.016174535974987,-0.166843785226138,0.930518553691647,,,,,,,,,
2026-07-25 11,0.484001302400568,0.515476497934759,0.0314751955341912,-0.166843785226138,0.930518553691647,,,,,,,,,
2026-07-25 12,0.46317696658465,0.484605062174256,0.0214280955896065,-0.166843785226138,0.930518553691647,,,,,,,,,
2026-07-25 13,0.447068931832046,0.479187562935187,0.0321186311031412,-0.166843785226138,0.930518553691647,,,,,,,,,
2026-07-25 14,0.431729417080526,0.48395939212999,0.0522299750494633,-0.166843785226138,0.930518553691647,,,,,,,,,
2026-07-25 15,0.40997363727856,0.466173697091724,0.0562000598131633,-0.166843785226138,0.930518553691647,,,,,,,,,
2026-07-25 16,0.373656175939897,0.452879766914031,0.0792235909741343,-0.166843785226138,0.930518553691647,,,,,,,,,
2026-07-25 17,0.31851441364085,0.401339769604101,0.0828253559632518,-0.166843785226138,0.930518553691647,,,,,,,,,
2026-07-25 18,0.246050235148245,0.317786574115281,0.0717363389670358,-0.166843785226138,0.930518553691647,,,,,,,,,
2026-07-25 19,0.162939684687578,0.218771418123955,0.0558317334363768,-0.166843785226138,0.930518553691647,,,,,,,,,
2026-07-25 20,0.081230482724409,0.128404219377112,0.0471737366527034,-0.166843785226138,0.930518553691647,,,,,,,,,
2026-07-25 21,0.0174746355706824,0.0617384074663297,0.0442637718956473,-0.166843785226138,0.930518553691647,,,,,,,,,
2026-07-25 22,-0.0121660158256557,0.0164781205260537,0.0286441363517094,-0.166843785226138,0.930518553691647,,,,,,,,,
2026-07-25 23,0.00246933753961776,0.0246296153455231,0.0221602778059053,-0.166843785226138,0.930518553691647,,,,,,,,,
2026-07-26 00,0.0638925895103281,0.0986308193220563,0.0347382298117282,-0.166843785226138,0.930518553691647,,,,,,,,,
2026-07-26 01,0.167358086870679,0.189124527413285,0.0217664405426062,-0.166843785226138,0.930518553691647,,,,,,,,,
2026-07-26 02,0.299701217167315,0.327392797379662,0.0276915802123477,-0.166843785226138,0.930518553691647,,,,,,,,,
2026-07-26 03,0.439589966914198,0.474949393625305,0.0353594267111068,-0.166843785226138,0.930518553691647,,,,,,,,,
2026-07-26 04,0.563378996901932,0.593242175324283,0.0298631784223509,-0.166843785226138,0.930518553691647,,,,,,,,,
2026-07-26 05,0.652793195913713,0.678111446718059,0.0253182508043464,-0.166843785226138,0.930518553691647,,,,,,,,,
2026-07-26 06,0.697928265641842,0.72483666710304,0.0269084014611982,-0.166843785226138,0.930518553691647,,,,,,,,,
2026-07-26 07,0.696792470836156,0.752907282597311,0.0561148117611547,-0.166843785226138,0.930518553691647,,,,,,,,,
2026-07-26 08,0.656281384031386,0.699564466231558,0.0432830822001724,-0.166843785226138,0.930518553691647,,,,,,,,,
2026-07-26 09,0.59248308333528,0.642360769082071,0.0498776857467909,-0.166843785226138,0.930518553691647,,,,,,,,,
2026-07-26 10,0.524991464872231,0.572739978738107,0.0477485138658762,-0.166843785226138,0.930518553691647,,,,,,,,,
2026-07-26 11,0.468284883053833,0.492329186505661,0.0240443034518283,-0.166843785226138,0.930518553691647,,,,,,,,,
2026-07-26 12,0.428549769475703,0.470618239463256,0.0420684699875533,-0.166843785226138,0.930518553691647,,,,,,,,,
2026-07-26 13,0.406448263413148,0.443137385059225,0.0366891216460763,-0.166843785226138,0.930518553691647,,,,,,,,,
2026-07-26 14,0.398815836885338,0.440976720799837,0.0421608839144991,-0.166843785226138,0.930518553691647,,,,,,,,,
2026-07-26 15,0.39748986652328,0.472328979792777,0.0748391132694965,-0.166843785226138,0.930518553691647,,,,,,,,,
2026-07-26 16,0.390490789587967,0.486687422528662,0.0961966329406956,-0.166843785226138,0.930518553691647,,,,,,,,,
2026-07-26 17,0.366864724472224,0.455501033609103,0.0886363091368794,-0.166843785226138,0.930518553691647,,,,,,,,,
2026-07-26 18,0.320260407505864,0.411014889488449,0.0907544819825852,-0.166843785226138,0.930518553691647,,,,,,,,,
2026-07-26 19,0.249626141070012,0.327188135025821,0.0775619939558093,-0.166843785226138,0.930518553691647,,,,,,,,,
2026-07-26 20,0.160719018750413,0.227381656763412,0.0666626380129993,-0.166843785226138,0.930518553691647,,,,,,,,,
2026-07-26 21,0.0684184858294582,0.142375110917302,0.0739566250878434,-0.166843785226138,0.930518553691647,,,,,,,,,
2026-07-26 22,-0.00537771226862349,0.0445773994908146,0.0499551117594381,-0.166843785226138,0.930518553691647,,,,,,,,,
2026-07-26 23,-0.0391841557824449,0.0321886325282086,0.0713727883106535,-0.166843785226138,0.930518553691647,,,,,,,,,
2026-07-27 00,-0.0189244073675499,0.0537435829049978,0.0726679902725477,-0.166843785226138,0.930518553691647,,,,,,,,,
2026-07-27 01,0.05888130651169,0.106762248438252,0.047880941926562,-0.166843785226138,0.930518553691647,,,,,,,,,
2026-07-27 02,0.185658371394046,0.230133737562091,0.0444753661680455,-0.166843785226138,0.930518553691647,,,,,,,,,
2026-07-27 03,0.340897028925032,0.368744373651455,0.0278473447264234,-0.166843785226138,0.930518553691647,,,,,,,,,
2026-07-27 04,0.497051829841449,0.534897946263856,0.0378461164224067,-0.166843785226138,0.930518553691647,,,,,,,,,
2026-07-27 05,0.627864025627457,0.673452751475606,0.0455887258481491,-0.166843785226138,0.930518553691647,,,,,,,,,
2026-07-27 06,0.71387825768859,0.752264200897485,0.0383859432088949,-0.166843785226138,0.930518553691647,,,,,,,,,
2026-07-27 07,0.743922181415341,0.786106117492036,0.0421839360766947,-0.166843785226138,0.930518553691647,,,,,,,,,
2026-07-27 08,0.717404364381856,0.763003113168211,0.0455987487863547,-0.166843785226138,0.930518553691647,,,,,,,,,
2026-07-27 09,0.647398097933732,0.683738450374673,0.0363403524409407,-0.166843785226138,0.930518553691647,,,,,,,,,
2026-07-27 10,0.557665132064295,0.581024000424529,0.0233588683602344,-0.166843785226138,0.930518553691647,,,,,,,,,
2026-07-27 11,0.47249487959951,0.498847114493241,0.0263522348937315,-0.166843785226138,0.930518553691647,,,,,,,,,
2026-07-27 12,0.408202478317448,0.421375348343848,0.0131728700264004,-0.166843785226138,0.930518553691647,,,,,,,,,
2026-07-27 13,0.3720968497531,0.394528846469478,0.0224319967163782,-0.166843785226138,0.930518553691647,,,,,,,,,
2026-07-27 14,0.364121766780375,0.400398916476491,0.0362771496961163,-0.166843785226138,0.930518553691647,,,,,,,,,
2026-07-27 15,0.376358721127556,0.425070424072772,0.0487117029452162,-0.166843785226138,0.930518553691647,,,,,,,,,
2026-07-27 16,0.393902206160917,0.460857594202,0.0669553880410831,-0.166843785226138,0.930518553691647,,,,,,,,,
2026-07-27 17,0.400314559858658,0.485670288274665,0.0853557284160062,-0.166843785226138,0.930518553691647,,,,,,,,,
2026-07-27 18,0.382975444452353,0.463657779754625,0.0806823353022718,-0.166843785226138,0.930518553691647,,,,,,,,,
2026-07-27 19,0.334241351227775,0.411055555505935,0.0768142042781594,-0.166843785226138,0.930518553691647,,,,,,,,,
2026-07-27 20,0.252567792838736,0.313581035179614,0.0610132423408781,-0.166843785226138,0.930518553691647,,,,,,,,,
2026-07-27 21,0.147145294593081,0.213078258112024,0.0659329635189432,-0.166843785226138,0.930518553691647,,,,,,,,,
2026-07-27 22,0.0402740307934326,0.103961204804618,0.0636871740111851,-0.166843785226138,0.930518553691647,,,,,,,,,
2026-07-27 23,-0.0388814392170705,0.0228022838846111,0.0616837231016817,-0.166843785226138,0.930518553691647,,,,,,,,,
2026-07-28 00,-0.065194880306307,-0.00665602051081449,0.0585388597954926,-0.166843785226138,0.930518553691647,,,,,,,,,
2026-07-28 01,-0.0250681543132368,0.0322313246860366,0.0572994789992735,-0.166843785226138,0.930518553691647,,,,,,,,,
2026-07-28 02,0.0806496142365049,0.128591586844055,0.0479419726075504,-0.166843785226138,0.930518553691647,,,,,,,,,
2026-07-28 03,0.235833655408201,0.284537539767518,0.0487038843593177,-0.166843785226138,0.930518553691647,,,,,,,,,
2026-07-28 04,0.412068614874102,0.449684145586649,0.037615530712547,-0.166843785226138,0.930518553691647,,,,,,,,,
2026-07-28 05,0.576972419851556,0.630698010574098,0.0537255907225413,-0.166843785226138,0.930518553691647,,,,,,,,,
2026-07-28 06,0.702683114796406,0.771746972814448,0.069063858018042,-0.166843785226138,0.930518553691647,,,,,,,,,
2026-07-28 07,0.769580098286209,0.835601665549563,0.0660215672633537,-0.166843785226138,0.930518553691647,,,,,,,,,
2026-07-28 08,0.76858536234273,0.819536319116997,0.0509509567742668,-0.166843785226138,0.930518553691647,,,,,,,,,
2026-07-28 09,0.705801806490715,0.761217928542837,0.0554161220521217,-0.166843785226138,0.930518553691647,,,,,,,,,
2026-07-28 10,0.60389180734016,0.648901669039316,0.0450098616991554,-0.166843785226138,0.930518553691647,,,,,,,,,
2026-07-28 11,0.493742816219021,0.536661826527215,0.0429190103081942,-0.166843785226138,0.930518553691647,,,,,,,,,
2026-07-28 12,0.4019322119589,0.449240008800824,0.047307796841924,-0.166843785226138,0.930518553691647,,,,,,,,,
2026-07-28 13,0.34448250670345,0.398692604659513,0.0542100979560635,-0.166843785226138,0.930518553691647,,,,,,,,,
2026-07-28 14,0.327067663104763,0.368788573859343,0.0417209107545801,-0.166843785226138,0.930518553691647,,,,,,,,,
2026-07-28 15,0.344787288130128,0.397763507832736,0.052976219702608,-0.166843785226138,0.930518553691647,,,,,,,,,
2026-07-28 16,0.381843313954335,0.447839456979859,0.0659961430255243,-0.166843785226138,0.930518553691647,,,,,,,,,
2026-07-28 17,0.416687300320513,0.491280966428052,0.0745936661075393,-0.166843785226138,0.930518553691647,,,,,,,,,
2026-07-28 18,0.430236056363972,0.512543378957683,0.0823073225937112,-0.166843785226138,0.930518553691647,,,,,,,,,
2026-07-28 19,0.409317592312045,0.493176881789234,0.0838592894771892,-0.166843785226138,0.930518553691647,,,,,,,,,
2026-07-28 20,0.346388747715508,0.426488477165365,0.0800997294498567,-0.166843785226138,0.930518553691647,,,,,,,,,
2026-07-28 21,0.243376514052655,0.332493852137231,0.0891173380845761,-0.166843785226138,0.930518553691647,,,,,,,,,
2026-07-28 22,0.118140359882265,0.198579471565844,0.0804391116835783,-0.166843785226138,0.930518553691647,,,,,,,,,
2026-07-28 23,0.00274897475794555,0.0883668397412416,0.085617864983296,-0.166843785226138,0.930518553691647,,,,,,,,,
2026-07-29 00,-0.0687665770379954,0.0121161880083422,0.0808827650463376,-0.166843785226138,0.930518553691647,,,,,,,,,
2026-07-29 01,-0.0727445702767603,0.0064752359293917,0.079219806206152,-0.166843785226138,0.930518553691647,,,,,,,,,
2026-07-29 02,-0.00100873961329906,0.0508136638104593,0.0518224034237583,-0.166843785226138,0.930518553691647,,,,,,,,,
2026-07-29 03,0.137995893479273,0.197461568031463,0.0594656745521901,-0.166843785226138,0.930518553691647,,,,,,,,,
2026-07-29 04,0.319557194580852,0.358474556563976,0.0389173619831242,-0.166843785226138,0.930518553691647,,,,,,,,,
2026-07-29 05,0.508240876921796,0.551604360324733,0.0433634834029379,-0.166843785226138,0.930518553691647,,,,,,,,,
2026-07-29 06,0.668399205754804,0.727184454925228,0.0587852491704239,-0.166843785226138,0.930518553691647,,,,,,,,,
2026-07-29 07,0.772302041518141,0.841659016559765,0.0693569750416241,-0.166843785226138,0.930518553691647,,,,,,,,,
2026-07-29 08,0.803245391637299,0.875202220107399,0.0719568284701004,-0.166843785226138,0.930518553691647,,,,,,,,,
2026-07-29 09,0.759054297097787,0.831769921001058,0.0727156239032709,-0.166843785226138,0.930518553691647,,,,,,,,,
2026-07-29 10,0.65644411497528,0.721316823300482,0.0648727083252021,-0.166843785226138,0.930518553691647,,,,,,,,,
2026-07-29 11,0.527858192732997,0.578251602853035,0.0503934101200387,-0.166843785226138,0.930518553691647,,,,,,,,,
2026-07-29 12,0.408555104891713,0.477806798326219,0.069251693434506,-0.166843785226138,0.930518553691647,,,,,,,,,
2026-07-29 13,0.324456884005548,0.394528630031941,0.0700717460263933,-0.166843785226138,0.930518553691647,,,,,,,,,
2026-07-29 14,0.288648205448052,0.33525338550399,0.0466051800559372,-0.166843785226138,0.930518553691647,,,,,,,,,
2026-07-29 15,0.301664950259238,0.386826495059842,0.085161544800604,-0.166843785226138,0.930518553691647,,,,,,,,,
2026-07-29 16,0.350462735618652,0.438573891478669,0.0881111558600174,-0.166843785226138,0.930518553691647,,,,,,,,,
2026-07-29 17,0.410854345144717,0.506880732138545,0.0960263869938278,-0.166843785226138,0.930518553691647,,,,,,,,,
2026-07-29 18,0.456687503244013,0.563600015567779,0.106912512323766,-0.166843785226138,0.930518553691647,,,,,,,,,
2026-07-29 19,0.468043110136302,0.565714756038988,0.0976716459026858,-0.166843785226138,0.930518553691647,,,,,,,,,
2026-07-29 20,0.432414994678825,0.526549914530021,0.094134919851196,-0.166843785226138,0.930518553691647,,,,,,,,,
2026-07-29 21,0.345590192951323,0.446468284424597,0.100878091473274,-0.166843785226138,0.930518553691647,,,,,,,,,
2026-07-29 22,0.218322403922295,0.318785190095997,0.100462786173702,-0.166843785226138,0.930518553691647,,,,,,,,,
2026-07-29 23,0.0802442915084209,0.18464303991554,0.104398748407119,-0.166843785226138,0.930518553691647,,,,,,,,,
2026-07-30 00,-0.0293148735049796,0.0689355443920147,0.0982504178969943,-0.166843785226138,0.930518553691647,,,,,,,,,
2026-07-30 01,-0.0774910053829693,0.0245114325549577,0.102002437937927,-0.166843785226138,0.930518553691647,,,,,,,,,
2026-07-30 02,-0.0472665722102972,0.0573877794532216,0.104654351663519,-0.166843785226138,0.930518553691647,,,,,,,,,
2026-07-30 03,0.0614559337025243,0.146277872213303,0.0848219385107787,-0.166843785226138,0.930518553691647,,,,,,,,,
2026-07-30 04,0.231666294973276,0.325470276463555,0.0938039814902791,-0.166843785226138,0.930518553691647,,,,,,,,,
2026-07-30 05,0.430292086962944,0.529702550844038,0.0994104638810935,-0.166843785226138,0.930518553691647,,,,,,,,,
2026-07-30 06,0.616434002331373,0.714806609904674,0.0983726075733014,-0.166843785226138,0.930518553691647,,,,,,,,,
2026-07-30 07,0.753768546749701,0.855166107191987,0.101397560442287,-0.166843785226138,0.930518553691647,,,,,,,,,
2026-07-30 08,0.818099202263933,0.915852574439129,0.0977533721751962,-0.166843785226138,0.930518553691647,,,,,,,,,
2026-07-30 09,0.799880250668239,0.912221449577624,0.112341198909385,-0.166843785226138,0.930518553691647,,,,,,,,,
2026-07-30 10,0.707680836744375,0.82612424301193,0.118443406267556,-0.166843785226138,0.930518553691647,,,,,,,,,
2026-07-30 11,0.569854846868421,0.673053606745736,0.103198759877315,-0.166843785226138,0.930518553691647,,,,,,,,,
2026-07-30 12,0.426195061871624,0.538549345517222,0.112354283645598,-0.166843785226138,0.930518553691647,,,,,,,,,
2026-07-30 13,0.312590978343274,0.430401866557648,0.117810888214373,-0.166843785226138,0.930518553691647,,,,,,,,,
2026-07-30 14,0.251105399816789,0.353111177368843,0.102005777552054,-0.166843785226138,0.930518553691647,,,,,,,,,
2026-07-30 15,0.24885512165462,0.360063440573503,0.111208318918884,-0.166843785226138,0.930518553691647,,,,,,,,,
2026-07-30 16,0.298291696537103,0.405430738260151,0.107139041723048,-0.166843785226138,0.930518553691647,,,,,,,,,
2026-07-30 17,0.377179763386595,0.487756909629126,0.110577146242531,-0.166843785226138,0.930518553691647,,,,,,,,,
2026-07-30 18,0.454635610618056,0.560379777512678,0.105744166894622,-0.166843785226138,0.930518553691647,,,,,,,,,
2026-07-30 19,0.502306595729069,0.61534246329968,0.113035867570611,-0.166843785226138,0.930518553691647,,,,,,,,,
2026-07-30 20,0.501078813879604,0.611923816384697,0.110845002505092,-0.166843785226138,0.930518553691647,,,,,,,,,
2026-07-30 21,0.441767772689527,0.553084214278072,0.111316441588545,-0.166843785226138,0.930518553691647,,,,,,,,,
2026-07-30 22,0.32838003240719,0.439870432794187,0.111490400386996,-0.166843785226138,0.930518553691647,,,,,,,,,
2026-07-30 23,0.184174680033305,0.300631193010213,0.116456512976908,-0.166843785226138,0.930518553691647,,,,,,,,,
2026-07-31 00,0.0485810624857695,0.177256272561895,0.128675210076125,-0.166843785226138,0.930518553691647,,,,,,,,,
2026-07-31 01,-0.0384433313664692,0.0861668573795038,0.124610188745973,-0.166843785226138,0.930518553691647,,,,,,,,,
2026-07-31 02,-0.0511426416884324,0.0761787585580925,0.127321400246525,-0.166843785226138,0.930518553691647,,,,,,,,,
2026-07-31 03,0.0184751544743003,0.146461114597324,0.127985960123024,-0.166843785226138,0.930518553691647,,,,,,,,,
2026-07-31 04,0.161994301578161,0.298821717011219,0.136827415433058,-0.166843785226138,0.930518553691647,,,,,,,,,
2026-07-31 05,0.353705797525584,0.483002008967334,0.12929621144175,-0.166843785226138,0.930518553691647,,,,,,,,,
2026-07-31 06,0.553208542084328,0.680436273253491,0.127227731169164,-0.166843785226138,0.930518553691647,,,,,,,,,
2026-07-31 07,0.717215868024112,0.834782195243829,0.117566327219717,-0.166843785226138,0.930518553691647,,,,,,,,,
2026-07-31 08,0.8129116079792,0.937831774655763,0.124920166676563,-0.166843785226138,0.930518553691647,,,,,,,,,
2026-07-31 09,0.823686454192532,0.943127703818631,0.119441249626099,-0.166843785226138,0.930518553691647,,,,,,,,,
2026-07-31 10,0.750464470178922,0.890422514148283,0.139958043969361,-0.166843785226138,0.930518553691647,,,,,,,,,
2026-07-31 11,0.614020683883205,0.745709337468097,0.131688653584893,-0.166843785226138,0.930518553691647,,,,,,,,,
2026-07-31 12,0.452724642391492,0.590904740219438,0.138180097827946,-0.166843785226138,0.930518553691647,,,,,,,,,
2026-07-31 13,0.309703295379745,0.452662931189112,0.142959635809366,-0.166843785226138,0.930518553691647,,,,,,,,,
2026-07-31 14,0.217326019455555,0.36495515909846,0.147629139642905,-0.166843785226138,0.930518553691647,,,,,,,,,
2026-07-31 15,0.190670776461506,0.316481881721042,0.125811105259536,-0.166843785226138,0.930518553691647,,,,,,,,,
2026-07-31 16,0.228540768264539,0.354497829109976,0.125957060845437,-0.166843785226138,0.930518553691647,,,,,,,,,
2026-07-31 17,0.314173116832153,0.444382194590803,0.13020907775865,-0.166843785226138,0.930518553691647,,,,,,,,,
2026-07-31 18,0.417177265778524,0.511274431571025,0.0940971657925014,-0.166843785226138,0.930518553691647,,,,,,,,,
2026-07-31 19,0.502467332527147,0.58850180608643,0.0860344735592826,-0.166843785226138,0.930518553691647,,,,,,,,,
2026-07-31 20,0.541852611600823,0.642081942969444,0.100229331368621,-0.166843785226138,0.930518553691647,,,,,,,,,
2026-07-31 21,0.519658451237871,0.632979986159774,0.113321534921903,-0.166843785226138,0.930518553691647,,,,,,,,,
2026-07-31 22,0.434197518627115,0.565037881657312,0.130840363030198,-0.166843785226138,0.930518553691647,,,,,,,,,
2026-07-31 23,0.301391645089924,0.439592205379593,0.138200560289669,-0.166843785226138,0.930518553691647,,,,,,,,,
2026-08-01 00,0.155822304037264,0.283489062975487,0.127666758938223,-0.166843785226138,0.930518553691647,,,,,,,,,
2026-08-01 01,0.0401702907325273,0.157978388401543,0.117808097669015,-0.166843785226138,0.930518553691647,,,,,,,,,
2026-08-01 02,-0.0117601660865576,0.101927220518548,0.113687386605106,-0.166843785226138,0.930518553691647,,,,,,,,,
2026-08-01 03,0.0159828157572487,0.127491445671829,0.11150862991458,-0.166843785226138,0.930518553691647,,,,,,,,,
2026-08-01 04,0.122531799841927,0.229124502788174,0.106592702946247,-0.166843785226138,0.930518553691647,,,,,,,,,
2026-08-01 05,0.291021050206651,0.41031139230693,0.11929034210028,-0.166843785226138,0.930518553691647,,,,,,,,,
2026-08-01 06,0.487461917015026,0.599707784303361,0.112245867288336,-0.166843785226138,0.930518553691647,,,,,,,,,
2026-08-01 07,0.667068571354083,0.786722295626115,0.119653724272032,-0.166843785226138,0.930518553691647,,,,,,,,,
2026-08-01 08,0.789128180789373,0.92079354810444,0.131665367315067,-0.166843785226138,0.930518553691647,,,,,,,,,
2026-08-01 09,0.828759329530593,0.977488364711967,0.148729035181374,-0.166843785226138,0.930518553691647,,,,,,,,,
2026-08-01 10,0.77969039094495,0.92666102403787,0.14697063309292,-0.166843785226138,0.930518553691647,,,,,,,,,
2026-08-01 11,0.654585282253775,0.80889303802128,0.154307755767505,-0.166843785226138,0.930518553691647,,,,,,,,,
2026-08-01 12,0.48558496855468,0.628369217055446,0.142784248500766,-0.166843785226138,0.930518553691647,,,,,,,,,
2026-08-01 13,0.31746011081135,0.449173634546279,0.13171352373493,-0.166843785226138,0.930518553691647,,,,,,,,,
2026-08-01 14,0.191724506205619,0.326622426274432,0.134897920068813,-0.166843785226138,0.930518553691647,,,,,,,,,
2026-08-01 15,0.13338260181919,0.259221132294937,0.125838530475748,-0.166843785226138,0.930518553691647,,,,,,,,,
2026-08-01 16,0.148552320169067,0.26571960180886,0.117167281639793,-0.166843785226138,0.930518553691647,,,,,,,,,
2026-08-01 17,0.227021521850282,0.348144078769026,0.121122556918744,-0.166843785226138,0.930518553691647,,,,,,,,,
2026-08-01 18,0.343360523354164,0.46473045592361,0.121369932569446,-0.166843785226138,0.930518553691647,,,,,,,,,
2026-08-01 19,0.461064606347131,0.571239393551709,0.110174787204578,-0.166843785226138,0.930518553691647,,,,,,,,,
2026-08-01 20,0.543738700630126,0.654987461647827,0.111248761017701,-0.166843785226138,0.930518553691647,,,,,,,,,
2026-08-01 21,0.566538893771712,0.688359967224018,0.121821073452306,-0.166843785226138,0.930518553691647,,,,,,,,,
2026-08-01 22,0.520949742296579,0.646001627598033,0.125051885301454,-0.166843785226138,0.930518553691647,,,,,,,,,
2026-08-01 23,0.415949131181734,0.553345905476904,0.13739677429517,-0.166843785226138,0.930518553691647,,,,,,,,,
2026-08-02 00,0.278715767677116,0.425126349336329,0.146410581659213,-0.166843785226138,0.930518553691647,,,,,,,,,
2026-08-02 01,0.149305131965626,0.277126715566757,0.127821583601131,-0.166843785226138,0.930518553691647,,,,,,,,,
2026-08-02 02,0.0664777048766679,0.177927205388338,0.11144950051167,-0.166843785226138,0.930518553691647,,,,,,,,,
2026-08-02 03,0.0544410106933771,0.169482550481664,0.115041539788287,-0.166843785226138,0.930518553691647,,,,,,,,,
2026-08-02 04,0.119723715032134,0.232515011387691,0.112791296355557,-0.166843785226138,0.930518553691647,,,,,,,,,
2026-08-02 05,0.253286280777536,0.371536494488356,0.118250213710821,-0.166843785226138,0.930518553691647,,,,,,,,,
2026-08-02 06,0.430003095166211,0.559103157045389,0.129100061879178,-0.166843785226138,0.930518553691647,,,,,,,,,
2026-08-02 07,0.609964330954765,0.736781608425807,0.126817277471042,-0.166843785226138,0.930518553691647,,,,,,,,,
2026-08-02 08,0.749266658269235,0.874202692871393,0.124936034602158,-0.166843785226138,0.930518553691647,,,,,,,,,
2026-08-02 09,0.814914632200406,0.946755484883045,0.13184085268264,-0.166843785226138,0.930518553691647,,,,,,,,,
2026-08-02 10,0.792535506047864,0.925968834130428,0.133433328082564,-0.166843785226138,0.930518553691647,,,,,,,,,
2026-08-02 11,0.686824964397705,0.809676810886444,0.122851846488739,-0.166843785226138,0.930518553691647,,,,,,,,,
2026-08-02 12,0.521604526610768,0.629204406984203,0.107599880373435,-0.166843785226138,0.930518553691647,,,,,,,,,
2026-08-02 13,0.33753930472693,0.434092388250534,0.0965530835236037,-0.166843785226138,0.930518553691647,,,,,,,,,
2026-08-02 14,0.1806415844875,0.270145945186803,0.0895043606993025,-0.166843785226138,0.930518553691647,,,,,,,,,
2026-08-02 15,0.0859753435176093,0.173804519410607,0.087829175892998,-0.166843785226138,0.930518553691647,,,,,,,,,
2026-08-02 16,0.0689963023354686,0.154311624206339,0.0853153218708709,-0.166843785226138,0.930518553691647,,,,,,,,,
2026-08-02 17,0.126788391831161,0.208597389245105,0.0818089974139438,-0.166843785226138,0.930518553691647,,,,,,,,,
2026-08-02 18,0.240719178357447,0.31916865752255,0.0784494791651031,-0.166843785226138,0.930518553691647,,,,,,,,,
2026-08-02 19,0.378090419958702,0.447080650950992,0.0689902309922896,-0.166843785226138,0.930518553691647,,,,,,,,,
2026-08-02 20,0.49918917156062,0.554003784322964,0.0548146127623443,-0.166843785226138,0.930518553691647,,,,,,,,,
2026-08-02 21,0.570270025864452,0.631937995401736,0.0616679695372848,-0.166843785226138,0.930518553691647,,,,,,,,,
2026-08-02 22,0.573695740582564,0.664606325758523,0.0909105851759586,-0.166843785226138,0.930518553691647,,,,,,,,,
2026-08-02 23,0.510594633610719,0.623142854876072,0.112548221265353,-0.166843785226138,0.930518553691647,,,,,,,,,
2026-08-03 00,0.399875793715659,0.515192121720289,0.11531632800463,-0.166843785226138,0.930518553691647,,,,,,,,,
2026-08-03 01,0.274969534371982,0.367948845745209,0.0929793113732261,-0.166843785226138,0.930518553691647,,,,,,,,,
2026-08-03 02,0.174541939517879,0.267425750951473,0.0928838114335948,-0.166843785226138,0.930518553691647,,,,,,,,,
2026-08-03 03,0.129270496662836,0.209030720750907,0.0797602240880706,-0.166843785226138,0.930518553691647,,,,,,,,,
2026-08-03 04,0.153776580287108,0.235738685875276,0.0819621055881683,-0.166843785226138,0.930518553691647,,,,,,,,,
2026-08-03 05,0.246463836515931,0.319129636754557,0.0726658002386261,-0.166843785226138,0.930518553691647,,,,,,,,,
2026-08-03 06,0.390664620554166,0.454815056557356,0.0641504360031904,-0.166843785226138,0.930518553691647,,,,,,,,,
2026-08-03 07,0.554789533929457,0.625277892977736,0.0704883590482788,-0.166843785226138,0.930518553691647,,,,,,,,,
2026-08-03 08,0.697959710897717,0.789717817744486,0.0917581068467694,-0.166843785226138,0.930518553691647,,,,,,,,,
2026-08-03 09,0.782890846162315,0.871192034720297,0.0883011885579819,-0.166843785226138,0.930518553691647,,,,,,,,,
2026-08-03 10,0.787216455165555,0.87544441193665,0.0882279567710946,-0.166843785226138,0.930518553691647,,,,,,,,,
2026-08-03 11,0.707073038743975,0.799512407599522,0.0924393688555469,-0.166843785226138,0.930518553691647,,,,,,,,,
2026-08-03 12,0.557120863593701,0.657530462706685,0.100409599112983,-0.166843785226138,0.930518553691647,,,,,,,,,
2026-08-03 13,0.370087922459987,0.471721739479514,0.101633817019527,-0.166843785226138,0.930518553691647,,,,,,,,,
2026-08-03 14,0.190416378266187,0.29236850126458,0.101952122998393,-0.166843785226138,0.930518553691647,,,,,,,,,
2026-08-03 15,0.0597879651370482,0.157265826296485,0.0974778611594366,-0.166843785226138,0.930518553691647,,,,,,,,,
2026-08-03 16,0.00386724195249744,0.0967446316066873,0.0928773896541899,-0.166843785226138,0.930518553691647,,,,,,,,,
2026-08-03 17,0.028841374690722,0.122721404700139,0.093880030009417,-0.166843785226138,0.930518553691647,,,,,,,,,
2026-08-03 18,0.123933975959025,0.205966884229171,0.0820329082701454,-0.166843785226138,0.930518553691647,,,,,,,,,
2026-08-03 19,0.263163595092685,0.330273777725807,0.0671101826331212,-0.166843785226138,0.930518553691647,,,,,,,,,
2026-08-03 20,0.409028924755236,0.461669700806343,0.0526407760511076,-0.166843785226138,0.930518553691647,,,,,,,,,
2026-08-03 21,0.523098726877944,0.578678347263477,0.0555796203855328,-0.166843785226138,0.930518553691647,,,,,,,,,
2026-08-03 22,0.5788233125939,0.640251058029412,0.0614277454355114,-0.166843785226138,0.930518553691647,,,,,,,,,
2026-08-03 23,0.567920531449966,0.642707640358884,0.074787108908918,-0.166843785226138,0.930518553691647,,,,,,,,,
2026-08-04 00,0.499841140019769,0.586351235344986,0.0865100953252163,-0.166843785226138,0.930518553691647,,,,,,,,,
2026-08-04 01,0.398867591973111,0.503833018509506,0.104965426536395,-0.166843785226138,0.930518553691647,,,,,,,,,
2026-08-04 02,0.298621848433147,0.407768193258118,0.10914634482497,-0.166843785226138,0.930518553691647,,,,,,,,,
2026-08-04 03,0.231979507946456,0.338663804598136,0.10668429665168,-0.166843785226138,0.930518553691647,,,,,,,,,
2026-08-04 04,0.220776630670287,0.323675901374635,0.102899270704348,-0.166843785226138,0.930518553691647,,,,,,,,,
2026-08-04 05,0.271482574194249,0.360837187416612,0.089354613222363,-0.166843785226138,0.930518553691647,,,,,,,,,
2026-08-04 06,0.375629072551749,0.452423164956669,0.0767940924049202,-0.166843785226138,0.930518553691647,,,,,,,,,
2026-08-04 07,0.510619225950658,0.585488000688079,0.074868774737421,-0.166843785226138,0.930518553691647,,,,,,,,,
2026-08-04 08,0.642683695728642,0.721172065809573,0.0784883700809316,-0.166843785226138,0.930518553691647,,,,,,,,,
2026-08-04 09,0.735791724605245,0.815033075489472,0.0792413508842267,-0.166843785226138,0.930518553691647,,,,,,,,,
2026-08-04 10,0.762803658831158,0.852986162026428,0.0901825031952699,-0.166843785226138,0.930518553691647,,,,,,,,,
2026-08-04 11,0.711795912769335,0.799290849001702,0.0874949362323669,-0.166843785226138,0.930518553691647,,,,,,,,,
2026-08-04 12,0.587610239752036,0.679571217436928,0.0919609776848922,-0.166843785226138,0.930518553691647,,,,,,,,,
2026-08-04 13,0.412604744438554,0.512705792823079,0.100101048384525,-0.166843785226138,0.930518553691647,,,,,,,,,
2026-08-04 14,0.224335132078383,0.331357168035902,0.107022035957519,-0.166843785226138,0.930518553691647,,,,,,,,,
2026-08-04 15,0.0653333827193802,0.167838802021355,0.102505419301974,-0.166843785226138,0.930518553691647,,,,,,,,,
2026-08-04 16,-0.030929587006446,0.0571071471385826,0.0880367341450286,-0.166843785226138,0.930518553691647,,,,,,,,,
2026-08-04 17,-0.0481377679308005,0.0322925295933759,0.0804302975241764,-0.166843785226138,0.930518553691647,,,,,,,,,
2026-08-04 18,0.0125274161715471,0.0808570261622684,0.0683296099907214,-0.166843785226138,0.930518553691647,,,,,,,,,
2026-08-04 19,0.133786093525889,0.196550850115532,0.0627647565896423,-0.166843785226138,0.930518553691647,,,,,,,,,
2026-08-04 20,0.284283634380611,0.346745141716062,0.0624615073354511,-0.166843785226138,0.930518553691647,,,,,,,,,
2026-08-04 21,0.426231823455462,0.485899296628228,0.0596674731727667,-0.166843785226138,0.930518553691647,,,,,,,,,
2026-08-04 22,0.527866450799424,0.598749862688811,0.0708834118893871,-0.166843785226138,0.930518553691647,,,,,,,,,
2026-08-04 23,0.572273274024951,0.655871095498214,0.0835978214732627,-0.166843785226138,0.930518553691647,,,,,,,,,
2026-08-05 00,0.558551385775058,0.653986960062595,0.0954355742875366,-0.166843785226138,0.930518553691647,,,,,,,,,
2026-08-05 01,0.49971214286492,0.593341350877241,0.0936292080123209,-0.166843785226138,0.930518553691647,,,,,,,,,
2026-08-05 02,0.42013207040843,0.523394727095173,0.103262656686743,-0.166843785226138,0.930518553691647,,,,,,,,,
2026-08-05 03,0.349606323686611,0.450546892871336,0.100940569184724,-0.166843785226138,0.930518553691647,,,,,,,,,
2026-08-05 04,0.313744763955941,0.415557947241323,0.101813183285383,-0.166843785226138,0.930518553691647,,,,,,,,,
2026-08-05 05,0.326468015317681,0.423306031471407,0.096838016153726,-0.166843785226138,0.930518553691647,,,,,,,,,
2026-08-05 06,0.387899491071788,0.466335520955468,0.0784360298836793,-0.166843785226138,0.930518553691647,,,,,,,,,
2026-08-05 07,0.484856572343718,0.549720853184731,0.0648642808410127,-0.166843785226138,0.930518553691647,,,,,,,,,
2026-08-05 08,0.592564732231626,0.67129334116048,0.0787286089288541,-0.166843785226138,0.930518553691647,,,,,,,,,
2026-08-05 09,0.680409318673339,0.772894650640382,0.0924853319670427,-0.166843785226138,0.930518553691647,,,,,,,,,
2026-08-05 10,0.721185020245998,0.831564303056756,0.110379282810758,-0.166843785226138,0.930518553691647,,,,,,,,,
2026-08-05 11,0.698080160603689,0.815262866080214,0.117182705476525,-0.166843785226138,0.930518553691647,,,,,,,,,
2026-08-05 12,0.607175835798715,0.710397503487351,0.103221667688636,-0.166843785226138,0.930518553691647,,,,,,,,,
2026-08-05 13,0.459128743729672,0.550879950030902,0.0917512063012293,-0.166843785226138,0.930518553691647,,,,,,,,,
2026-08-05 14,0.280324456570727,0.38669395888212,0.106369502311393,-0.166843785226138,0.930518553691647,,,,,,,,,
2026-08-05 15,0.107935120162939,0.224054570485547,0.116119450322607,-0.166843785226138,0.930518553691647,,,,,,,,,
2026-08-05 16,-0.0218763349987351,0.0831174115490552,0.10499374654779,-0.166843785226138,0.930518553691647,,,,,,,,,
2026-08-05 17,-0.0845350739458874,-0.00415295426072748,0.08038211968516,-0.166843785226138,0.930518553691647,,,,,,,,,
2026-08-05 18,-0.0708063085162509,-0.0028358400488121,0.0679704684674388,-0.166843785226138,0.930518553691647,,,,,,,,,
2026-08-05 19,0.0128811735900335,0.059755486802424,0.0468743132123906,-0.166843785226138,0.930518553691647,,,,,,,,,
2026-08-05 20,0.144626603209281,0.182467086498401,0.03784048328912,-0.166843785226138,0.930518553691647,,,,,,,,,
2026-08-05 21,0.29184435648389,0.341959794692445,0.0501154382085554,-0.166843785226138,0.930518553691647,,,,,,,,,
2026-08-05 22,0.422360892320647,0.484694469869385,0.0623335775487379,-0.166843785226138,0.930518553691647,,,,,,,,,
2026-08-05 23,0.514300692433403,0.579654245261267,0.0653535528278637,-0.166843785226138,0.930518553691647,,,,,,,,,
2026-08-06 00,0.558189080856421,0.644224202375627,0.0860351215192063,-0.166843785226138,0.930518553691647,,,,,,,,,
2026-08-06 01,0.555088280854343,0.660529722217672,0.105441441363328,-0.166843785226138,0.930518553691647,,,,,,,,,
2026-08-06 02,0.516568803951179,0.614162120497683,0.0975933165465044,-0.166843785226138,0.930518553691647,,,,,,,,,
2026-08-06 03,0.463827974735267,0.558977566690165,0.0951495919548979,-0.166843785226138,0.930518553691647,,,,,,,,,
2026-08-06 04,0.421119489848722,0.514595438941463,0.0934759490927408,-0.166843785226138,0.930518553691647,,,,,,,,,
2026-08-06 05,0.406815842237986,0.501454707010771,0.0946388647727849,-0.166843785226138,0.930518553691647,,,,,,,,,
2026-08-06 06,0.428685099499468,0.500520206361757,0.0718351068622889,-0.166843785226138,0.930518553691647,,,,,,,,,
2026-08-06 07,0.483350067443485,0.536147451697108,0.0527973842536227,-0.166843785226138,0.930518553691647,,,,,,,,,
2026-08-06 08,0.556637018168637,0.623116961650641,0.066479943482004,-0.166843785226138,0.930518553691647,,,,,,,,,
2026-08-06 09,0.626198782404639,0.692545495098519,0.0663467126938799,-0.166843785226138,0.930518553691647,,,,,,,,,
2026-08-06 10,0.66850157029098,0.733855213762762,0.0653536434717812,-0.166843785226138,0.930518553691647,,,,,,,,,
2026-08-06 11,0.66599638597188,0.729377112225065,0.0633807262531854,-0.166843785226138,0.930518553691647,,,,,,,,,
2026-08-06 12,0.609721293985357,0.688627691918896,0.0789063979335385,-0.166843785226138,0.930518553691647,,,,,,,,,
2026-08-06 13,0.500063655538812,0.598252722363524,0.0981890668247112,-0.166843785226138,0.930518553691647,,,,,,,,,
2026-08-06 14,0.349667625623919,0.42588048080193,0.0762128551780108,-0.166843785226138,0.930518553691647,,,,,,,,,
2026-08-06 15,0.184414441486192,0.242291342430344,0.0578769009441518,-0.166843785226138,0.930518553691647,,,,,,,,,
2026-08-06 16,0.0367191258341838,0.0932649176329615,0.0565457917987777,-0.166843785226138,0.930518553691647,,,,,,,,,
2026-08-06 17,-0.0651220331959718,-0.00984780390828666,0.0552742292876851,-0.166843785226138,0.930518553691647,,,,,,,,,
2026-08-06 18,-0.103433164701038,-0.0525688027445971,0.0508643619564412,-0.166843785226138,0.930518553691647,,,,,,,,,
2026-08-06 19,-0.0731822611258804,-0.0293362674565657,0.0438459936693147,-0.166843785226138,0.930518553691647,,,,,,,,,
2026-08-06 20,0.0162970514054658,0.064423240505655,0.0481261891001892,-0.166843785226138,0.930518553691647,,,,,,,,,
2026-08-06 21,0.142221469635037,0.170387379590592,0.0281659099555548,-0.166843785226138,0.930518553691647,,,,,,,,,
2026-08-06 22,0.276609889158617,0.315727909275812,0.0391180201171955,-0.166843785226138,0.930518553691647,,,,,,,,,
2026-08-06 23,0.396918322095466,0.452203862578465,0.0552855404829997,-0.166843785226138,0.930518553691647,,,,,,,,,
2026-08-07 00,0.489363619469959,0.557731488537631,0.0683678690676726,-0.166843785226138,0.930518553691647,,,,,,,,,
2026-08-07 01,0.545888284108755,0.626387253318097,0.0804989692093425,-0.166843785226138,0.930518553691647,,,,,,,,,
2026-08-07 02,0.564168233415848,0.655124840381483,0.0909566069656353,-0.166843785226138,0.930518553691647,,,,,,,,,
2026-08-07 03,0.551690754583177,0.635525319686393,0.0838345651032166,-0.166843785226138,0.930518553691647,,,,,,,,,
2026-08-07 04,0.525125300126885,0.603329708661695,0.0782044085348106,-0.166843785226138,0.930518553691647,,,,,,,,,
2026-08-07 05,0.502456905179168,0.597017004897349,0.0945600997181804,-0.166843785226138,0.930518553691647,,,,,,,,,
2026-08-07 06,0.495900632663463,0.583417871506145,0.0875172388426821,-0.166843785226138,0.930518553691647,,,,,,,,,
2026-08-07 07,0.510328603092718,0.591913691083489,0.0815850879907707,-0.166843785226138,0.930518553691647,,,,,,,,,
2026-08-07 08,0.543063979253294,0.609172943037641,0.0661089637843471,-0.166843785226138,0.930518553691647,,,,,,,,,
2026-08-07 09,0.583039496952165,0.658554903278145,0.0755154063259795,-0.166843785226138,0.930518553691647,,,,,,,,,
2026-08-07 10,0.613698882360323,0.689589016072339,0.0758901337120166,-0.166843785226138,0.930518553691647,,,,,,,,,
2026-08-07 11,0.619867557065539,0.688578428141605,0.0687108710760653,-0.166843785226138,0.930518553691647,,,,,,,,,
2026-08-07 12,0.591743682787137,0.669743929490331,0.0780002467031937,-0.166843785226138,0.930518553691647,,,,,,,,,
2026-08-07 13,0.524080753166595,0.601107327196183,0.0770265740295883,-0.166843785226138,0.930518553691647,,,,,,,,,
2026-08-07 14,0.417133584476253,0.50649584131048,0.0893622568342267,-0.166843785226138,0.930518553691647,,,,,,,,,
2026-08-07 15,0.281409404738586,0.376520223290332,0.0951108185517467,-0.166843785226138,0.930518553691647,,,,,,,,,
2026-08-07 16,0.138570941712285,0.210274240088526,0.071703298376241,-0.166843785226138,0.930518553691647,,,,,,,,,
2026-08-07 17,0.0144020231413856,0.0600223264286238,0.0456203032872382,-0.166843785226138,0.930518553691647,,,,,,,,,
2026-08-07 18,-0.0694238107768371,-0.027436440616311,0.0419873701605261,-0.166843785226138,0.930518553691647,,,,,,,,,
2026-08-07 19,-0.0990073368706351,-0.0587925260640898,0.0402148108065453,-0.166843785226138,0.930518553691647,,,,,,,,,
2026-08-07 20,-0.0704178212841328,-0.0288257828540811,0.0415920384300517,-0.166843785226138,0.930518553691647,,,,,,,,,
2026-08-07 21,0.00776851879933649,0.0545005479526762,0.0467320291533397,-0.166843785226138,0.930518553691647,,,,,,,,,
2026-08-07 22,0.117177673079805,0.170386340182841,0.0532086671030366,-0.166843785226138,0.930518553691647,,,,,,,,,
2026-08-07 23,0.238728762450038,0.290896969773511,0.0521682073234733,-0.166843785226138,0.930518553691647,,,,,,,,,
2026-08-08 00,0.358461547894211,0.426973423752473,0.0685118758582616,-0.166843785226138,0.930518553691647,,,,,,,,,
2026-08-08 01,0.464551295473206,0.547320209134618,0.0827689136614129,-0.166843785226138,0.930518553691647,,,,,,,,,
2026-08-08 02,0.544332525534198,0.638216908708438,0.0938843831742397,-0.166843785226138,0.930518553691647,,,,,,,,,
2026-08-08 03,0.589590543826412,0.664398292583491,0.0748077487570791,-0.166843785226138,0.930518553691647,,,,,,,,,
2026-08-08 04,0.603103187261939,0.691591046402772,0.0884878591408327,-0.166843785226138,0.930518553691647,,,,,,,,,
2026-08-08 05,0.596139867882381,0.666867015710975,0.0707271478285936,-0.166843785226138,0.930518553691647,,,,,,,,,
2026-08-08 06,0.580586753182252,0.640411611364088,0.0598248581818357,-0.166843785226138,0.930518553691647,,,,,,,,,
2026-08-08 07,0.56558217123905,0.632862281066837,0.0672801098277871,-0.166843785226138,0.930518553691647,,,,,,,,,
2026-08-08 08,0.55794503722695,0.617599101972792,0.0596540647458412,-0.166843785226138,0.930518553691647,,,,,,,,,
2026-08-08 09,0.559829789469971,0.62437303176288,0.0645432422929089,-0.166843785226138,0.930518553691647,,,,,,,,,
2026-08-08 10,0.565904347574496,0.622868234890902,0.056963887316406,-0.166843785226138,0.930518553691647,,,,,,,,,
2026-08-08 11,0.566581209932686,0.626814665040062,0.0602334551073762,-0.166843785226138,0.930518553691647,,,,,,,,,
2026-08-08 12,0.553904754350739,0.614550608247466,0.0606458538967276,-0.166843785226138,0.930518553691647,,,,,,,,,
2026-08-08 13,0.521924806786609,0.588770329058376,0.066845522271767,-0.166843785226138,0.930518553691647,,,,,,,,,
2026-08-08 14,0.464047563048836,0.535879982240385,0.0718324191915491,-0.166843785226138,0.930518553691647,,,,,,,,,
2026-08-08 15,0.376160350299721,0.445371385153161,0.0692110348534406,-0.166843785226138,0.930518553691647,,,,,,,,,
2026-08-08 16,0.263725868940029,0.324011771673449,0.0602859027334203,-0.166843785226138,0.930518553691647,,,,,,,,,
2026-08-08 17,0.142631250393044,0.19329375038172,0.050662499988676,-0.166843785226138,0.930518553691647,,,,,,,,,
2026-08-08 18,0.0325360810453482,0.0714631592721086,0.0389270782267603,-0.166843785226138,0.930518553691647,,,,,,,,,
2026-08-08 19,-0.0488249471948276,-0.0249478890014962,0.0238770581933313,-0.166843785226138,0.930518553691647,,,,,,,,,
2026-08-08 20,-0.0876589590629506,-0.0597394013994095,0.0279195576635412,-0.166843785226138,0.930518553691647,,,,,,,,,
2026-08-08 21,-0.0771289686291742,-0.0438071328616838,0.0333218357674904,-0.166843785226138,0.930518553691647,,,,,,,,,
2026-08-08 22,-0.0204005497217633,0.00727966573958494,0.0276802154613482,-0.166843785226138,0.930518553691647,,,,,,,,,
2026-08-08 23,0.072395078778264,0.110238486919075,0.037843408140811,-0.166843785226138,0.930518553691647,,,,,,,,,
2026-08-09 00,0.19056142318605,0.237474455898626,0.0469130327125756,-0.166843785226138,0.930518553691647,,,,,,,,,
2026-08-09 01,0.323019299578451,0.388968946172799,0.0659496465943475,-0.166843785226138,0.930518553691647,,,,,,,,,
2026-08-09 02,0.453363569451998,0.498417381743031,0.0450538122910329,-0.166843785226138,0.930518553691647,,,,,,,,,
2026-08-09 03,0.561419644220892,0.618275703973691,0.0568560597527985,-0.166843785226138,0.930518553691647,,,,,,,,,
2026-08-09 04,0.633071139343948,0.708392677727317,0.0753215383833699,-0.166843785226138,0.930518553691647,,,,,,,,,
2026-08-09 05,0.666072824783256,0.71580831825387,0.049735493470614,-0.166843785226138,0.930518553691647,,,,,,,,,
2026-08-09 06,0.665932116837106,0.710747048329938,0.0448149314928323,-0.166843785226138,0.930518553691647,,,,,,,,,
2026-08-09 07,0.64087369806434,0.67164316726718,0.03076946920284,-0.166843785226138,0.930518553691647,,,,,,,,,
2026-08-09 08,0.602178978895184,0.632196495455421,0.0300175165602377,-0.166843785226138,0.930518553691647,,,,,,,,,
2026-08-09 09,0.563291461523655,0.591323270953712,0.0280318094300576,-0.166843785226138,0.930518553691647,,,,,,,,,
2026-08-09 10,0.53339231959301,0.574452392461785,0.0410600728687756,-0.166843785226138,0.930518553691647,,,,,,,,,
2026-08-09 11,0.513444301563164,0.554231507036812,0.040787205473648,-0.166843785226138,0.930518553691647,,,,,,,,,
2026-08-09 12,0.500103076445466,0.54225695472735,0.0421538782818842,-0.166843785226138,0.930518553691647,,,,,,,,,
2026-08-09 13,0.489481492643769,0.534842582864601,0.0453610902208321,-0.166843785226138,0.930518553691647,,,,,,,,,
2026-08-09 14,0.474234728127305,0.521316300859581,0.0470815727322753,-0.166843785226138,0.930518553691647,,,,,,,,,
2026-08-09 15,0.441691393002984,0.500132233676232,0.0584408406732477,-0.166843785226138,0.930518553691647,,,,,,,,,
2026-08-09 16,0.380933634254108,0.420574984318641,0.0396413500645331,-0.166843785226138,0.930518553691647,,,,,,,,,
2026-08-09 17,0.291660613082111,0.312595850703625,0.0209352376215147,-0.166843785226138,0.930518553691647,,,,,,,,,
2026-08-09 18,0.184283067197158,0.18995706120459,0.00567399400743218,-0.166843785226138,0.930518553691647,,,,,,,,,
2026-08-09 19,0.0741965475170874,0.0652552720597355,-0.0089412754573519,-0.166843785226138,0.930518553691647,,,,,,,,,
2026-08-09 20,-0.0211312186787501,-0.0376515131510803,-0.0165202944723302,-0.166843785226138,0.930518553691647,,,,,,,,,
2026-08-09 21,-0.0834613619484897,-0.093099306185914,-0.00963794423742426,-0.166843785226138,0.930518553691647,,,,,,,,,
2026-08-09 22,-0.0987214660718807,-0.0965567865424257,0.00216467952945498,-0.166843785226138,0.930518553691647,,,,,,,,,
2026-08-09 23,-0.0618136528708529,-0.0568483353945974,0.0049653174762555,-0.166843785226138,0.930518553691647,,,,,,,,,
2026-08-10 00,0.0246816828762667,0.0609409638274087,0.0362592809511419,-0.166843785226138,0.930518553691647,,,,,,,,,
2026-08-10 01,0.153337254106423,0.177976223051284,0.0246389689448614,-0.166843785226138,0.930518553691647,,,,,,,,,
2026-08-10 02,0.30939309613352,0.335736253885244,0.0263431577517245,-0.166843785226138,0.930518553691647,,,,,,,,,
2026-08-10 03,0.468333303923394,0.533487149367807,0.0651538454444129,-0.166843785226138,0.930518553691647,,,,,,,,,
2026-08-10 04,0.602592591462765,0.673618992188405,0.07102640072564,-0.166843785226138,0.930518553691647,,,,,,,,,
2026-08-10 05,0.692747672121859,0.758871655615013,0.0661239834931546,-0.166843785226138,0.930518553691647,,,,,,,,,
2026-08-10 06,0.731401130911109,0.779720563780684,0.0483194328695744,-0.166843785226138,0.930518553691647,,,,,,,,,
2026-08-10 07,0.720099533805837,0.765283519836759,0.0451839860309222,-0.166843785226138,0.930518553691647,,,,,,,,,
2026-08-10 08,0.668524746392197,0.697126551110972,0.028601804718775,-0.166843785226138,0.930518553691647,,,,,,,,,
2026-08-10 09,0.595498134978919,0.632548956531768,0.0370508215528493,-0.166843785226138,0.930518553691647,,,,,,,,,
2026-08-10 10,0.523452019964291,0.560654512747787,0.0372024927834962,-0.166843785226138,0.930518553691647,,,,,,,,,
2026-08-10 11,0.468418596055375,0.501915220309546,0.0334966242541712,-0.166843785226138,0.930518553691647,,,,,,,,,
2026-08-10 12,0.43667332026065,0.482205758324813,0.0455324380641622,-0.166843785226138,0.930518553691647,,,,,,,,,
2026-08-10 13,0.428682330127562,0.481784652363267,0.0531023222357048,-0.166843785226138,0.930518553691647,,,,,,,,,
2026-08-10 14,0.439772448664436,0.500303346947792,0.0605308982833561,-0.166843785226138,0.930518553691647,,,,,,,,,
2026-08-10 15,0.45599005565308,0.529873188110851,0.0738831324577716,-0.166843785226138,0.930518553691647,,,,,,,,,
2026-08-10 16,0.456049268715077,0.519294934157556,0.0632456654424787,-0.166843785226138,0.930518553691647,,,,,,,,,
2026-08-10 17,0.422370322578512,0.476370561267398,0.054000238688886,-0.166843785226138,0.930518553691647,,,,,,,,,
2026-08-10 18,0.349684544214565,0.401257157959611,0.0515726137450462,-0.166843785226138,0.930518553691647,,,,,,,,,
2026-08-10 19,0.244144107257658,0.281668700296647,0.0375245930389887,-0.166843785226138,0.930518553691647,,,,,,,,,
2026-08-10 20,0.119991261601526,0.141134017171191,0.0211427555696647,-0.166843785226138,0.930518553691647,,,,,,,,,
2026-08-10 21,-0.000643875850550701,0.0150682791853016,0.0157121550358523,-0.166843785226138,0.930518553691647,,,,,,,,,
2026-08-10 22,-0.0905743269868702,-0.0549073791387287,0.0356669478481415,-0.166843785226138,0.930518553691647,,,,,,,,,
2026-08-10 23,-0.126583563017394,-0.0928325061338797,0.0337510568835145,-0.166843785226138,0.930518553691647,,,,,,,,,
2026-08-11 00,-0.0969288839697606,-0.0338239981827331,0.0631048857870276,-0.166843785226138,0.930518553691647,,,,,,,,,
2026-08-11 01,-0.00155795504132172,0.0684123692738647,0.0699703243151865,-0.166843785226138,0.930518553691647,,,,,,,,,
2026-08-11 02,0.149220266136093,0.221537203400488,0.0723169372643943,-0.166843785226138,0.930518553691647,,,,,,,,,
2026-08-11 03,0.333004505885675,0.417660355807246,0.0846558499215706,-0.166843785226138,0.930518553691647,,,,,,,,,
2026-08-11 04,0.516882952527337,0.609319387733918,0.0924364352065805,-0.166843785226138,0.930518553691647,,,,,,,,,
2026-08-11 05,0.66718247561447,0.753967928294705,0.0867854526802356,-0.166843785226138,0.930518553691647,,,,,,,,,
2026-08-11 06,0.759935225442172,0.838214473096639,0.0782792476544674,-0.166843785226138,0.930518553691647,,,,,,,,,
2026-08-11 07,0.784259617323151,0.861365508250997,0.0771058909278459,-0.166843785226138,0.930518553691647,,,,,,,,,
2026-08-11 08,0.742418242235063,0.798845585522864,0.0564273432878006,-0.166843785226138,0.930518553691647,,,,,,,,,
2026-08-11 09,0.651409394581368,0.707487552507948,0.0560781579265797,-0.166843785226138,0.930518553691647,,,,,,,,,
2026-08-11 10,0.540652741331105,0.595823264211668,0.0551705228805632,-0.166843785226138,0.930518553691647,,,,,,,,,
2026-08-11 11,0.441046077767023,0.495788182848204,0.0547421050811814,-0.166843785226138,0.930518553691647,,,,,,,,,
2026-08-11 12,0.373704934151731,0.431150422381407,0.0574454882296758,-0.166843785226138,0.930518553691647,,,,,,,,,
2026-08-11 13,0.347937080983112,0.397687886529775,0.0497508055466631,-0.166843785226138,0.930518553691647,,,,,,,,,
2026-08-11 14,0.363840546566359,0.414227934712691,0.0503873881463316,-0.166843785226138,0.930518553691647,,,,,,,,,
2026-08-11 15,0.410633699436718,0.471731323219629,0.0610976237829117,-0.166843785226138,0.930518553691647,,,,,,,,,
2026-08-11 16,0.464701249897675,0.52546364245346,0.060762392555785,-0.166843785226138,0.930518553691647,,,,,,,,,
2026-08-11 17,0.49667224493409,0.561684517099444,0.0650122721653539,-0.166843785226138,0.930518553691647,,,,,,,,,
2026-08-11 18,0.484010957211342,0.55347845954432,0.069467502332978,-0.166843785226138,0.930518553691647,,,,,,,,,
2026-08-11 19,0.417686230151981,0.468794989810389,0.0511087596584074,-0.166843785226138,0.930518553691647,,,,,,,,,
2026-08-11 20,0.301965541644236,0.340147564020149,0.0381820223759132,-0.166843785226138,0.930518553691647,,,,,,,,,
2026-08-11 21,0.154825720166808,0.199115543099057,0.0442898229322491,-0.166843785226138,0.930518553691647,,,,,,,,,
2026-08-11 22,0.00808561922475082,0.0716442453288755,0.0635586261041247,-0.166843785226138,0.930518553691647,,,,,,,,,
2026-08-11 23,-0.100576725816154,-0.0286513529134407,0.0719253729027133,-0.166843785226138,0.930518553691647,,,,,,,,,
2026-08-12 00,-0.141630412096651,-0.0808708895935314,0.0607595225031193,-0.166843785226138,0.930518553691647,,,,,,,,,
2026-08-12 01,-0.102100599355146,-0.0346328713891586,0.0674677279659875,-0.166843785226138,0.930518553691647,,,,,,,,,
2026-08-12 02,0.0150075291438408,0.0988025130188854,0.0837949838750446,-0.166843785226138,0.930518553691647,,,,,,,,,
2026-08-12 03,0.192583003500031,0.279393059982766,0.0868100564827345,-0.166843785226138,0.930518553691647,,,,,,,,,
2026-08-12 04,0.399673989616291,0.494804910364556,0.0951309207482647,-0.166843785226138,0.930518553691647,,,,,,,,,
2026-08-12 05,0.5963192111249,0.693735511037332,0.0974162999124317,-0.166843785226138,0.930518553691647,,,,,,,,,
2026-08-12 06,0.744516369791615,0.845402563240238,0.100886193448624,-0.166843785226138,0.930518553691647,,,,,,,,,
2026-08-12 07,0.817957930550096,0.906479607534497,0.0885216769844013,-0.166843785226138,0.930518553691647,,,,,,,,,
2026-08-12 08,0.806548523054867,0.890959104463841,0.0844105814089742,-0.166843785226138,0.930518553691647,,,,,,,,,
2026-08-12 09,0.719086122600209,0.801139266486261,0.0820531438860521,-0.166843785226138,0.930518553691647,,,,,,,,,
2026-08-12 10,0.583745729511819,0.664086723669453,0.0803409941576341,-0.166843785226138,0.930518553691647,,,,,,,,,
2026-08-12 11,0.440321887320634,0.499496262181929,0.0591743748612952,-0.166843785226138,0.930518553691647,,,,,,,,,
2026-08-12 12,0.325602961137789,0.368634547356951,0.0430315862191623,-0.166843785226138,0.930518553691647,,,,,,,,,
2026-08-12 13,0.262920206679849,0.306535065192708,0.0436148585128591,-0.166843785226138,0.930518553691647,,,,,,,,,
2026-08-12 14,0.260868791092691,0.303903491761931,0.0430347006692403,-0.166843785226138,0.930518553691647,,,,,,,,,
2026-08-12 15,0.314189658331246,0.355358425230722,0.041168766899476,-0.166843785226138,0.930518553691647,,,,,,,,,
2026-08-12 16,0.402419388609702,0.424693015610203,0.0222736270005019,-0.166843785226138,0.930518553691647,,,,,,,,,
2026-08-12 17,0.492541726647046,0.524171765675673,0.0316300390286273,-0.166843785226138,0.930518553691647,,,,,,,,,
2026-08-12 18,0.549565174295604,0.602382575817855,0.0528174015222505,-0.166843785226138,0.930518553691647,,,,,,,,,
2026-08-12 19,0.547844182475098,0.606115248256461,0.0582710657813632,-0.166843785226138,0.930518553691647,,,,,,,,,
2026-08-12 20,0.476552431362166,0.523207838644429,0.0466554072822625,-0.166843785226138,0.930518553691647,,,,,,,,,
2026-08-12 21,0.342539728348328,0.385885970964526,0.0433462426161981,-0.166843785226138,0.930518553691647,,,,,,,,,
2026-08-12 22,0.173054647689149,0.230539758418004,0.0574851107288549,-0.166843785226138,0.930518553691647,,,,,,,,,
2026-08-12 23,0.0115424376316581,0.0647300833927341,0.053187645761076,-0.166843785226138,0.930518553691647,,,,,,,,,
2026-08-13 00,-0.09746006284168,-0.0527440292648608,0.0447160335768192,-0.166843785226138,0.930518553691647,,,,,,,,,
2026-08-13 01,-0.124521081643313,-0.0802564291738784,0.0442646524694341,-0.166843785226138,0.930518553691647,,,,,,,,,
2026-08-13 02,-0.0610372458555671,-0.0181922864730917,0.0428449593824755,-0.166843785226138,0.930518553691647,,,,,,,,,
2026-08-13 03,0.0834567019000486,0.118987052697955,0.035530350797906,-0.166843785226138,0.930518553691647,,,,,,,,,
2026-08-13 04,0.283753606106391,0.325658457355282,0.0419048512488907,-0.166843785226138,0.930518553691647,,,,,,,,,
2026-08-13 05,0.501170565906923,0.539256520766015,0.0380859548590924,-0.166843785226138,0.930518553691647,,,,,,,,,
2026-08-13 06,0.691015477355265,0.745600067326983,0.0545845899717181,-0.166843785226138,0.930518553691647,,,,,,,,,
2026-08-13 07,0.81408618465274,0.871972621480715,0.057886436827975,-0.166843785226138,0.930518553691647,,,,,,,,,
2026-08-13 08,0.845978408645055,0.89429747730076,0.0483190686557051,-0.166843785226138,0.930518553691647,,,,,,,,,
2026-08-13 09,0.782742879060419,0.833404957982219,0.0506620789218004,-0.166843785226138,0.930518553691647,,,,,,,,,
2026-08-13 10,0.643985662435244,0.692747030520379,0.0487613680851349,-0.166843785226138,0.930518553691647,,,,,,,,,
2026-08-13 11,0.469605442933294,0.50731403351561,0.0377085905823153,-0.166843785226138,0.930518553691647,,,,,,,,,
2026-08-13 12,0.306893010791621,0.326123198956379,0.0192301881647576,-0.166843785226138,0.930518553691647,,,,,,,,,
2026-08-13 13,0.194647944881978,0.230473183716214,0.0358252388342357,-0.166843785226138,0.930518553691647,,,,,,,,,
2026-08-13 14,0.154464775401656,0.19450103975033,0.0400362643486738,-0.166843785226138,0.930518553691647,,,,,,,,,
2026-08-13 15,0.189729968562059,0.230441226242351,0.0407112576802917,-0.166843785226138,0.930518553691647,,,,,,,,,
2026-08-13 16,0.286108008825782,0.323513329742118,0.037405320916336,-0.166843785226138,0.930518553691647,,,,,,,,,
2026-08-13 17,0.413044839418596,0.451001417233255,0.0379565778146593,-0.166843785226138,0.930518553691647,,,,,,,,,
2026-08-13 18,0.530737079406735,0.574853177504681,0.0441160980979463,-0.166843785226138,0.930518553691647,,,,,,,,,
2026-08-13 19,0.601299393861545,0.643995344710711,0.0426959508491658,-0.166843785226138,0.930518553691647,,,,,,,,,
2026-08-13 20,0.598152478119305,0.640725567812222,0.0425730896929166,-0.166843785226138,0.930518553691647,,,,,,,,,
2026-08-13 21,0.512644809712227,0.558016155598285,0.0453713458860578,-0.166843785226138,0.930518553691647,,,,,,,,,
2026-08-13 22,0.359907614544854,0.40749177222351,0.0475841576786554,-0.166843785226138,0.930518553691647,,,,,,,,,
2026-08-13 23,0.179258118734026,0.226673795383107,0.0474156766490815,-0.166843785226138,0.930518553691647,,,,,,,,,
2026-08-14 00,0.0222063089277162,0.0709542354507914,0.0487479265230751,-0.166843785226138,0.930518553691647,,,,,,,,,
2026-08-14 01,-0.0672029932625443,-0.0256371808445582,0.0415658124179861,-0.166843785226138,0.930518553691647,,,,,,,,,
2026-08-14 02,-0.0656817428807855,-0.00957594617486424,0.0561057967059213,-0.166843785226138,0.930518553691647,,,,,,,,,
2026-08-14 03,0.0280412719591289,0.0782582897709672,0.0502170178118383,-0.166843785226138,0.930518553691647,,,,,,,,,
2026-08-14 04,0.196751078215515,0.26665661305042,0.0699055348349045,-0.166843785226138,0.930518553691647,,,,,,,,,
2026-08-14 05,0.407285614604439,0.482829004616266,0.075543390011827,-0.166843785226138,0.930518553691647,,,,,,,,,
2026-08-14 06,0.615347221088004,0.690454107886374,0.0751068867983697,-0.166843785226138,0.930518553691647,,,,,,,,,
2026-08-14 07,0.775411890630853,0.836870007090068,0.0614581164592154,-0.166843785226138,0.930518553691647,,,,,,,,,
2026-08-14 08,0.851744461906956,0.914710706919391,0.0629662450124346,-0.166843785226138,0.930518553691647,,,,,,,,,
2026-08-14 09,0.826667044540717,0.876785211548975,0.0501181670082587,-0.166843785226138,0.930518553691647,,,,,,,,,
2026-08-14 10,0.706415944153534,0.744797663590128,0.0383817194365941,-0.166843785226138,0.930518553691647,,,,,,,,,
2026-08-14 11,0.522684784118911,0.548413894880997,0.0257291107620858,-0.166843785226138,0.930518553691647,,,,,,,,,
2026-08-14 12,0.324598434373163,0.343588875122455,0.0189904407492918,-0.166843785226138,0.930518553691647,,,,,,,,,
2026-08-14 13,0.162226390415431,0.188374306248762,0.0261479158333312,-0.166843785226138,0.930518553691647,,,,,,,,,
2026-08-14 14,0.0715917602154558,0.107724111972305,0.036132351756849,-0.166843785226138,0.930518553691647,,,,,,,,,
2026-08-14 15,0.068277652505517,0.110067548902985,0.041789896397468,-0.166843785226138,0.930518553691647,,,,,,,,,
2026-08-14 16,0.147056500754115,0.201235973588022,0.0541794728339077,-0.166843785226138,0.930518553691647,,,,,,,,,
2026-08-14 17,0.283545367730748,0.350070880119819,0.0665255123890715,-0.166843785226138,0.930518553691647,,,,,,,,,
2026-08-14 18,0.43921482652654,0.503382068071147,0.0641672415446064,-0.166843785226138,0.930518553691647,,,,,,,,,
2026-08-14 19,0.570760083142433,0.632906253525625,0.0621461703831916,-0.166843785226138,0.930518553691647,,,,,,,,,
2026-08-14 20,0.640282229735887,0.702142516021377,0.0618602862854905,-0.166843785226138,0.930518553691647,,,,,,,,,
2026-08-14 21,0.62403170647964,0.689188717192247,0.0651570107126069,-0.166843785226138,0.930518553691647,,,,,,,,,
2026-08-14 22,0.520965461607125,0.58850001091485,0.0675345493077248,-0.166843785226138,0.930518553691647,,,,,,,,,
2026-08-14 23,0.358041534915454,0.424997236199284,0.0669557012838299,-0.166843785226138,0.930518553691647,,,,,,,,,
2026-08-15 00,0.183949310580667,0.244368518285765,0.0604192077050986,-0.166843785226138,0.930518553691647,,,,,,,,,
2026-08-15 01,0.0506141057704278,0.0942164095902034,0.0436023038197756,-0.166843785226138,0.930518553691647,,,,,,,,,
2026-08-15 02,-0.00519260370268637,0.0366325131113771,0.0418251168140634,-0.166843785226138,0.930518553691647,,,,,,,,,
2026-08-15 03,0.0308968971882869,0.094104287613947,0.06320739042566,-0.166843785226138,0.930518553691647,,,,,,,,,
2026-08-15 04,0.152253866963466,0.216851463589945,0.0645975966264799,-0.166843785226138,0.930518553691647,,,,,,,,,
2026-08-15 05,0.333821094137967,0.404924682010544,0.0711035878725764,-0.166843785226138,0.930518553691647,,,,,,,,,
2026-08-15 06,0.535886517906679,0.618378081963413,0.0824915640567339,-0.166843785226138,0.930518553691647,,,,,,,,,
2026-08-15 07,0.712609649547915,0.78695127543632,0.0743416258884049,-0.166843785226138,0.930518553691647,,,,,,,,,
2026-08-15 08,0.822926074842186,0.888117577837133,0.065191502994947,-0.166843785226138,0.930518553691647,,,,,,,,,
2026-08-15 09,0.839143323524362,0.894462653301579,0.0553193297772165,-0.166843785226138,0.930518553691647,,,,,,,,,
2026-08-15 10,0.753623857206528,0.800830426783781,0.0472065695772526,-0.166843785226138,0.930518553691647,,,,,,,,,
2026-08-15 11,0.584263063981361,0.625461415483539,0.0411983515021783,-0.166843785226138,0.930518553691647,,,,,,,,,
2026-08-15 12,0.373124047420607,0.42194475561823,0.0488207081976226,-0.166843785226138,0.930518553691647,,,,,,,,,
2026-08-15 13,0.173660411349525,0.225311483095706,0.0516510717461814,-0.166843785226138,0.930518553691647,,,,,,,,,
2026-08-15 14,0.0329058111806054,0.0912969945163125,0.058391183335707,-0.166843785226138,0.930518553691647,,,,,,,,,
2026-08-15 15,-0.0204859104595839,0.0350218622456667,0.0555077727052506,-0.166843785226138,0.930518553691647,,,,,,,,,
2026-08-15 16,0.0201679670788201,0.0758393303416276,0.0556713632628075,-0.166843785226138,0.930518553691647,,,,,,,,,
2026-08-15 17,0.140015070201416,0.196522072845352,0.0565070026439353,-0.166843785226138,0.930518553691647,,,,,,,,,
2026-08-15 18,0.30599707474553,0.365993657949687,0.0599965832041569,-0.166843785226138,0.930518553691647,,,,,,,,,
2026-08-15 19,0.47480723558938,0.529605542658686,0.0547983070693054,-0.166843785226138,0.930518553691647,,,,,,,,,
2026-08-15 20,0.603283342063738,0.655984356238758,0.0527010141750197,-0.166843785226138,0.930518553691647,,,,,,,,,
2026-08-15 21,0.657547959156209,0.714388873414553,0.0568409142583444,-0.166843785226138,0.930518553691647,,,,,,,,,
2026-08-15 22,0.621655401431957,0.67919415660115,0.057538755169193,-0.166843785226138,0.930518553691647,,,,,,,,,
2026-08-15 23,0.505887202948549,0.568282240636167,0.0623950376876177,-0.166843785226138,0.930518553691647,,,,,,,,,
2026-08-16 00,0.34741930944332,0.418333673530446,0.0709143640871264,-0.166843785226138,0.930518553691647,,,,,,,,,
2026-08-16 01,0.197194302256844,0.266012110017807,0.0688178077609629,-0.166843785226138,0.930518553691647,,,,,,,,,
2026-08-16 02,0.100204463645901,0.169057504016919,0.0688530403710181,-0.166843785226138,0.930518553691647,,,,,,,,,
2026-08-16 03,0.0828613597906726,0.136380159975333,0.0535188001846607,-0.166843785226138,0.930518553691647,,,,,,,,,
2026-08-16 04,0.150651984525876,0.20634877537924,0.0556967908533639,-0.166843785226138,0.930518553691647,,,,,,,,,
2026-08-16 05,0.289192162280501,0.341982520717656,0.0527903584371548,-0.166843785226138,0.930518553691647,,,,,,,,,
2026-08-16 06,0.466316948269453,0.533815628455289,0.0674986801858362,-0.166843785226138,0.930518553691647,,,,,,,,,
2026-08-16 07,0.639355150411822,0.704071826007856,0.0647166755960336,-0.166843785226138,0.930518553691647,,,,,,,,,
2026-08-16 08,0.76663052068124,0.821464770250029,0.054834249568789,-0.166843785226138,0.930518553691647,,,,,,,,,
2026-08-16 09,0.816297006443682,0.858574079259447,0.0422770728157649,-0.166843785226138,0.930518553691647,,,,,,,,,
2026-08-16 10,0.771260973429718,0.807014436875913,0.0357534634461947,-0.166843785226138,0.930518553691647,,,,,,,,,
2026-08-16 11,0.634903888051071,0.668746348872576,0.0338424608215055,-0.166843785226138,0.930518553691647,,,,,,,,,
2026-08-16 12,0.43568513889443,0.470127154136382,0.0344420152419518,-0.166843785226138,0.930518553691647,,,,,,,,,
2026-08-16 13,0.221672344268402,0.2573913709828,0.0357190267143973,-0.166843785226138,0.930518553691647,,,,,,,,,
2026-08-16 14,0.0441982466208107,0.0830865746611811,0.0388883280403703,-0.166843785226138,0.930518553691647,,,,,,,,,
2026-08-16 15,-0.0580883479243531,-0.0169770845937657,0.0411112633305875,-0.166843785226138,0.930518553691647,,,,,,,,,
2026-08-16 16,-0.0664824652414264,-0.0365823332249797,0.0299001320164467,-0.166843785226138,0.930518553691647,,,,,,,,,
2026-08-16 17,0.0163122067235911,0.0491091318892993,0.0327969251657082,-0.166843785226138,0.930518553691647,,,,,,,,,
2026-08-16 18,0.166766685864272,0.199921018262605,0.0331543323983325,-0.166843785226138,0.930518553691647,,,,,,,,,
2026-08-16 19,0.345734979451585,0.383569538530479,0.0378345590788939,-0.166843785226138,0.930518553691647,,,,,,,,,
2026-08-16 20,0.509139316642249,0.541160264086548,0.032020947444299,-0.166843785226138,0.930518553691647,,,,,,,,,
2026-08-16 21,0.618621034460469,0.659276579004112,0.0406555445436427,-0.166843785226138,0.930518553691647,,,,,,,,,
2026-08-16 22,0.649025155788857,0.687477401818881,0.0384522460300243,-0.166843785226138,0.930518553691647,,,,,,,,,
2026-08-16 23,0.595470171826006,0.63703247405389,0.0415623022278837,-0.166843785226138,0.930518553691647,,,,,,,,,
2026-08-17 00,0.478579744861472,0.528291922643758,0.049712177782286,-0.166843785226138,0.930518553691647,,,,,,,,,
2026-08-17 01,0.339662302429882,0.399867399846884,0.0602050974170014,-0.166843785226138,0.930518553691647,,,,,,,,,
2026-08-17 02,0.224556034336604,0.280980095942979,0.0564240616063755,-0.166843785226138,0.930518553691647,,,,,,,,,
2026-08-17 03,0.167609525640974,0.21854260655814,0.0509330809171663,-0.166843785226138,0.930518553691647,,,,,,,,,
2026-08-17 04,0.18509244402649,0.237920300333575,0.0528278563070853,-0.166843785226138,0.930518553691647,,,,,,,,,
2026-08-17 05,0.274449475235714,0.337917433307731,0.0634679580720163,-0.166843785226138,0.930518553691647,,,,,,,,,
2026-08-17 06,0.414123858239314,0.473925004387805,0.0598011461484906,-0.166843785226138,0.930518553691647,,,,,,,,,
2026-08-17 07,0.56764941611994,0.632457858578902,0.0648084424589619,-0.166843785226138,0.930518553691647,,,,,,,,,
2026-08-17 08,0.695010175488546,0.744329447832856,0.0493192723443097,-0.166843785226138,0.930518553691647,,,,,,,,,
2026-08-17 09,0.763883758049644,0.808795831863277,0.0449120738136326,-0.166843785226138,0.930518553691647,,,,,,,,,
2026-08-17 10,0.753863545491285,0.798214528233166,0.0443509827418807,-0.166843785226138,0.930518553691647,,,,,,,,,
2026-08-17 11,0.658555180141504,0.700365977192592,0.0418107970510879,-0.166843785226138,0.930518553691647,,,,,,,,,
2026-08-17 12,0.491291575824409,0.536317858487742,0.0450262826633336,-0.166843785226138,0.930518553691647,,,,,,,,,
2026-08-17 13,0.287574696029496,0.337170742633951,0.0495960466044546,-0.166843785226138,0.930518553691647,,,,,,,,,
2026-08-17 14,0.095137202237351,0.143833578555854,0.0486963763185031,-0.166843785226138,0.930518553691647,,,,,,,,,
2026-08-17 15,-0.0429260216547569,-0.00168819281066068,0.0412378288440962,-0.166843785226138,0.930518553691647,,,,,,,,,
2026-08-17 16,-0.0990892843400635,-0.0657549778582114,0.0333343064818521,-0.166843785226138,0.930518553691647,,,,,,,,,
2026-08-17 17,-0.0643426312617764,-0.0448829894258951,0.0194596418358813,-0.166843785226138,0.930518553691647,,,,,,,,,
2026-08-17 18,0.0504045091986091,0.0658810585080888,0.0154765493094797,-0.166843785226138,0.930518553691647,,,,,,,,,
2026-08-17 19,0.21487659216731,0.231362481933985,0.0164858897666748,-0.166843785226138,0.930518553691647,,,,,,,,,
2026-08-17 20,0.387617525096887,0.401700972153935,0.0140834470570478,-0.166843785226138,0.930518553691647,,,,,,,,,
2026-08-17 21,0.529050140802433,0.535742433292932,0.00669229249049819,-0.166843785226138,0.930518553691647,,,,,,,,,
2026-08-17 22,0.61048169809307,0.618497425203901,0.00801572711083187,-0.166843785226138,0.930518553691647,,,,,,,,,
2026-08-17 23,0.618039458687355,0.63443829274318,0.0163988340558245,-0.166843785226138,0.930518553691647,,,,,,,,,
2026-08-18 00,0.556742010456253,0.585335873797352,0.0285938633410989,-0.166843785226138,0.930518553691647,,,,,,,,,
2026-08-18 01,0.452377241980229,0.485915729206941,0.0335384872267117,-0.166843785226138,0.930518553691647,,,,,,,,,
2026-08-18 02,0.343626777421767,0.37680827277038,0.0331814953486131,-0.166843785226138,0.930518553691647,,,,,,,,,
2026-08-18 03,0.266993508631292,0.300068349542613,0.0330748409113208,-0.166843785226138,0.930518553691647,,,,,,,,,
2026-08-18 04,0.245984172863948,0.285400415106066,0.0394162422421171,-0.166843785226138,0.930518553691647,,,,,,,,,
2026-08-18 05,0.288131617352759,0.339307024026291,0.051175406673532,-0.166843785226138,0.930518553691647,,,,,,,,,
2026-08-18 06,0.383874330104652,0.445188637222807,0.0613143071181546,-0.166843785226138,0.930518553691647,,,,,,,,,
2026-08-18 07,0.506722707648011,0.563298805928274,0.0565760982802628,-0.166843785226138,0.930518553691647,,,,,,,,,
2026-08-18 08,0.620937510300881,0.677086550382397,0.0561490400815159,-0.166843785226138,0.930518553691647,,,,,,,,,
2026-08-18 09,0.694644511618013,0.750322253088689,0.0556777414706759,-0.166843785226138,0.930518553691647,,,,,,,,,
2026-08-18 10,0.707324672257453,0.761749058975243,0.05442438671779,-0.166843785226138,0.930518553691647,,,,,,,,,
2026-08-18 11,0.649403137905001,0.706275313953987,0.0568721760489856,-0.166843785226138,0.930518553691647,,,,,,,,,
2026-08-18 12,0.523526090021725,0.574005361997115,0.0504792719753899,-0.166843785226138,0.930518553691647,,,,,,,,,
2026-08-18 13,0.350033083492909,0.404029650789802,0.0539965672968933,-0.166843785226138,0.930518553691647,,,,,,,,,
2026-08-18 14,0.165879664999761,0.218320739961124,0.0524410749613631,-0.166843785226138,0.930518553691647,,,,,,,,,
2026-08-18 15,0.012046667947314,0.0403335446840668,0.0282868767367528,-0.166843785226138,0.930518553691647,,,,,,,,,
2026-08-18 16,-0.0798885240203354,-0.0619688876982795,0.017919636322056,-0.166843785226138,0.930518553691647,,,,,,,,,
2026-08-18 17,-0.0928031792896906,-0.0818866137360297,0.0109165655536609,-0.166843785226138,0.930518553691647,,,,,,,,,
2026-08-18 18,-0.0254286067569283,-0.0215113406363788,0.00391726612054943,-0.166843785226138,0.930518553691647,,,,,,,,,
2026-08-18 19,0.104841203099269,0.109057514821193,0.00421631172192338,-0.166843785226138,0.930518553691647,,,,,,,,,
2026-08-18 20,0.264137205801475,0.2741998030709,0.0100625972694242,-0.166843785226138,0.930518553691647,,,,,,,,,
2026-08-18 21,0.414173036559801,0.439545921779766,0.0253728852199655,-0.166843785226138,0.930518553691647,,,,,,,,,
2026-08-18 22,0.5252469723253,0.549913651269602,0.024666678944302,-0.166843785226138,0.930518553691647,,,,,,,,,
2026-08-18 23,0.580464862737717,0.61324533382863,0.032780471090913,-0.166843785226138,0.930518553691647,,,,,,,,,
2026-08-19 00,0.575276095284151,0.619373430463215,0.0440973351790637,-0.166843785226138,0.930518553691647,,,,,,,,,
2026-08-19 01,0.519676143312664,0.560650579640841,0.0409744363281768,-0.166843785226138,0.930518553691647,,,,,,,,,
2026-08-19 02,0.438732953275945,0.485158523424711,0.0464255701487666,-0.166843785226138,0.930518553691647,,,,,,,,,
2026-08-19 03,0.364233193581341,0.402953865251364,0.0387206716700227,-0.166843785226138,0.930518553691647,,,,,,,,,
2026-08-19 04,0.322390259761868,0.363783743829502,0.0413934840676344,-0.166843785226138,0.930518553691647,,,,,,,,,
2026-08-19 05,0.327281532476224,0.355450672152702,0.0281691396764771,-0.166843785226138,0.930518553691647,,,,,,,,,
2026-08-19 06,0.379456457998335,0.400251391802817,0.0207949338044818,-0.166843785226138,0.930518553691647,,,,,,,,,
2026-08-19 07,0.464594297701143,0.484046894906977,0.0194525972058341,-0.166843785226138,0.930518553691647,,,,,,,,,
2026-08-19 08,0.555556705747281,0.570578022513154,0.0150213167658733,-0.166843785226138,0.930518553691647,,,,,,,,,
2026-08-19 09,0.622672294264802,0.635676267389004,0.0130039731242027,-0.166843785226138,0.930518553691647,,,,,,,,,
2026-08-19 10,0.645185807054783,0.661595804746051,0.0164099976912684,-0.166843785226138,0.930518553691647,,,,,,,,,
2026-08-19 11,0.613658215925072,0.62952230615173,0.0158640902266582,-0.166843785226138,0.930518553691647,,,,,,,,,
2026-08-19 12,0.526879782246333,0.539914298589454,0.0130345163431207,-0.166843785226138,0.930518553691647,,,,,,,,,
2026-08-19 13,0.393535728590653,0.409204445906207,0.0156687173155532,-0.166843785226138,0.930518553691647,,,,,,,,,
2026-08-19 14,0.236282671562416,0.25887225940496,0.0225895878425441,-0.166843785226138,0.930518553691647,,,,,,,,,
2026-08-19 15,0.0874950751794287,0.11058703112004,0.0230919559406114,-0.166843785226138,0.930518553691647,,,,,,,,,
2026-08-19 16,-0.0224158065403574,-0.00147872140616756,0.0209370851341898,-0.166843785226138,0.930518553691647,,,,,,,,,
2026-08-19 17,-0.0727591637877615,-0.0589514684471211,0.0138076953406404,-0.166843785226138,0.930518553691647,,,,,,,,,
2026-08-19 18,-0.0540272917646767,-0.0519827073027962,0.00204458446188049,-0.166843785226138,0.930518553691647,,,,,,,,,
2026-08-19 19,0.0294525758268723,0.0305674256956264,0.0011148498687541,-0.166843785226138,0.930518553691647,,,,,,,,,
2026-08-19 20,0.156381176608764,0.155241473255758,-0.00113970335300662,-0.166843785226138,0.930518553691647,,,,,,,,,
2026-08-19 21,0.29443148721019,0.302900039166048,0.00846855195585861,-0.166843785226138,0.930518553691647,,,,,,,,,
2026-08-19 22,0.41434631366207,0.429775262392838,0.0154289487307675,-0.166843785226138,0.930518553691647,,,,,,,,,
2026-08-19 23,0.498547299294041,0.51436203785005,0.0158147385560083,-0.166843785226138,0.930518553691647,,,,,,,,,
2026-08-20 00,0.539132078431109,0.567761999092361,0.0286299206612526,-0.166843785226138,0.930518553691647,,,,,,,,,
2026-08-20 01,0.535450056365051,0.56293343245452,0.0274833760894688,-0.166843785226138,0.930518553691647,,,,,,,,,
2026-08-20 02,0.497232656951236,0.536105584032602,0.0388729270813652,-0.166843785226138,0.930518553691647,,,,,,,,,
2026-08-20 03,0.445080983268063,0.483827270008794,0.0387462867407318,-0.166843785226138,0.930518553691647,,,,,,,,,
2026-08-20 04,0.402346318453185,0.437797405042141,0.0354510865889552,-0.166843785226138,0.930518553691647,,,,,,,,,
2026-08-20 05,0.385776256095362,0.421074319547622,0.0352980634522594,-0.166843785226138,0.930518553691647,,,,,,,,,
2026-08-20 06,0.402241439680863,0.431842713685432,0.0296012740045695,-0.166843785226138,0.930518553691647,,,,,,,,,
2026-08-20 07,0.448111754873978,0.474909279013266,0.026797524139287,-0.166843785226138,0.930518553691647,,,,,,,,,
2026-08-20 08,0.508144971285635,0.534338338496908,0.0261933672112735,-0.166843785226138,0.930518553691647,,,,,,,,,
2026-08-20 09,0.559306691419936,0.59549531331519,0.0361886218952538,-0.166843785226138,0.930518553691647,,,,,,,,,
2026-08-20 10,0.581324607904758,0.628782086417288,0.0474574785125303,-0.166843785226138,0.930518553691647,,,,,,,,,
2026-08-20 11,0.564321773327613,0.612950922908831,0.0486291495812172,-0.166843785226138,0.930518553691647,,,,,,,,,
2026-08-20 12,0.506991355229274,0.556349613127933,0.0493582578986596,-0.166843785226138,0.930518553691647,,,,,,,,,
2026-08-20 13,0.412876572450851,0.47408932310355,0.0612127506526989,-0.166843785226138,0.930518553691647,,,,,,,,,
2026-08-20 14,0.292503789406397,0.358366510108728,0.0658627207023307,-0.166843785226138,0.930518553691647,,,,,,,,,
2026-08-20 15,0.165671643981569,0.235171199318734,0.069499555337165,-0.166843785226138,0.930518553691647,,,,,,,,,
2026-08-20 16,0.0562442706630313,0.115174093864616,0.0589298232015848,-0.166843785226138,0.930518553691647,,,,,,,,,
2026-08-20 17,-0.0158296227486404,0.0329656227419171,0.0487952454905575,-0.166843785226138,0.930518553691647,,,,,,,,,
2026-08-20 18,-0.0375722464608311,-0.00057466996680966,0.0369975764940215,-0.166843785226138,0.930518553691647,,,,,,,,,
2026-08-20 19,-0.00413097826554665,0.0267845201460541,0.0309154984116008,-0.166843785226138,0.930518553691647,,,,,,,,,
2026-08-20 20,0.077035159041645,0.102876176621009,0.0258410175793642,-0.166843785226138,0.930518553691647,,,,,,,,,
2026-08-20 21,0.185163633734265,0.215416744867926,0.0302531111336605,-0.166843785226138,0.930518553691647,,,,,,,,,
2026-08-20 22,0.295374869206335,0.33029083226643,0.0349159630600943,-0.166843785226138,0.930518553691647,,,,,,,,,
2026-08-20 23,0.390173104517167,0.428469014436906,0.0382959099197393,-0.166843785226138,0.930518553691647,,,,,,,,,
2026-08-21 00,0.460923928799191,0.493940409340766,0.0330164805415751,-0.166843785226138,0.930518553691647,,,,,,,,,
2026-08-21 01,0.50240391041304,0.53013894861379,0.02773503820075,-0.166843785226138,0.930518553691647,,,,,,,,,
2026-08-21 02,0.512664231872354,0.545719550245832,0.0330553183734779,-0.166843785226138,0.930518553691647,,,,,,,,,
2026-08-21 03,0.498207997015202,0.540878222739327,0.0426702257241256,-0.166843785226138,0.930518553691647,,,,,,,,,
2026-08-21 04,0.473624611586716,0.516245436082656,0.0426208244959398,-0.166843785226138,0.930518553691647,,,,,,,,,
2026-08-21 05,0.453855282902123,0.479727974297501,0.0258726913953784,-0.166843785226138,0.930518553691647,,,,,,,,,
2026-08-21 06,0.448300131403605,0.463742204951217,0.0154420735476115,-0.166843785226138,0.930518553691647,,,,,,,,,
2026-08-21 07,0.46015983269299,0.468798568990085,0.00863873629709433,-0.166843785226138,0.930518553691647,,,,,,,,,
2026-08-21 08,0.48560084474953,0.499004521046371,0.0134036762968412,-0.166843785226138,0.930518553691647,,,,,,,,,
2026-08-21 09,0.512516204386437,0.533384589156521,0.0208683847700843,-0.166843785226138,0.930518553691647,,,,,,,,,
2026-08-21 10,0.525150453828039,0.555030287382756,0.0298798335547175,-0.166843785226138,0.930518553691647,,,,,,,,,
2026-08-21 11,0.513066769770836,0.544744667014813,0.0316778972439768,-0.166843785226138,0.930518553691647,,,,,,,,,
2026-08-21 12,0.474472931391037,0.503566035781747,0.0290931043907106,-0.166843785226138,0.930518553691647,,,,,,,,,
2026-08-21 13,0.411869888945235,0.449375708447727,0.0375058195024918,-0.166843785226138,0.930518553691647,,,,,,,,,
2026-08-21 14,0.329174911431221,0.374894487278627,0.045719575847406,-0.166843785226138,0.930518553691647,,,,,,,,,
2026-08-21 15,0.234415098991799,0.278667511355604,0.0442524123638044,-0.166843785226138,0.930518553691647,,,,,,,,,
2026-08-21 16,0.141076761649054,0.180163877448789,0.0390871157997356,-0.166843785226138,0.930518553691647,,,,,,,,,
2026-08-21 17,0.0640957524461053,0.0922743290075849,0.0281785765614796,-0.166843785226138,0.930518553691647,,,,,,,,,
2026-08-21 18,0.0158726246694122,0.02778801826277,0.0119153935933578,-0.166843785226138,0.930518553691647,,,,,,,,,
2026-08-21 19,0.00533636608212784,0.0212523863802312,0.0159160202981034,-0.166843785226138,0.930518553691647,,,,,,,,,
2026-08-21 20,0.0355982238481586,0.0580688431333038,0.0224706192851453,-0.166843785226138,0.930518553691647,,,,,,,,,
2026-08-21 21,0.0999109886229974,0.12610631726373,0.0261953286407322,-0.166843785226138,0.930518553691647,,,,,,,,,
2026-08-21 22,0.183428705912108,0.212642779061069,0.0292140731489609,-0.166843785226138,0.930518553691647,,,,,,,,,
2026-08-21 23,0.271828448297225,0.310561131749693,0.0387326834524682,-0.166843785226138,0.930518553691647,,,,,,,,,
2026-08-22 00,0.356429934552718,,,-0.166843785226138,0.930518553691647,,,,,,,,,
2026-08-22 01,0.430513067167969,,,-0.166843785226138,0.930518553691647,,,,,,,,,
2026-08-22 02,0.485781245134378,,,-0.166843785226138,0.930518553691647,,,,,,,,,
2026-08-22 03,0.51658408985715,,,-0.166843785226138,0.930518553691647,,,,,,,,,
2026-08-22 04,0.525253064091119,,,-0.166843785226138,0.930518553691647,,,,,,,,,
2026-08-22 05,0.519924502278343,,,-0.166843785226138,0.930518553691647,,,,,,,,,
2026-08-22 06,0.508648193300483,,,-0.166843785226138,0.930518553691647,,,,,,,,,
2026-08-22 07,0.497450512169432,,,-0.166843785226138,0.930518553691647,,,,,,,,,
2026-08-22 08,0.490486857638566,,,-0.166843785226138,0.930518553691647,,,,,,,,,
2026-08-22 09,0.487427455293808,,,-0.166843785226138,0.930518553691647,,,,,,,,,
2026-08-22 10,0.481857310196274,,,-0.166843785226138,0.930518553691647,,,,,,,,,
2026-08-22 11,0.466084297811361,,,-0.166843785226138,0.930518553691647,,,,,,,,,
2026-08-22 12,0.437368193835674,,,-0.166843785226138,0.930518553691647,,,,,,,,,
2026-08-22 13,0.397366554112742,,,-0.166843785226138,0.930518553691647,,,,,,,,,
2026-08-22 14,0.347340077062165,,,-0.166843785226138,0.930518553691647,,,,,,,,,
2026-08-22 15,0.28756879801339,,,-0.166843785226138,0.930518553691647,,,,,,,,,
2026-08-22 16,0.220956765722946,,,-0.166843785226138,0.930518553691647,,,,,,,,,
2026-08-22 17,0.154170262658054,,,-0.166843785226138,0.930518553691647,,,,,,,,,
2026-08-22 18,0.0954649550453518,,,-0.166843785226138,0.930518553691647,,,,,,,,,
2026-08-22 19,0.0535237095662618,,,-0.166843785226138,0.930518553691647,,,,,,,,,
2026-08-22 20,0.0368873091438554,,,-0.166843785226138,0.930518553691647,,,,,,,,,
2026-08-22 21,0.0506662646734956,,,-0.166843785226138,0.930518553691647,,,,,,,,,
2026-08-22 22,0.0933768292510092,,,-0.166843785226138,0.930518553691647,,,,,,,,,
2026-08-22 23,0.15905156759747,,,-0.166843785226138,0.930518553691647,,,,,,,,,
2026-08-23 00,0.241496237659533,,,-0.166843785226138,0.930518553691647,,,,,,,,,
2026-08-23 01,0.333670900949241,,,-0.166843785226138,0.930518553691647,,,,,,,,,
2026-08-23 02,0.424241409085369,,,-0.166843785226138,0.930518553691647,,,,,,,,,
2026-08-23 03,0.499430349768438,,,-0.166843785226138,0.930518553691647,,,,,,,,,
2026-08-23 04,0.549768041055225,,,-0.166843785226138,0.930518553691647,,,,,,,,,
2026-08-23 05,0.573163894117177,,,-0.166843785226138,0.930518553691647,,,,,,,,,
2026-08-23 06,0.572147337260556,,,-0.166843785226138,0.930518553691647,,,,,,,,,
2026-08-23 07,0.551730033331556,,,-0.166843785226138,0.930518553691647,,,,,,,,,
2026-08-23 08,0.519948170518795,,,-0.166843785226138,0.930518553691647,,,,,,,,,
2026-08-23 09,0.485872136118475,,,-0.166843785226138,0.930518553691647,,,,,,,,,
2026-08-23 10,0.454556014488749,,,-0.166843785226138,0.930518553691647,,,,,,,,,
2026-08-23 11,0.425803957915511,,,-0.166843785226138,0.930518553691647,,,,,,,,,
2026-08-23 12,0.398522997411434,,,-0.166843785226138,0.930518553691647,,,,,,,,,
2026-08-23 13,0.373331526726643,,,-0.166843785226138,0.930518553691647,,,,,,,,,
2026-08-23 14,0.349623985352682,,,-0.166843785226138,0.930518553691647,,,,,,,,,
2026-08-23 15,0.323083107228234,,,-0.166843785226138,0.930518553691647,,,,,,,,,
2026-08-23 16,0.288434739010421,,,-0.166843785226138,0.930518553691647,,,,,,,,,
2026-08-23 17,0.243427574794337,,,-0.166843785226138,0.930518553691647,,,,,,,,,
2026-08-23 18,0.189579311783164,,,-0.166843785226138,0.930518553691647,,,,,,,,,
2026-08-23 19,0.13184493798643,,,-0.166843785226138,0.930518553691647,,,,,,,,,
2026-08-23 20,0.0794214525719084,,,-0.166843785226138,0.930518553691647,,,,,,,,,
2026-08-23 21,0.0446755213251003,,,-0.166843785226138,0.930518553691647,,,,,,,,,
2026-08-23 22,0.0386413253498964,,,-0.166843785226138,0.930518553691647,,,,,,,,,
2026-08-23 23,0.0673472049763095,,,-0.166843785226138,0.930518553691647,,,,,,,,,
2026-08-24 00,0.131557159992248,,,-0.166843785226138,0.930518553691647,,,,,,,,,
2026-08-24 01,0.226439919874497,,,-0.166843785226138,0.930518553691647,,,,,,,,,
2026-08-24 02,0.339571611813431,,,-0.166843785226138,0.930518553691647,,,,,,,,,
2026-08-24 03,0.452063652293116,,,-0.166843785226138,0.930518553691647,,,,,,,,,
2026-08-24 04,0.545069134259468,,,-0.166843785226138,0.930518553691647,,,,,,,,,
2026-08-24 05,0.605794596717138,,,-0.166843785226138,0.930518553691647,,,,,,,,,
2026-08-24 06,0.62831214848013,,,-0.166843785226138,0.930518553691647,,,,,,,,,
2026-08-24 07,0.612841474853388,,,-0.166843785226138,0.930518553691647,,,,,,,,,
2026-08-24 08,0.567140164997404,,,-0.166843785226138,0.930518553691647,,,,,,,,,
2026-08-24 09,0.505935510617234,,,-0.166843785226138,0.930518553691647,,,,,,,,,
2026-08-24 10,0.444831036304849,,,-0.166843785226138,0.930518553691647,,,,,,,,,
2026-08-24 11,0.394088286344848,,,-0.166843785226138,0.930518553691647,,,,,,,,,
2026-08-24 12,0.358466951387744,,,-0.166843785226138,0.930518553691647,,,,,,,,,
2026-08-24 13,0.33980824480563,,,-0.166843785226138,0.930518553691647,,,,,,,,,
2026-08-24 14,0.336173107244405,,,-0.166843785226138,0.930518553691647,,,,,,,,,
2026-08-24 15,0.339644750378049,,,-0.166843785226138,0.930518553691647,,,,,,,,,
2026-08-24 16,0.338584503104694,,,-0.166843785226138,0.930518553691647,,,,,,,,,
2026-08-24 17,0.322904181090993,,,-0.166843785226138,0.930518553691647,,,,,,,,,
2026-08-24 18,0.286796554759206,,,-0.166843785226138,0.930518553691647,,,,,,,,,
2026-08-24 19,0.229257076576438,,,-0.166843785226138,0.930518553691647,,,,,,,,,
2026-08-24 20,0.156195778502734,,,-0.166843785226138,0.930518553691647,,,,,,,,,
2026-08-24 21,0.0822787101936352,,,-0.166843785226138,0.930518553691647,,,,,,,,,
2026-08-24 22,0.0275863979008936,,,-0.166843785226138,0.930518553691647,,,,,,,,,
2026-08-24 23,0.0104176411305062,,,-0.166843785226138,0.930518553691647,,,,,,,,,
2026-08-25 00,0.0418637084690457,,,-0.166843785226138,0.930518553691647,,,,,,,,,
2026-08-25 01,0.123219792533,,,-0.166843785226138,0.930518553691647,,,,,,,,,
2026-08-25 02,0.244078702481576,,,-0.166843785226138,0.930518553691647,,,,,,,,,
2026-08-25 03,0.3830288030521,,,-0.166843785226138,0.930518553691647,,,,,,,,,
2026-08-25 04,0.513972476030454,,,-0.166843785226138,0.930518553691647,,,,,,,,,
2026-08-25 05,0.614339384431275,,,-0.166843785226138,0.930518553691647,,,,,,,,,
2026-08-25 06,0.668975203739192,,,-0.166843785226138,0.930518553691647,,,,,,,,,
2026-08-25 07,0.670848981665093,,,-0.166843785226138,0.930518553691647,,,,,,,,,
2026-08-25 08,0.623473853890327,,,-0.166843785226138,0.930518553691647,,,,,,,,,
2026-08-25 09,0.542775170438722,,,-0.166843785226138,0.930518553691647,,,,,,,,,
2026-08-25 10,0.452146534555775,,,-0.166843785226138,0.930518553691647,,,,,,,,,
2026-08-25 11,0.372875318506911,,,-0.166843785226138,0.930518553691647,,,,,,,,,
2026-08-25 12,0.318721751688754,,,-0.166843785226138,0.930518553691647,,,,,,,,,
2026-08-25 13,0.296276025777731,,,-0.166843785226138,0.930518553691647,,,,,,,,,
2026-08-25 14,0.304765269346141,,,-0.166843785226138,0.930518553691647,,,,,,,,,
2026-08-25 15,0.33405406403298,,,-0.166843785226138,0.930518553691647,,,,,,,,,
2026-08-25 16,0.36674817108264,,,-0.166843785226138,0.930518553691647,,,,,,,,,
2026-08-25 17,0.38521819369183,,,-0.166843785226138,0.930518553691647,,,,,,,,,
2026-08-25 18,0.376653637000516,,,-0.166843785226138,0.930518553691647,,,,,,,,,
2026-08-25 19,0.333763615616308,,,-0.166843785226138,0.930518553691647,,,,,,,,,
2026-08-25 20,0.25673438734876,,,-0.166843785226138,0.930518553691647,,,,,,,,,
2026-08-25 21,0.157894927012652,,,-0.166843785226138,0.930518553691647,,,,,,,,,
2026-08-25 22,0.0618212178163574,,,-0.166843785226138,0.930518553691647,,,,,,,,,
2026-08-25 23,-0.00292651394308485,,,-0.166843785226138,0.930518553691647,,,,,,,,,
2026-08-26 00,-0.0140498023708999,,,-0.166843785226138,0.930518553691647,,,,,,,,,
2026-08-26 01,0.0386237589423829,,,-0.166843785226138,0.930518553691647,,,,,,,,,
2026-08-26 02,0.150544482745741,,,-0.166843785226138,0.930518553691647,,,,,,,,,
2026-08-26 03,0.301814638234786,,,-0.166843785226138,0.930518553691647,,,,,,,,,
2026-08-26 04,0.461840860768219,,,-0.166843785226138,0.930518553691647,,,,,,,,,
2026-08-26 05,0.59912670706128,,,-0.166843785226138,0.930518553691647,,,,,,,,,
2026-08-26 06,0.689184222849476,,,-0.166843785226138,0.930518553691647,,,,,,,,,
2026-08-26 07,0.717116834507857,,,-0.166843785226138,0.930518553691647,,,,,,,,,
2026-08-26 08,0.679811192124964,,,-0.166843785226138,0.930518553691647,,,,,,,,,
2026-08-26 09,0.589795180355601,,,-0.166843785226138,0.930518553691647,,,,,,,,,
2026-08-26 10,0.473899895170708,,,-0.166843785226138,0.930518553691647,,,,,,,,,
2026-08-26 11,0.363155462642959,,,-0.166843785226138,0.930518553691647,,,,,,,,,
2026-08-26 12,0.281998453509046,,,-0.166843785226138,0.930518553691647,,,,,,,,,
2026-08-26 13,0.244531043663965,,,-0.166843785226138,0.930518553691647,,,,,,,,,
2026-08-26 14,0.254252049135585,,,-0.166843785226138,0.930518553691647,,,,,,,,,
2026-08-26 15,0.302055490919524,,,-0.166843785226138,0.930518553691647,,,,,,,,,
2026-08-26 16,0.366750460961217,,,-0.166843785226138,0.930518553691647,,,,,,,,,
2026-08-26 17,0.422846700172357,,,-0.166843785226138,0.930518553691647,,,,,,,,,
2026-08-26 18,0.449549333969616,,,-0.166843785226138,0.930518553691647,,,,,,,,,
2026-08-26 19,0.433405310610466,,,-0.166843785226138,0.930518553691647,,,,,,,,,
2026-08-26 20,0.368602542835651,,,-0.166843785226138,0.930518553691647,,,,,,,,,
2026-08-26 21,0.261913830441967,,,-0.166843785226138,0.930518553691647,,,,,,,,,
2026-08-26 22,0.137275707265417,,,-0.166843785226138,0.930518553691647,,,,,,,,,
2026-08-26 23,0.030016831566177,,,-0.166843785226138,0.930518553691647,,,,,,,,,
2026-08-27 00,-0.0269809980414674,,,-0.166843785226138,0.930518553691647,,,,,,,,,
2026-08-27 01,-0.0137942328522116,,,-0.166843785226138,0.930518553691647,,,,,,,,,
2026-08-27 02,0.0730528075932865,,,-0.166843785226138,0.930518553691647,,,,,,,,,
2026-08-27 03,0.219520669420103,,,-0.166843785226138,0.930518553691647,,,,,,,,,
2026-08-27 04,0.395456357762554,,,-0.166843785226138,0.930518553691647,,,,,,,,,
2026-08-27 05,0.562760937469593,,,-0.166843785226138,0.930518553691647,,,,,,,,,
2026-08-27 06,0.687186112217131,,,-0.166843785226138,0.930518553691647,,,,,,,,,
2026-08-27 07,0.745446396875741,,,-0.166843785226138,0.930518553691647,,,,,,,,,
2026-08-27 08,0.727401944801288,,,-0.166843785226138,0.930518553691647,,,,,,,,,
2026-08-27 09,0.639278076191307,,,-0.166843785226138,0.930518553691647,,,,,,,,,
2026-08-27 10,0.506035209574146,,,-0.166843785226138,0.930518553691647,,,,,,,,,
2026-08-27 11,0.364820464276029,,,-0.166843785226138,0.930518553691647,,,,,,,,,
2026-08-27 12,0.251079655938653,,,-0.166843785226138,0.930518553691647,,,,,,,,,
2026-08-27 13,0.188571661111445,,,-0.166843785226138,0.930518553691647,,,,,,,,,
2026-08-27 14,0.187184910476569,,,-0.166843785226138,0.930518553691647,,,,,,,,,
2026-08-27 15,0.242050675234436,,,-0.166843785226138,0.930518553691647,,,,,,,,,
2026-08-27 16,0.332400139290677,,,-0.166843785226138,0.930518553691647,,,,,,,,,
2026-08-27 17,0.426889214869562,,,-0.166843785226138,0.930518553691647,,,,,,,,,
2026-08-27 18,0.495255195294195,,,-0.166843785226138,0.930518553691647,,,,,,,,,
2026-08-27 19,0.516177885954367,,,-0.166843785226138,0.930518553691647,,,,,,,,,
2026-08-27 20,0.478073583913493,,,-0.166843785226138,0.930518553691647,,,,,,,,,
2026-08-27 21,0.381415872688315,,,-0.166843785226138,0.930518553691647,,,,,,,,,
2026-08-27 22,0.245184748412696,,,-0.166843785226138,0.930518553691647,,,,,,,,,
2026-08-27 23,0.10639643098933,,,-0.166843785226138,0.930518553691647,,,,,,,,,
2026-08-28 00,0.00651616737204475,,,-0.166843785226138,0.930518553691647,,,,,,,,,
2026-08-28 01,-0.0244709549940733,,,-0.166843785226138,0.930518553691647,,,,,,,,,
2026-08-28 02,0.0253609159318237,,,-0.166843785226138,0.930518553691647,,,,,,,,,
2026-08-28 03,0.149804749394865,,,-0.166843785226138,0.930518553691647,,,,,,,,,
2026-08-28 04,0.324408909185679,,,-0.166843785226138,0.930518553691647,,,,,,,,,
2026-08-28 05,0.509900263232521,,,-0.166843785226138,0.930518553691647,,,,,,,,,
2026-08-28 06,0.663702109454938,,,-0.166843785226138,0.930518553691647,,,,,,,,,
2026-08-28 07,0.752809597181654,,,-0.166843785226138,0.930518553691647,,,,,,,,,
2026-08-28 08,0.759599531017225,,,-0.166843785226138,0.930518553691647,,,,,,,,,
2026-08-28 09,0.683455532046307,,,-0.166843785226138,0.930518553691647,,,,,,,,,
2026-08-28 10,0.543520981594835,,,-0.166843785226138,0.930518553691647,,,,,,,,,
2026-08-28 11,0.377365697004076,,,-0.166843785226138,0.930518553691647,,,,,,,,,
2026-08-28 12,0.229109261044653,,,-0.166843785226138,0.930518553691647,,,,,,,,,
2026-08-28 13,0.133833727149549,,,-0.166843785226138,0.930518553691647,,,,,,,,,
2026-08-28 14,0.1098043099983,,,-0.166843785226138,0.930518553691647,,,,,,,,,
2026-08-28 15,0.158013073313878,,,-0.166843785226138,0.930518553691647,,,,,,,,,
2026-08-28 16,0.261968983484832,,,-0.166843785226138,0.930518553691647,,,,,,,,,
2026-08-28 17,0.389505230975358,,,-0.166843785226138,0.930518553691647,,,,,,,,,
2026-08-28 18,0.502409993075918,,,-0.166843785226138,0.930518553691647,,,,,,,,,
2026-08-28 19,0.56903503542898,,,-0.166843785226138,0.930518553691647,,,,,,,,,
2026-08-28 20,0.570215882949388,,,-0.166843785226138,0.930518553691647,,,,,,,,,
2026-08-28 21,0.500362836030836,,,-0.166843785226138,0.930518553691647,,,,,,,,,
2026-08-28 22,0.371700510495171,,,-0.166843785226138,0.930518553691647,,,,,,,,,
2026-08-28 23,0.217628083952764,,,-0.166843785226138,0.930518553691647,,,,,,,,,
2026-08-29 00,0.0838541178031883,,,-0.166843785226138,0.930518553691647,,,,,,,,,
2026-08-29 01,0.0099566458531456,,,-0.166843785226138,0.930518553691647,,,,,,,,,
2026-08-29 02,0.0169343859298078,,,-0.166843785226138,0.930518553691647,,,,,,,,,
2026-08-29 03,0.106299344624713,,,-0.166843785226138,0.930518553691647,,,,,,,,,
2026-08-29 04,0.261631458290799,,,-0.166843785226138,0.930518553691647,,,,,,,,,
2026-08-29 05,0.448704365359567,,,-0.166843785226138,0.930518553691647,,,,,,,,,
2026-08-29 06,0.621919099591537,,,-0.166843785226138,0.930518553691647,,,,,,,,,
2026-08-29 07,0.738959248208091,,,-0.166843785226138,0.930518553691647,,,,,,,,,
2026-08-29 08,0.77304539442275,,,-0.166843785226138,0.930518553691647,,,,,,,,,
2026-08-29 09,0.716443784662912,,,-0.166843785226138,0.930518553691647,,,,,,,,,
2026-08-29 10,0.581188414218779,,,-0.166843785226138,0.930518553691647,,,,,,,,,
2026-08-29 11,0.400089834319994,,,-0.166843785226138,0.930518553691647,,,,,,,,,
2026-08-29 12,0.220465205561951,,,-0.166843785226138,0.930518553691647,,,,,,,,,
2026-08-29 13,0.0879365047688884,,,-0.166843785226138,0.930518553691647,,,,,,,,,
2026-08-29 14,0.0315643121634671,,,-0.166843785226138,0.930518553691647,,,,,,,,,
2026-08-29 15,0.0596847121180663,,,-0.166843785226138,0.930518553691647,,,,,,,,,
2026-08-29 16,0.16169541343058,,,-0.166843785226138,0.930518553691647,,,,,,,,,
2026-08-29 17,0.309433524752377,,,-0.166843785226138,0.930518553691647,,,,,,,,,
2026-08-29 18,0.462127225835197,,,-0.166843785226138,0.930518553691647,,,,,,,,,
2026-08-29 19,0.578546048586755,,,-0.166843785226138,0.930518553691647,,,,,,,,,
2026-08-29 20,0.629041182778605,,,-0.166843785226138,0.930518553691647,,,,,,,,,
2026-08-29 21,0.600457572816467,,,-0.166843785226138,0.930518553691647,,,,,,,,,
2026-08-29 22,0.498070013444477,,,-0.166843785226138,0.930518553691647,,,,,,,,,
2026-08-29 23,0.348431305180319,,,-0.166843785226138,0.930518553691647,,,,,,,,,
2026-08-30 00,0.195711944526736,,,-0.166843785226138,0.930518553691647,,,,,,,,,
2026-08-30 01,0.0860179346318424,,,-0.166843785226138,0.930518553691647,,,,,,,,,
2026-08-30 02,0.0501175623537117,,,-0.166843785226138,0.930518553691647,,,,,,,,,
2026-08-30 03,0.0976573100288797,,,-0.166843785226138,0.930518553691647,,,,,,,,,
2026-08-30 04,0.219884362588924,,,-0.166843785226138,0.930518553691647,,,,,,,,,
2026-08-30 05,0.390747995918846,,,-0.166843785226138,0.930518553691647,,,,,,,,,
2026-08-30 06,0.568444221227669,,,-0.166843785226138,0.930518553691647,,,,,,,,,
2026-08-30 07,0.7059671212523,,,-0.166843785226138,0.930518553691647,,,,,,,,,
2026-08-30 08,0.767000595530191,,,-0.166843785226138,0.930518553691647,,,,,,,,,
2026-08-30 09,0.735154184313512,,,-0.166843785226138,0.930518553691647,,,,,,,,,
2026-08-30 10,0.61493965104458,,,-0.166843785226138,0.930518553691647,,,,,,,,,
2026-08-30 11,0.431766207487399,,,-0.166843785226138,0.930518553691647,,,,,,,,,
2026-08-30 12,0.229964212869233,,,-0.166843785226138,0.930518553691647,,,,,,,,,
2026-08-30 13,0.0610687231348056,,,-0.166843785226138,0.930518553691647,,,,,,,,,
2026-08-30 14,-0.0344398986133315,,,-0.166843785226138,0.930518553691647,,,,,,,,,
2026-08-30 15,-0.0383315315235832,,,-0.166843785226138,0.930518553691647,,,,,,,,,
2026-08-30 16,0.045738056647475,,,-0.166843785226138,0.930518553691647,,,,,,,,,
2026-08-30 17,0.195796489224572,,,-0.166843785226138,0.930518553691647,,,,,,,,,
2026-08-30 18,0.374268487369436,,,-0.166843785226138,0.930518553691647,,,,,,,,,
2026-08-30 19,0.535555204933068,,,-0.166843785226138,0.930518553691647,,,,,,,,,
2026-08-30 20,0.639602616962169,,,-0.166843785226138,0.930518553691647,,,,,,,,,
2026-08-30 21,0.66298854065764,,,-0.166843785226138,0.930518553691647,,,,,,,,,
2026-08-30 22,0.60285686957781,,,-0.166843785226138,0.930518553691647,,,,,,,,,
2026-08-30 23,0.47770152243852,,,-0.166843785226138,0.930518553691647,,,,,,,,,
2026-08-31 00,0.325512583914896,,,-0.166843785226138,0.930518553691647,,,,,,,,,
2026-08-31 01,0.193365190783943,,,-0.166843785226138,0.930518553691647,,,,,,,,,
2026-08-31 02,0.120163963237217,,,-0.166843785226138,0.930518553691647,,,,,,,,,
2026-08-31 03,0.124949036535571,,,-0.166843785226138,0.930518553691647,,,,,,,,,
2026-08-31 04,0.206649065079377,,,-0.166843785226138,0.930518553691647,,,,,,,,,
2026-08-31 05,0.347291133042038,,,-0.166843785226138,0.930518553691647,,,,,,,,,
2026-08-31 06,0.512915348764134,,,-0.166843785226138,0.930518553691647,,,,,,,,,
2026-08-31 07,0.658623026814587,,,-0.166843785226138,0.930518553691647,,,,,,,,,
2026-08-31 08,0.742233812774959,,,-0.166843785226138,0.930518553691647,,,,,,,,,
2026-08-31 09,0.738017403937968,,,-0.166843785226138,0.930518553691647,,,,,,,,,
2026-08-31 10,0.641720660476707,,,-0.166843785226138,0.930518553691647,,,,,,,,,
2026-08-31 11,0.470188477907047,,,-0.166843785226138,0.930518553691647,,,,,,,,,
2026-08-31 12,0.260473138317088,,,-0.166843785226138,0.930518553691647,,,,,,,,,
2026-08-31 13,0.0634155774784965,,,-0.166843785226138,0.930518553691647,,,,,,,,,
2026-08-31 14,-0.072463529946513,,,-0.166843785226138,0.930518553691647,,,,,,,,,
2026-08-31 15,-0.11748317423973,,,-0.166843785226138,0.930518553691647,,,,,,,,,
2026-08-31 16,-0.0660573394996079,,,-0.166843785226138,0.930518553691647,,,,,,,,,
2026-08-31 17,0.0671191038400801,,,-0.166843785226138,0.930518553691647,,,,,,,,,
2026-08-31 18,0.250850932706742,,,-0.166843785226138,0.930518553691647,,,,,,,,,
2026-08-31 19,0.441472119001524,,,-0.166843785226138,0.930518553691647,,,,,,,,,
2026-08-31 20,0.593195577438041,,,-0.166843785226138,0.930518553691647,,,,,,,,,
2026-08-31 21,0.672193851495636,,,-0.166843785226138,0.930518553691647,,,,,,,,,
2026-08-31 22,0.665435088024402,,,-0.166843785226138,0.930518553691647,,,,,,,,,
2026-08-31 23,0.582092835532103,,,-0.166843785226138,0.930518553691647,,,,,,,,,
2026-09-01 00,0.451270520681806,,,-0.166843785226138,0.930518553691647,,,,,,,,,
2026-09-01 01,0.315366050426825,,,-0.166843785226138,0.930518553691647,,,,,,,,,
2026-09-01 02,0.216670734566723,,,-0.166843785226138,0.930518553691647,,,,,,,,,
2026-09-01 03,0.183134663621563,,,-0.166843785226138,0.930518553691647,,,,,,,,,
2026-09-01 04,0.222620243152904,,,-0.166843785226138,0.930518553691647,,,,,,,,,
2026-09-01 05,0.325055086231086,,,-0.166843785226138,0.930518553691647,,,,,,,,,
2026-09-01 06,0.464998202783214,,,-0.166843785226138,0.930518553691647,,,,,,,,,
2026-09-01 07,0.604372191812982,,,-0.166843785226138,0.930518553691647,,,,,,,,,
2026-09-01 08,0.701320915766074,,,-0.166843785226138,0.930518553691647,,,,,,,,,
2026-09-01 09,0.723649841009477,,,-0.166843785226138,0.930518553691647,,,,,,,,,
2026-09-01 10,0.657867683310321,,,-0.166843785226138,0.930518553691647,,,,,,,,,
2026-09-01 11,0.511079821692033,,,-0.166843785226138,0.930518553691647,,,,,,,,,
2026-09-01 12,0.310517981306864,,,-0.166843785226138,0.930518553691647,,,,,,,,,
2026-09-01 13,0.100536670095772,,,-0.166843785226138,0.930518553691647,,,,,,,,,
2026-09-01 14,-0.0686451493331081,,,-0.166843785226138,0.930518553691647,,,,,,,,,
2026-09-01 15,-0.158026058632892,,,-0.166843785226138,0.930518553691647,,,,,,,,,
2026-09-01 16,-0.150882206719812,,,-0.166843785226138,0.930518553691647,,,,,,,,,
2026-09-01 17,-0.0525850079248579,,,-0.166843785226138,0.930518553691647,,,,,,,,,
2026-09-01 18,0.113772444994428,,,-0.166843785226138,0.930518553691647,,,,,,,,,
2026-09-01 19,0.310689781597462,,,-0.166843785226138,0.930518553691647,,,,,,,,,
2026-09-01 20,0.492934387692641,,,-0.166843785226138,0.930518553691647,,,,,,,,,
2026-09-01 21,0.620369423048155,,,-0.166843785226138,0.930518553691647,,,,,,,,,
2026-09-01 22,0.670016178815056,,,-0.166843785226138,0.930518553691647,,,,,,,,,
2026-09-01 23,0.640388209215418,,,-0.166843785226138,0.930518553691647,,,,,,,,,
2026-09-02 00,0.549713129504699,,,-0.166843785226138,0.930518553691647,,,,,,,,,
2026-09-02 01,0.43136117554087,,,-0.166843785226138,0.930518553691647,,,,,,,,,
2026-09-02 02,0.324987122478154,,,-0.166843785226138,0.930518553691647,,,,,,,,,
2026-09-02 03,0.263735165244913,,,-0.166843785226138,0.930518553691647,,,,,,,,,
2026-09-02 04,0.264481968386897,,,-0.166843785226138,0.930518553691647,,,,,,,,,
2026-09-02 05,0.326020634667868,,,-0.166843785226138,0.930518553691647,,,,,,,,,
2026-09-02 06,0.431575333140731,,,-0.166843785226138,0.930518553691647,,,,,,,,,
2026-09-02 07,0.551607027804784,,,-0.166843785226138,0.930518553691647,,,,,,,,,
2026-09-02 08,0.649458006441464,,,-0.166843785226138,0.930518553691647,,,,,,,,,
2026-09-02 09,0.691771148486653,,,-0.166843785226138,0.930518553691647,,,,,,,,,
2026-09-02 10,0.65840662405047,,,-0.166843785226138,0.930518553691647,,,,,,,,,
2026-09-02 11,0.546773865585124,,,-0.166843785226138,0.930518553691647,,,,,,,,,
2026-09-02 12,0.372652981138889,,,-0.166843785226138,0.930518553691647,,,,,,,,,
2026-09-02 13,0.169629553801564,,,-0.166843785226138,0.930518553691647,,,,,,,,,
2026-09-02 14,-0.0171322804935171,,,-0.166843785226138,0.930518553691647,,,,,,,,,
2026-09-02 15,-0.144889526143639,,,-0.166843785226138,0.930518553691647,,,,,,,,,
2026-09-02 16,-0.187058675305153,,,-0.166843785226138,0.930518553691647,,,,,,,,,
2026-09-02 17,-0.137915645480018,,,-0.166843785226138,0.930518553691647,,,,,,,,,
2026-09-02 18,-0.0102899798329922,,,-0.166843785226138,0.930518553691647,,,,,,,,,
2026-09-02 19,0.167298509321818,,,-0.166843785226138,0.930518553691647,,,,,,,,,
2026-09-02 20,0.35510051006423,,,-0.166843785226138,0.930518553691647,,,,,,,,,
2026-09-02 21,0.512462682716725,,,-0.166843785226138,0.930518553691647,,,,,,,,,
2026-09-02 22,0.610294274278744,,,-0.166843785226138,0.930518553691647,,,,,,,,,
2026-09-02 23,0.637498949959218,,,-0.166843785226138,0.930518553691647,,,,,,,,,
2026-09-03 00,0.600408901701327,,,-0.166843785226138,0.930518553691647,,,,,,,,,
2026-09-03 01,0.520048534330892,,,-0.166843785226138,0.930518553691647,,,,,,,,,
2026-09-03 02,0.42769591465134,,,-0.166843785226138,0.930518553691647,,,,,,,,,
2026-09-03 03,0.355872813384613,,,-0.166843785226138,0.930518553691647,,,,,,,,,
2026-09-03 04,0.327568188092743,,,-0.166843785226138,0.930518553691647,,,,,,,,,
2026-09-03 05,0.35046828878313,,,-0.166843785226138,0.930518553691647,,,,,,,,,
2026-09-03 06,0.417273170163124,,,-0.166843785226138,0.930518553691647,,,,,,,,,
2026-09-03 07,0.50803944323596,,,-0.166843785226138,0.930518553691647,,,,,,,,,
2026-09-03 08,0.593988014175024,,,-0.166843785226138,0.930518553691647,,,,,,,,,
2026-09-03 09,0.645124882035205,,,-0.166843785226138,0.930518553691647,,,,,,,,,
2026-09-03 10,0.639249550676568,,,-0.166843785226138,0.930518553691647,,,,,,,,,
2026-09-03 11,0.567023449828402,,,-0.166843785226138,0.930518553691647,,,,,,,,,
2026-09-03 12,0.433292260835392,,,-0.166843785226138,0.930518553691647,,,,,,,,,
2026-09-03 13,0.258194792930438,,,-0.166843785226138,0.930518553691647,,,,,,,,,
2026-09-03 14,0.0758853074465748,,,-0.166843785226138,0.930518553691647,,,,,,,,,
2026-09-03 15,-0.0741745649412838,,,-0.166843785226138,0.930518553691647,,,,,,,,,
2026-09-03 16,-0.160276532527485,,,-0.166843785226138,0.930518553691647,,,,,,,,,
2026-09-03 17,-0.166661535349999,,,-0.166843785226138,0.930518553691647,,,,,,,,,
2026-09-03 18,-0.0944060369915986,,,-0.166843785226138,0.930518553691647,,,,,,,,,
2026-09-03 19,0.0397493448107612,,,-0.166843785226138,0.930518553691647,,,,,,,,,
2026-09-03 20,0.205522724164278,,,-0.166843785226138,0.930518553691647,,,,,,,,,
2026-09-03 21,0.366761038395926,,,-0.166843785226138,0.930518553691647,,,,,,,,,
2026-09-03 22,0.493379648046748,,,-0.166843785226138,0.930518553691647,,,,,,,,,
2026-09-03 23,0.568780556117455,,,-0.166843785226138,0.930518553691647,,,,,,,,,
2026-09-04 00,0.58940063523534,,,-0.166843785226138,0.930518553691647,,,,,,,,,
2026-09-04 01,0.562583189500847,,,-0.166843785226138,0.930518553691647,,,,,,,,,
2026-09-04 02,0.506314978532744,,,-0.166843785226138,0.930518553691647,,,,,,,,,
2026-09-04 03,0.445937131913451,,,-0.166843785226138,0.930518553691647,,,,,,,,,
2026-09-04 04,0.405246751599137,,,-0.166843785226138,0.930518553691647,,,,,,,,,
2026-09-04 05,0.398187398779264,,,-0.166843785226138,0.930518553691647,,,,,,,,,
2026-09-04 06,0.426539964052442,,,-0.166843785226138,0.930518553691647,,,,,,,,,
2026-09-04 07,0.481091037131394,,,-0.166843785226138,0.930518553691647,,,,,,,,,
2026-09-04 08,0.543298474028381,,,-0.166843785226138,0.930518553691647,,,,,,,,,
2026-09-04 09,0.589788659921288,,,-0.166843785226138,0.930518553691647,,,,,,,,,
2026-09-04 10,0.600208276412431,,,-0.166843785226138,0.930518553691647,,,,,,,,,
2026-09-04 11,0.562902169935262,,,-0.166843785226138,0.930518553691647,,,,,,,,,
2026-09-04 12,0.475574584111291,,,-0.166843785226138,0.930518553691647,,,,,,,,,
2026-09-04 13,0.34552424260231,,,-0.166843785226138,0.930518553691647,,,,,,,,,
2026-09-04 14,0.191768407257035,,,-0.166843785226138,0.930518553691647,,,,,,,,,
2026-09-04 15,0.0433213333717296,,,-0.166843785226138,0.930518553691647,,,,,,,,,
2026-09-04 16,-0.0697467800927274,,,-0.166843785226138,0.930518553691647,,,,,,,,,
2026-09-04 17,-0.125914776440295,,,-0.166843785226138,0.930518553691647,,,,,,,,,
2026-09-04 18,-0.115961606212003,,,-0.166843785226138,0.930518553691647,,,,,,,,,
2026-09-04 19,-0.0434634510936109,,,-0.166843785226138,0.930518553691647,,,,,,,,,
2026-09-04 20,0.0746063779864016,,,-0.166843785226138,0.930518553691647,,,,,,,,,
2026-09-04 21,0.21138693583596,,,-0.166843785226138,0.930518553691647,,,,,,,,,
2026-09-04 22,0.340315176500649,,,-0.166843785226138,0.930518553691647,,,,,,,,,
2026-09-04 23,0.443951591993709,,,-0.166843785226138,0.930518553691647,,,,,,,,,
2026-09-05 00,0.513751326716412,,,-0.166843785226138,0.930518553691647,,,,,,,,,
2026-09-05 01,0.546090056305643,,,-0.166843785226138,0.930518553691647,,,,,,,,,
2026-09-05 02,0.543433412470047,,,-0.166843785226138,0.930518553691647,,,,,,,,,
2026-09-05 03,0.517646865133368,,,-0.166843785226138,0.930518553691647,,,,,,,,,
2026-09-05 04,0.486625011553882,,,-0.166843785226138,0.930518553691647,,,,,,,,,
2026-09-05 05,0.46569402233194,,,-0.166843785226138,0.930518553691647,,,,,,,,,
2026-09-05 06,0.462724530848576,,,-0.166843785226138,0.930518553691647,,,,,,,,,
2026-09-05 07,0.478446163656538,,,-0.166843785226138,0.930518553691647,,,,,,,,,
2026-09-05 08,0.506596794444721,,,-0.166843785226138,0.930518553691647,,,,,,,,,
2026-09-05 09,0.534083230827314,,,-0.166843785226138,0.930518553691647,,,,,,,,,
2026-09-05 10,0.545711719338921,,,-0.166843785226138,0.930518553691647,,,,,,,,,
2026-09-05 11,0.530897640020174,,,-0.166843785226138,0.930518553691647,,,,,,,,,
2026-09-05 12,0.485173764042054,,,-0.166843785226138,0.930518553691647,,,,,,,,,
2026-09-05 13,0.407744121481017,,,-0.166843785226138,0.930518553691647,,,,,,,,,
2026-09-05 14,0.302627756670171,,,-0.166843785226138,0.930518553691647,,,,,,,,,
2026-09-05 15,0.182782808270401,,,-0.166843785226138,0.930518553691647,,,,,,,,,
2026-09-05 16,0.0689215617710436,,,-0.166843785226138,0.930518553691647,,,,,,,,,
2026-09-05 17,-0.0180349093110398,,,-0.166843785226138,0.930518553691647,,,,,,,,,
2026-09-05 18,-0.0630535027967495,,,-0.166843785226138,0.930518553691647,,,,,,,,,
2026-09-05 19,-0.0587334176239336,,,-0.166843785226138,0.930518553691647,,,,,,,,,
2026-09-05 20,-0.00706010821249425,,,-0.166843785226138,0.930518553691647,,,,,,,,,
2026-09-05 21,0.0793529379469219,,,-0.166843785226138,0.930518553691647,,,,,,,,,
2026-09-05 22,0.18240891892482,,,-0.166843785226138,0.930518553691647,,,,,,,,,
2026-09-05 23,0.287537118379675,,,-0.166843785226138,0.930518553691647,,,,,,,,,
2026-09-06 00,0.385941850519804,,,-0.166843785226138,0.930518553691647,,,,,,,,,
2026-09-06 01,0.469055283573475,,,-0.166843785226138,0.930518553691647,,,,,,,,,
2026-09-06 02,0.526769453194394,,,-0.166843785226138,0.930518553691647,,,,,,,,,
2026-09-06 03,0.55411032541419,,,-0.166843785226138,0.930518553691647,,,,,,,,,
2026-09-06 04,0.556026768140825,,,-0.166843785226138,0.930518553691647,,,,,,,,,
2026-09-06 05,0.542854905587537,,,-0.166843785226138,0.930518553691647,,,,,,,,,
2026-09-06 06,0.523692584769705,,,-0.166843785226138,0.930518553691647,,,,,,,,,
2026-09-06 07,0.505443768783938,,,-0.166843785226138,0.930518553691647,,,,,,,,,
2026-09-06 08,0.493336347272814,,,-0.166843785226138,0.930518553691647,,,,,,,,,
2026-09-06 09,0.487902224736307,,,-0.166843785226138,0.930518553691647,,,,,,,,,
2026-09-06 10,0.483652819505374,,,-0.166843785226138,0.930518553691647,,,,,,,,,
2026-09-06 11,0.474007917417041,,,-0.166843785226138,0.930518553691647,,,,,,,,,
2026-09-06 12,0.455616502696291,,,-0.166843785226138,0.930518553691647,,,,,,,,,
2026-09-06 13,0.425621203804763,,,-0.166843785226138,0.930518553691647,,,,,,,,,
2026-09-06 14,0.378425650959461,,,-0.166843785226138,0.930518553691647,,,,,,,,,
2026-09-06 15,0.310133730521782,,,-0.166843785226138,0.930518553691647,,,,,,,,,
2026-09-06 16,0.225384687904311,,,-0.166843785226138,0.930518553691647,,,,,,,,,
2026-09-06 17,0.136816462598732,,,-0.166843785226138,0.930518553691647,,,,,,,,,
2026-09-06 18,0.0590327669755052,,,-0.166843785226138,0.930518553691647,,,,,,,,,
2026-09-06 19,0.00506359807256718,,,-0.166843785226138,0.930518553691647,,,,,,,,,
2026-09-06 20,-0.0149298006513482,,,-0.166843785226138,0.930518553691647,,,,,,,,,
2026-09-06 21,0.00306738850481936,,,-0.166843785226138,0.930518553691647,,,,,,,,,
2026-09-06 22,0.0551659576694196,,,-0.166843785226138,0.930518553691647,,,,,,,,,
2026-09-06 23,0.134085097537233,,,-0.166843785226138,0.930518553691647,,,,,,,,,
2026-09-07 00,0.233792025669811,,,-0.166843785226138,0.930518553691647,,,,,,,,,
2026-09-07 01,0.346177151795061,,,-0.166843785226138,0.930518553691647,,,,,,,,,
2026-09-07 02,0.455634190277209,,,-0.166843785226138,0.930518553691647,,,,,,,,,
2026-09-07 03,0.54302906425039,,,-0.166843785226138,0.930518553691647,,,,,,,,,
2026-09-07 04,0.596088651732702,,,-0.166843785226138,0.930518553691647,,,,,,,,,
2026-09-07 05,0.613154915028063,,,-0.166843785226138,0.930518553691647,,,,,,,,,
2026-09-07 06,0.598636017755965,,,-0.166843785226138,0.930518553691647,,,,,,,,,
2026-09-07 07,0.56020427101667,,,-0.166843785226138,0.930518553691647,,,,,,,,,
2026-09-07 08,0.509981571108436,,,-0.166843785226138,0.930518553691647,,,,,,,,,
2026-09-07 09,0.461866341003716,,,-0.166843785226138,0.930518553691647,,,,,,,,,
2026-09-07 10,0.424702560785981,,,-0.166843785226138,0.930518553691647,,,,,,,,,
2026-09-07 11,0.400668714824019,,,-0.166843785226138,0.930518553691647,,,,,,,,,
2026-09-07 12,0.38992263985371,,,-0.166843785226138,0.930518553691647,,,,,,,,,
2026-09-07 13,0.391292019201088,,,-0.166843785226138,0.930518553691647,,,,,,,,,
2026-09-07 14,0.396790516719986,,,-0.166843785226138,0.930518553691647,,,,,,,,,
2026-09-07 15,0.391109927973997,,,-0.166843785226138,0.930518553691647,,,,,,,,,
2026-09-07 16,0.360942086737418,,,-0.166843785226138,0.930518553691647,,,,,,,,,
2026-09-07 17,0.303481567098206,,,-0.166843785226138,0.930518553691647,,,,,,,,,
2026-09-07 18,0.225573286158264,,,-0.166843785226138,0.930518553691647,,,,,,,,,
2026-09-07 19,0.139233922683742,,,-0.166843785226138,0.930518553691647,,,,,,,,,
2026-09-07 20,0.0602564752284608,,,-0.166843785226138,0.930518553691647,,,,,,,,,
2026-09-07 21,0.00624158976627676,,,-0.166843785226138,0.930518553691647,,,,,,,,,
2026-09-07 22,-0.00920783414951398,,,-0.166843785226138,0.930518553691647,,,,,,,,,
2026-09-07 23,0.0198239192908413,,,-0.166843785226138,0.930518553691647,,,,,,,,,
2026-09-08 00,0.0935344152196375,,,-0.166843785226138,0.930518553691647,,,,,,,,,
2026-09-08 01,0.207031932666234,,,-0.166843785226138,0.930518553691647,,,,,,,,,
2026-09-08 02,0.345660925806479,,,-0.166843785226138,0.930518553691647,,,,,,,,,
2026-09-08 03,0.483836455763405,,,-0.166843785226138,0.930518553691647,,,,,,,,,
2026-09-08 04,0.594165681051158,,,-0.166843785226138,0.930518553691647,,,,,,,,,
2026-09-08 05,0.658396076026554,,,-0.166843785226138,0.930518553691647,,,,,,,,,
2026-09-08 06,0.669889099119143,,,-0.166843785226138,0.930518553691647,,,,,,,,,
2026-09-08 07,0.631339638384308,,,-0.166843785226138,0.930518553691647,,,,,,,,,
2026-09-08 08,0.555380494990758,,,-0.166843785226138,0.930518553691647,,,,,,,,,
2026-09-08 09,0.464185192487798,,,-0.166843785226138,0.930518553691647,,,,,,,,,
2026-09-08 10,0.381608895477267,,,-0.166843785226138,0.930518553691647,,,,,,,,,
2026-09-08 11,0.324037733002224,,,-0.166843785226138,0.930518553691647,,,,,,,,,
2026-09-08 12,0.299440077717733,,,-0.166843785226138,0.930518553691647,,,,,,,,,
2026-09-08 13,0.310350409319871,,,-0.166843785226138,0.930518553691647,,,,,,,,,
2026-09-08 14,0.351044414995405,,,-0.166843785226138,0.930518553691647,,,,,,,,,
2026-09-08 15,0.402906524893102,,,-0.166843785226138,0.930518553691647,,,,,,,,,
2026-09-08 16,0.439624786744004,,,-0.166843785226138,0.930518553691647,,,,,,,,,
2026-09-08 17,0.44029333861135,,,-0.166843785226138,0.930518553691647,,,,,,,,,
2026-09-08 18,0.397103391428278,,,-0.166843785226138,0.930518553691647,,,,,,,,,
2026-09-08 19,0.314054999007323,,,-0.166843785226138,0.930518553691647,,,,,,,,,
2026-09-08 20,0.205063456863431,,,-0.166843785226138,0.930518553691647,,,,,,,,,
2026-09-08 21,0.0938439091882871,,,-0.166843785226138,0.930518553691647,,,,,,,,,
2026-09-08 22,0.00886609019320528,,,-0.166843785226138,0.930518553691647,,,,,,,,,
2026-09-08 23,-0.0266990605917871,,,-0.166843785226138,0.930518553691647,,,,,,,,,
2026-09-09 00,-0.00103588161000101,,,-0.166843785226138,0.930518553691647,,,,,,,,,
2026-09-09 01,0.0866533988551458,,,-0.166843785226138,0.930518553691647,,,,,,,,,
2026-09-09 02,0.225699208707826,,,-0.166843785226138,0.930518553691647,,,,,,,,,
2026-09-09 03,0.391503829170241,,,-0.166843785226138,0.930518553691647,,,,,,,,,
2026-09-09 04,0.549277565272238,,,-0.166843785226138,0.930518553691647,,,,,,,,,
2026-09-09 05,0.665704334418031,,,-0.166843785226138,0.930518553691647,,,,,,,,,
2026-09-09 06,0.718870105462005,,,-0.166843785226138,0.930518553691647,,,,,,,,,
2026-09-09 07,0.700964109942891,,,-0.166843785226138,0.930518553691647,,,,,,,,,
2026-09-09 08,0.619031687468824,,,-0.166843785226138,0.930518553691647,,,,,,,,,
2026-09-09 09,0.496069406318117,,,-0.166843785226138,0.930518553691647,,,,,,,,,
2026-09-09 10,0.365921929702009,,,-0.166843785226138,0.930518553691647,,,,,,,,,
2026-09-09 11,0.260872248440142,,,-0.166843785226138,0.930518553691647,,,,,,,,,
2026-09-09 12,0.202244212147127,,,-0.166843785226138,0.930518553691647,,,,,,,,,
2026-09-09 13,0.199755707286271,,,-0.166843785226138,0.930518553691647,,,,,,,,,
2026-09-09 14,0.252008413609214,,,-0.166843785226138,0.930518553691647,,,,,,,,,
2026-09-09 15,0.342766306791283,,,-0.166843785226138,0.930518553691647,,,,,,,,,
2026-09-09 16,0.441086061456536,,,-0.166843785226138,0.930518553691647,,,,,,,,,
2026-09-09 17,0.512133523780132,,,-0.166843785226138,0.930518553691647,,,,,,,,,
2026-09-09 18,0.53063418895803,,,-0.166843785226138,0.930518553691647,,,,,,,,,
2026-09-09 19,0.486438085626585,,,-0.166843785226138,0.930518553691647,,,,,,,,,
2026-09-09 20,0.38461568820023,,,-0.166843785226138,0.930518553691647,,,,,,,,,
2026-09-09 21,0.24648211434617,,,-0.166843785226138,0.930518553691647,,,,,,,,,
2026-09-09 22,0.107611071552532,,,-0.166843785226138,0.930518553691647,,,,,,,,,
2026-09-09 23,0.00672194637588996,,,-0.166843785226138,0.930518553691647,,,,,,,,,
2026-09-10 00,-0.0283585790375511,,,-0.166843785226138,0.930518553691647,,,,,,,,,
2026-09-10 01,0.0132320452650326,,,-0.166843785226138,0.930518553691647,,,,,,,,,
2026-09-10 02,0.126594231809639,,,-0.166843785226138,0.930518553691647,,,,,,,,,
2026-09-10 03,0.291754846720323,,,-0.166843785226138,0.930518553691647,,,,,,,,,
2026-09-10 04,0.474442650293988,,,-0.166843785226138,0.930518553691647,,,,,,,,,
2026-09-10 05,0.633436596113754,,,-0.166843785226138,0.930518553691647,,,,,,,,,
2026-09-10 06,0.73281070098361,,,-0.166843785226138,0.930518553691647,,,,,,,,,
2026-09-10 07,0.750894867151044,,,-0.166843785226138,0.930518553691647,,,,,,,,,
2026-09-10 08,0.684161914221507,,,-0.166843785226138,0.930518553691647,,,,,,,,,
2026-09-10 09,0.549506332985192,,,-0.166843785226138,0.930518553691647,,,,,,,,,
2026-09-10 10,0.38257585884694,,,-0.166843785226138,0.930518553691647,,,,,,,,,
2026-09-10 11,0.227160540090256,,,-0.166843785226138,0.930518553691647,,,,,,,,,
2026-09-10 12,0.120339786123835,,,-0.166843785226138,0.930518553691647,,,,,,,,,
2026-09-10 13,0.0839697225539308,,,-0.166843785226138,0.930518553691647,,,,,,,,,
2026-09-10 14,0.123687638716954,,,-0.166843785226138,0.930518553691647,,,,,,,,,
2026-09-10 15,0.228189241723564,,,-0.166843785226138,0.930518553691647,,,,,,,,,
2026-09-10 16,0.368353116619267,,,-0.166843785226138,0.930518553691647,,,,,,,,,
2026-09-10 17,0.50340235214326,,,-0.166843785226138,0.930518553691647,,,,,,,,,
2026-09-10 18,0.594123012001779,,,-0.166843785226138,0.930518553691647,,,,,,,,,
2026-09-10 19,0.613939928038918,,,-0.166843785226138,0.930518553691647,,,,,,,,,
2026-09-10 20,0.553805257613786,,,-0.166843785226138,0.930518553691647,,,,,,,,,
2026-09-10 21,0.425340704695072,,,-0.166843785226138,0.930518553691647,,,,,,,,,
2026-09-10 22,0.262014292400204,,,-0.166843785226138,0.930518553691647,,,,,,,,,
2026-09-10 23,0.110893591570061,,,-0.166843785226138,0.930518553691647,,,,,,,,,
2026-09-11 00,0.0151860997971637,,,-0.166843785226138,0.930518553691647,,,,,,,,,
2026-09-11 01,-3.60652652655613e-05,,,-0.166843785226138,0.930518553691647,,,,,,,,,
2026-09-11 02,0.0693347988629295,,,-0.166843785226138,0.930518553691647,,,,,,,,,
2026-09-11 03,0.209520359338516,,,-0.166843785226138,0.930518553691647,,,,,,,,,
2026-09-11 04,0.390941784563733,,,-0.166843785226138,0.930518553691647,,,,,,,,,
2026-09-11 05,0.572093767038678,,,-0.166843785226138,0.930518553691647,,,,,,,,,
2026-09-11 06,0.709329366818148,,,-0.166843785226138,0.930518553691647,,,,,,,,,
2026-09-11 07,0.768572298291309,,,-0.166843785226138,0.930518553691647,,,,,,,,,
2026-09-11 08,0.733350789067482,,,-0.166843785226138,0.930518553691647,,,,,,,,,
2026-09-11 09,0.609441951231689,,,-0.166843785226138,0.930518553691647,,,,,,,,,
2026-09-11 10,0.426398152113648,,,-0.166843785226138,0.930518553691647,,,,,,,,,
2026-09-11 11,0.231261189902605,,,-0.166843785226138,0.930518553691647,,,,,,,,,
2026-09-11 12,0.0734426237725943,,,-0.166843785226138,0.930518553691647,,,,,,,,,
2026-09-11 13,-0.0104913769981638,,,-0.166843785226138,0.930518553691647,,,,,,,,,
2026-09-11 14,-0.00386321463352368,,,-0.166843785226138,0.930518553691647,,,,,,,,,
2026-09-11 15,0.0893270328751429,,,-0.166843785226138,0.930518553691647,,,,,,,,,
2026-09-11 16,0.245060648819702,,,-0.166843785226138,0.930518553691647,,,,,,,,,
2026-09-11 17,0.423249822777403,,,-0.166843785226138,0.930518553691647,,,,,,,,,
2026-09-11 18,0.577893006408979,,,-0.166843785226138,0.930518553691647,,,,,,,,,
2026-09-11 19,0.66930274007237,,,-0.166843785226138,0.930518553691647,,,,,,,,,
2026-09-11 20,0.673008209818118,,,-0.166843785226138,0.930518553691647,,,,,,,,,
2026-09-11 21,0.586204088562415,,,-0.166843785226138,0.930518553691647,,,,,,,,,
2026-09-11 22,0.432413227055905,,,-0.166843785226138,0.930518553691647,,,,,,,,,
2026-09-11 23,0.257824007412929,,,-0.166843785226138,0.930518553691647,,,,,,,,,
2026-09-12 00,0.115087694412846,,,-0.166843785226138,0.930518553691647,,,,,,,,,
2026-09-12 01,0.0436882864336439,,,-0.166843785226138,0.930518553691647,,,,,,,,,
2026-09-12 02,0.0601621765378731,,,-0.166843785226138,0.930518553691647,,,,,,,,,
2026-09-12 03,0.159300109909511,,,-0.166843785226138,0.930518553691647,,,,,,,,,
2026-09-12 04,0.317972735648279,,,-0.166843785226138,0.930518553691647,,,,,,,,,
2026-09-12 05,0.498647524038419,,,-0.166843785226138,0.930518553691647,,,,,,,,,
2026-09-12 06,0.656571115521278,,,-0.166843785226138,0.930518553691647,,,,,,,,,
2026-09-12 07,0.750767502119871,,,-0.166843785226138,0.930518553691647,,,,,,,,,
2026-09-12 08,0.753857542877845,,,-0.166843785226138,0.930518553691647,,,,,,,,,
2026-09-12 09,0.658790104900564,,,-0.166843785226138,0.930518553691647,,,,,,,,,
2026-09-12 10,0.483421233041233,,,-0.166843785226138,0.930518553691647,,,,,,,,,
2026-09-12 11,0.269482415127469,,,-0.166843785226138,0.930518553691647,,,,,,,,,
2026-09-12 12,0.0711445276807275,,,-0.166843785226138,0.930518553691647,,,,,,,,,
2026-09-12 13,-0.0627886269386914,,,-0.166843785226138,0.930518553691647,,,,,,,,,
2026-09-12 14,-0.10239348364802,,,-0.166843785226138,0.930518553691647,,,,,,,,,
2026-09-12 15,-0.0412077012328762,,,-0.166843785226138,0.930518553691647,,,,,,,,,
2026-09-12 16,0.104459338214852,,,-0.166843785226138,0.930518553691647,,,,,,,,,
2026-09-12 17,0.299099941132473,,,-0.166843785226138,0.930518553691647,,,,,,,,,
2026-09-12 18,0.496039184043889,,,-0.166843785226138,0.930518553691647,,,,,,,,,
2026-09-12 19,0.648697848331116,,,-0.166843785226138,0.930518553691647,,,,,,,,,
2026-09-12 20,0.720774447257952,,,-0.166843785226138,0.930518553691647,,,,,,,,,
2026-09-12 21,0.694658997784468,,,-0.166843785226138,0.930518553691647,,,,,,,,,
2026-09-12 22,0.579158412408127,,,-0.166843785226138,0.930518553691647,,,,,,,,,
2026-09-12 23,0.411270822960057,,,-0.166843785226138,0.930518553691647,,,,,,,,,
2026-09-13 00,0.244651440330143,,,-0.166843785226138,0.930518553691647,,,,,,,,,
2026-09-13 01,0.128806737684662,,,-0.166843785226138,0.930518553691647,,,,,,,,,
2026-09-13 02,0.0932282755655544,,,-0.166843785226138,0.930518553691647,,,,,,,,,
2026-09-13 03,0.143827055069314,,,-0.166843785226138,0.930518553691647,,,,,,,,,
2026-09-13 04,0.26598391115074,,,-0.166843785226138,0.930518553691647,,,,,,,,,
2026-09-13 05,0.428224119352673,,,-0.166843785226138,0.930518553691647,,,,,,,,,
2026-09-13 06,0.588377668652791,,,-0.166843785226138,0.930518553691647,,,,,,,,,
2026-09-13 07,0.703821510646918,,,-0.166843785226138,0.930518553691647,,,,,,,,,
2026-09-13 08,0.741391013953434,,,-0.166843785226138,0.930518553691647,,,,,,,,,
2026-09-13 09,0.683958460690516,,,-0.166843785226138,0.930518553691647,,,,,,,,,
2026-09-13 10,0.536032128899497,,,-0.166843785226138,0.930518553691647,,,,,,,,,
2026-09-13 11,0.327590940521765,,,-0.166843785226138,0.930518553691647,,,,,,,,,
2026-09-13 12,0.109015584978381,,,-0.166843785226138,0.930518553691647,,,,,,,,,
2026-09-13 13,-0.0649989563210764,,,-0.166843785226138,0.930518553691647,,,,,,,,,
2026-09-13 14,-0.153140634481981,,,-0.166843785226138,0.930518553691647,,,,,,,,,
2026-09-13 15,-0.136943425184325,,,-0.166843785226138,0.930518553691647,,,,,,,,,
2026-09-13 16,-0.0221966156472045,,,-0.166843785226138,0.930518553691647,,,,,,,,,
2026-09-13 17,0.163437872632395,,,-0.166843785226138,0.930518553691647,,,,,,,,,
2026-09-13 18,0.376650180338296,,,-0.166843785226138,0.930518553691647,,,,,,,,,
2026-09-13 19,0.569023436873843,,,-0.166843785226138,0.930518553691647,,,,,,,,,
2026-09-13 20,0.697949221769897,,,-0.166843785226138,0.930518553691647,,,,,,,,,
2026-09-13 21,0.735161299504545,,,-0.166843785226138,0.930518553691647,,,,,,,,,
2026-09-13 22,0.674774557903865,,,-0.166843785226138,0.930518553691647,,,,,,,,,
2026-09-13 23,0.539234469465399,,,-0.166843785226138,0.930518553691647,,,,,,,,,
2026-09-14 00,0.374809898930901,,,-0.166843785226138,0.930518553691647,,,,,,,,,
2026-09-14 01,0.234018509610519,,,-0.166843785226138,0.930518553691647,,,,,,,,,
2026-09-14 02,0.156264688140472,,,-0.166843785226138,0.930518553691647,,,,,,,,,
2026-09-14 03,0.158923838074033,,,-0.166843785226138,0.930518553691647,,,,,,,,,
2026-09-14 04,0.23783552967828,,,-0.166843785226138,0.930518553691647,,,,,,,,,
2026-09-14 05,0.369918169291637,,,-0.166843785226138,0.930518553691647,,,,,,,,,
2026-09-14 06,0.517821074902435,,,-0.166843785226138,0.930518553691647,,,,,,,,,
2026-09-14 07,0.639832912487312,,,-0.166843785226138,0.930518553691647,,,,,,,,,
2026-09-14 08,0.701023792095547,,,-0.166843785226138,0.930518553691647,,,,,,,,,
2026-09-14 09,0.679416085415929,,,-0.166843785226138,0.930518553691647,,,,,,,,,
2026-09-14 10,0.569399485449375,,,-0.166843785226138,0.930518553691647,,,,,,,,,
2026-09-14 11,0.386976417617136,,,-0.166843785226138,0.930518553691647,,,,,,,,,
2026-09-14 12,0.171626495575779,,,-0.166843785226138,0.930518553691647,,,,,,,,,
2026-09-14 13,-0.0238277211468151,,,-0.166843785226138,0.930518553691647,,,,,,,,,
2026-09-14 14,-0.15167948515601,,,-0.166843785226138,0.930518553691647,,,,,,,,,
2026-09-14 15,-0.183189071097463,,,-0.166843785226138,0.930518553691647,,,,,,,,,
2026-09-14 16,-0.112673139372454,,,-0.166843785226138,0.930518553691647,,,,,,,,,
2026-09-14 17,0.0431757768807105,,,-0.166843785226138,0.930518553691647,,,,,,,,,
2026-09-14 18,0.248411137604976,,,-0.166843785226138,0.930518553691647,,,,,,,,,
2026-09-14 19,0.456343205916193,,,-0.166843785226138,0.930518553691647,,,,,,,,,
2026-09-14 20,0.621867433183517,,,-0.166843785226138,0.930518553691647,,,,,,,,,
2026-09-14 21,0.711296663900277,,,-0.166843785226138,0.930518553691647,,,,,,,,,
2026-09-14 22,0.708645968177488,,,-0.166843785226138,0.930518553691647,,,,,,,,,
2026-09-14 23,0.621443021767834,,,-0.166843785226138,0.930518553691647,,,,,,,,,
2026-09-15 00,0.482356156829533,,,-0.166843785226138,0.930518553691647,,,,,,,,,
2026-09-15 01,0.339034022660901,,,-0.166843785226138,0.930518553691647,,,,,,,,,
2026-09-15 02,0.235465000818073,,,-0.166843785226138,0.930518553691647,,,,,,,,,
2026-09-15 03,0.198251876109209,,,-0.166843785226138,0.930518553691647,,,,,,,,,
2026-09-15 04,0.233611838880459,,,-0.166843785226138,0.930518553691647,,,,,,,,,
2026-09-15 05,0.328784274501795,,,-0.166843785226138,0.930518553691647,,,,,,,,,
2026-09-15 06,0.454225369979625,,,-0.166843785226138,0.930518553691647,,,,,,,,,
2026-09-15 07,0.571115729374043,,,-0.166843785226138,0.930518553691647,,,,,,,,,
2026-09-15 08,0.643954462849931,,,-0.166843785226138,0.930518553691647,,,,,,,,,
2026-09-15 09,0.649219607415392,,,-0.166843785226138,0.930518553691647,,,,,,,,,
2026-09-15 10,0.576812324745533,,,-0.166843785226138,0.930518553691647,,,,,,,,,
2026-09-15 11,0.43190969158643,,,-0.166843785226138,0.930518553691647,,,,,,,,,
2026-09-15 12,0.2398850010915,,,-0.166843785226138,0.930518553691647,,,,,,,,,
2026-09-15 13,0.0444363269344036,,,-0.166843785226138,0.930518553691647,,,,,,,,,
2026-09-15 14,-0.106762535704135,,,-0.166843785226138,0.930518553691647,,,,,,,,,
2026-09-15 15,-0.178657296283197,,,-0.166843785226138,0.930518553691647,,,,,,,,,
2026-09-15 16,-0.156094472027131,,,-0.166843785226138,0.930518553691647,,,,,,,,,
2026-09-15 17,-0.0440083019788395,,,-0.166843785226138,0.930518553691647,,,,,,,,,
2026-09-15 18,0.132986126994668,,,-0.166843785226138,0.930518553691647,,,,,,,,,
2026-09-15 19,0.334352447317758,,,-0.166843785226138,0.930518553691647,,,,,,,,,
2026-09-15 20,0.515076979521477,,,-0.166843785226138,0.930518553691647,,,,,,,,,
2026-09-15 21,0.638852450111006,,,-0.166843785226138,0.930518553691647,,,,,,,,,
2026-09-15 22,0.684895715100522,,,-0.166843785226138,0.930518553691647,,,,,,,,,
2026-09-15 23,0.650358751428723,,,-0.166843785226138,0.930518553691647,,,,,,,,,
2026-09-16 00,0.552836812035799,,,-0.166843785226138,0.930518553691647,,,,,,,,,
2026-09-16 01,0.428212396458849,,,-0.166843785226138,0.930518553691647,,,,,,,,,
2026-09-16 02,0.31825306219198,,,-0.166843785226138,0.930518553691647,,,,,,,,,
2026-09-16 03,0.254943987401437,,,-0.166843785226138,0.930518553691647,,,,,,,,,
2026-09-16 04,0.252844408049475,,,-0.166843785226138,0.930518553691647,,,,,,,,,
2026-09-16 05,0.309157350879292,,,-0.166843785226138,0.930518553691647,,,,,,,,,
2026-09-16 06,0.404700447452611,,,-0.166843785226138,0.930518553691647,,,,,,,,,
2026-09-16 07,0.507198386549265,,,-0.166843785226138,0.930518553691647,,,,,,,,,
2026-09-16 08,0.58186229351808,,,-0.166843785226138,0.930518553691647,,,,,,,,,
2026-09-16 09,0.603649592290962,,,-0.166843785226138,0.930518553691647,,,,,,,,,
2026-09-16 10,0.561198687435036,,,-0.166843785226138,0.930518553691647,,,,,,,,,
2026-09-16 11,0.454808534916035,,,-0.166843785226138,0.930518553691647,,,,,,,,,
2026-09-16 12,0.298139660946052,,,-0.166843785226138,0.930518553691647,,,,,,,,,
2026-09-16 13,0.121550207427148,,,-0.166843785226138,0.930518553691647,,,,,,,,,
2026-09-16 14,-0.0340601514514446,,,-0.166843785226138,0.930518553691647,,,,,,,,,
2026-09-16 15,-0.132306635568431,,,-0.166843785226138,0.930518553691647,,,,,,,,,
2026-09-16 16,-0.152078659287872,,,-0.166843785226138,0.930518553691647,,,,,,,,,
2026-09-16 17,-0.0889367716556112,,,-0.166843785226138,0.930518553691647,,,,,,,,,
2026-09-16 18,0.0450619795217555,,,-0.166843785226138,0.930518553691647,,,,,,,,,
2026-09-16 19,0.22053048234365,,,-0.166843785226138,0.930518553691647,,,,,,,,,
2026-09-16 20,0.396872994289117,,,-0.166843785226138,0.930518553691647,,,,,,,,,
2026-09-16 21,0.53661614794847,,,-0.166843785226138,0.930518553691647,,,,,,,,,
2026-09-16 22,0.616494439504465,,,-0.166843785226138,0.930518553691647,,,,,,,,,
2026-09-16 23,0.628752051154237,,,-0.166843785226138,0.930518553691647,,,,,,,,,
2026-09-17 00,0.579706461779454,,,-0.166843785226138,0.930518553691647,,,,,,,,,
2026-09-17 01,0.490548296301941,,,-0.166843785226138,0.930518553691647,,,,,,,,,
2026-09-17 02,0.393772696548877,,,-0.166843785226138,0.930518553691647,,,,,,,,,
2026-09-17 03,0.321330623053146,,,-0.166843785226138,0.930518553691647,,,,,,,,,
2026-09-17 04,0.293225654030784,,,-0.166843785226138,0.930518553691647,,,,,,,,,
2026-09-17 05,0.314407839181685,,,-0.166843785226138,0.930518553691647,,,,,,,,,
2026-09-17 06,0.375898940219177,,,-0.166843785226138,0.930518553691647,,,,,,,,,
2026-09-17 07,0.455577330552858,,,-0.166843785226138,0.930518553691647,,,,,,,,,
2026-09-17 08,0.523342573806591,,,-0.166843785226138,0.930518553691647,,,,,,,,,
2026-09-17 09,0.552959037199772,,,-0.166843785226138,0.930518553691647,,,,,,,,,
2026-09-17 10,0.531190715984698,,,-0.166843785226138,0.930518553691647,,,,,,,,,
2026-09-17 11,0.457043246963809,,,-0.166843785226138,0.930518553691647,,,,,,,,,
2026-09-17 12,0.338251211092406,,,-0.166843785226138,0.930518553691647,,,,,,,,,
2026-09-17 13,0.192932022461168,,,-0.166843785226138,0.930518553691647,,,,,,,,,
2026-09-17 14,0.0503371204744562,,,-0.166843785226138,0.930518553691647,,,,,,,,,
2026-09-17 15,-0.0575489104704284,,,-0.166843785226138,0.930518553691647,,,,,,,,,
2026-09-17 16,-0.107550695995745,,,-0.166843785226138,0.930518553691647,,,,,,,,,
2026-09-17 17,-0.089486401164151,,,-0.166843785226138,0.930518553691647,,,,,,,,,
2026-09-17 18,-0.00536995504868087,,,-0.166843785226138,0.930518553691647,,,,,,,,,
2026-09-17 19,0.128750314178774,,,-0.166843785226138,0.930518553691647,,,,,,,,,
2026-09-17 20,0.282493466186094,,,-0.166843785226138,0.930518553691647,,,,,,,,,
2026-09-17 21,0.420954788120063,,,-0.166843785226138,0.930518553691647,,,,,,,,,
2026-09-17 22,0.518975111902073,,,-0.166843785226138,0.930518553691647,,,,,,,,,
2026-09-17 23,0.566280349719578,,,-0.166843785226138,0.930518553691647,,,,,,,,,
2026-09-18 00,0.563301630924134,,,-0.166843785226138,0.930518553691647,,,,,,,,,
2026-09-18 01,0.51895539808447,,,-0.166843785226138,0.930518553691647,,,,,,,,,
2026-09-18 02,0.452241420959485,,,-0.166843785226138,0.930518553691647,,,,,,,,,
2026-09-18 03,0.388518237387272,,,-0.166843785226138,0.930518553691647,,,,,,,,,
2026-09-18 04,0.349134591703656,,,-0.166843785226138,0.930518553691647,,,,,,,,,
2026-09-18 05,0.344208671082787,,,-0.166843785226138,0.930518553691647,,,,,,,,,
2026-09-18 06,0.372572914998268,,,-0.166843785226138,0.930518553691647,,,,,,,,,
2026-09-18 07,0.422883097432544,,,-0.166843785226138,0.930518553691647,,,,,,,,,
2026-09-18 08,0.474414396855329,,,-0.166843785226138,0.930518553691647,,,,,,,,,
2026-09-18 09,0.503523327208769,,,-0.166843785226138,0.930518553691647,,,,,,,,,
2026-09-18 10,0.494541646364688,,,-0.166843785226138,0.930518553691647,,,,,,,,,
2026-09-18 11,0.444583197807363,,,-0.166843785226138,0.930518553691647,,,,,,,,,
2026-09-18 12,0.35943383260591,,,-0.166843785226138,0.930518553691647,,,,,,,,,
2026-09-18 13,0.249915927761959,,,-0.166843785226138,0.930518553691647,,,,,,,,,
2026-09-18 14,0.133264700214547,,,-0.166843785226138,0.930518553691647,,,,,,,,,
2026-09-18 15,0.0321066904259781,,,-0.166843785226138,0.930518553691647,,,,,,,,,
2026-09-18 16,-0.0328938089883252,,,-0.166843785226138,0.930518553691647,,,,,,,,,
2026-09-18 17,-0.049236928317906,,,-0.166843785226138,0.930518553691647,,,,,,,,,
2026-09-18 18,-0.0129069864775905,,,-0.166843785226138,0.930518553691647,,,,,,,,,
2026-09-18 19,0.0712535375433778,,,-0.166843785226138,0.930518553691647,,,,,,,,,
2026-09-18 20,0.18645367944368,,,-0.166843785226138,0.930518553691647,,,,,,,,,
2026-09-18 21,0.306434126812602,,,-0.166843785226138,0.930518553691647,,,,,,,,,
2026-09-18 22,0.407059871625614,,,-0.166843785226138,0.930518553691647,,,,,,,,,
2026-09-18 23,0.475830261564287,,,-0.166843785226138,0.930518553691647,,,,,,,,,
2026-09-19 00,0.510069470365617,,,-0.166843785226138,0.930518553691647,,,,,,,,,
2026-09-19 01,0.511217411768572,,,-0.166843785226138,0.930518553691647,,,,,,,,,
2026-09-19 02,0.485498498496371,,,-0.166843785226138,0.930518553691647,,,,,,,,,
2026-09-19 03,0.44672483016552,,,-0.166843785226138,0.930518553691647,,,,,,,,,
2026-09-19 04,0.411998261283307,,,-0.166843785226138,0.930518553691647,,,,,,,,,
2026-09-19 05,0.393403145794942,,,-0.166843785226138,0.930518553691647,,,,,,,,,
2026-09-19 06,0.394878674113364,,,-0.166843785226138,0.930518553691647,,,,,,,,,
2026-09-19 07,0.413661315865918,,,-0.166843785226138,0.930518553691647,,,,,,,,,
2026-09-19 08,0.440220110765153,,,-0.166843785226138,0.930518553691647,,,,,,,,,
2026-09-19 09,0.458883843331944,,,-0.166843785226138,0.930518553691647,,,,,,,,,
2026-09-19 10,0.454716535963991,,,-0.166843785226138,0.930518553691647,,,,,,,,,
2026-09-19 11,0.421898140020885,,,-0.166843785226138,0.930518553691647,,,,,,,,,
2026-09-19 12,0.364170436976166,,,-0.166843785226138,0.930518553691647,,,,,,,,,
2026-09-19 13,0.289041062414511,,,-0.166843785226138,0.930518553691647,,,,,,,,,
2026-09-19 14,0.205240874135511,,,-0.166843785226138,0.930518553691647,,,,,,,,,
2026-09-19 15,0.124461585254757,,,-0.166843785226138,0.930518553691647,,,,,,,,,
2026-09-19 16,0.0603602620046084,,,-0.166843785226138,0.930518553691647,,,,,,,,,
2026-09-19 17,0.0240771266445731,,,-0.166843785226138,0.930518553691647,,,,,,,,,
2026-09-19 18,0.0221054751032232,,,-0.166843785226138,0.930518553691647,,,,,,,,,
2026-09-19 19,0.0565770310018836,,,-0.166843785226138,0.930518553691647,,,,,,,,,
2026-09-19 20,0.1230812155001,,,-0.166843785226138,0.930518553691647,,,,,,,,,
2026-09-19 21,0.208383970635799,,,-0.166843785226138,0.930518553691647,,,,,,,,,
2026-09-19 22,0.295155588527804,,,-0.166843785226138,0.930518553691647,,,,,,,,,
2026-09-19 23,0.370921381987287,,,-0.166843785226138,0.930518553691647,,,,,,,,,
2026-09-20 00,0.430502631161887,,,-0.166843785226138,0.930518553691647,,,,,,,,,
2026-09-20 01,0.470943360429619,,,-0.166843785226138,0.930518553691647,,,,,,,,,
2026-09-20 02,0.489308719130008,,,-0.166843785226138,0.930518553691647,,,,,,,,,
2026-09-20 03,0.486999041638538,,,-0.166843785226138,0.930518553691647,,,,,,,,,
2026-09-20 04,0.471899461338724,,,-0.166843785226138,0.930518553691647,,,,,,,,,
2026-09-20 05,0.453525156200684,,,-0.166843785226138,0.930518553691647,,,,,,,,,
2026-09-20 06,0.438040668260288,,,-0.166843785226138,0.930518553691647,,,,,,,,,
2026-09-20 07,0.428366554821027,,,-0.166843785226138,0.930518553691647,,,,,,,,,
2026-09-20 08,0.424723705660104,,,-0.166843785226138,0.930518553691647,,,,,,,,,
2026-09-20 09,0.422475117116658,,,-0.166843785226138,0.930518553691647,,,,,,,,,
2026-09-20 10,0.412880024933204,,,-0.166843785226138,0.930518553691647,,,,,,,,,
2026-09-20 11,0.389605142412233,,,-0.166843785226138,0.930518553691647,,,,,,,,,
2026-09-20 12,0.353403831340015,,,-0.166843785226138,0.930518553691647,,,,,,,,,
2026-09-20 13,0.309004046898815,,,-0.166843785226138,0.930518553691647,,,,,,,,,
2026-09-20 14,0.259975153588757,,,-0.166843785226138,0.930518553691647,,,,,,,,,
2026-09-20 15,0.208899257370514,,,-0.166843785226138,0.930518553691647,,,,,,,,,
2026-09-20 16,0.160203263030683,,,-0.166843785226138,0.930518553691647,,,,,,,,,
2026-09-20 17,0.11990606187356,,,-0.166843785226138,0.930518553691647,,,,,,,,,
2026-09-20 18,0.0936678246622807,,,-0.166843785226138,0.930518553691647,,,,,,,,,
2026-09-20 19,0.0866227916215613,,,-0.166843785226138,0.930518553691647,,,,,,,,,
2026-09-20 20,0.102805645181771,,,-0.166843785226138,0.930518553691647,,,,,,,,,
2026-09-20 21,0.142037806610123,,,-0.166843785226138,0.930518553691647,,,,,,,,,
2026-09-20 22,0.198669525307436,,,-0.166843785226138,0.930518553691647,,,,,,,,,
2026-09-20 23,0.265368858491124,,,-0.166843785226138,0.930518553691647,,,,,,,,,
2026-09-21 00,0.336506945999247,,,-0.166843785226138,0.930518553691647,,,,,,,,,
2026-09-21 01,0.406024984117508,,,-0.166843785226138,0.930518553691647,,,,,,,,,
2026-09-21 02,0.464749249045823,,,-0.166843785226138,0.930518553691647,,,,,,,,,
2026-09-21 03,0.503699367584174,,,-0.166843785226138,0.930518553691647,,,,,,,,,
2026-09-21 04,0.519586048073292,,,-0.166843785226138,0.930518553691647,,,,,,,,,
2026-09-21 05,0.514923301548799,,,-0.166843785226138,0.930518553691647,,,,,,,,,
2026-09-21 06,0.494306491473098,,,-0.166843785226138,0.930518553691647,,,,,,,,,
2026-09-21 07,0.463314501787735,,,-0.166843785226138,0.930518553691647,,,,,,,,,
2026-09-21 08,0.429162751560574,,,-0.166843785226138,0.930518553691647,,,,,,,,,
2026-09-21 09,0.398034972637458,,,-0.166843785226138,0.930518553691647,,,,,,,,,
2026-09-21 10,0.37134105527006,,,-0.166843785226138,0.930518553691647,,,,,,,,,
2026-09-21 11,0.347222555474013,,,-0.166843785226138,0.930518553691647,,,,,,,,,
2026-09-21 12,0.325377867667112,,,-0.166843785226138,0.930518553691647,,,,,,,,,
2026-09-21 13,0.307428672957741,,,-0.166843785226138,0.930518553691647,,,,,,,,,
2026-09-21 14,0.292661079542492,,,-0.166843785226138,0.930518553691647,,,,,,,,,
2026-09-21 15,0.276637808666613,,,-0.166843785226138,0.930518553691647,,,,,,,,,
2026-09-21 16,0.25487527006474,,,-0.166843785226138,0.930518553691647,,,,,,,,,
2026-09-21 17,0.226001547652484,,,-0.166843785226138,0.930518553691647,,,,,,,,,
2026-09-21 18,0.191691683567289,,,-0.166843785226138,0.930518553691647,,,,,,,,,
2026-09-21 19,0.156576222330048,,,-0.166843785226138,0.930518553691647,,,,,,,,,
2026-09-21 20,0.128887019724487,,,-0.166843785226138,0.930518553691647,,,,,,,,,
2026-09-21 21,0.118487649523516,,,-0.166843785226138,0.930518553691647,,,,,,,,,
2026-09-21 22,0.132615690330887,,,-0.166843785226138,0.930518553691647,,,,,,,,,
2026-09-21 23,0.173835763107501,,,-0.166843785226138,0.930518553691647,,,,,,,,,
2026-09-22 00,0.240528149825485,,,-0.166843785226138,0.930518553691647,,,,,,,,,
2026-09-22 01,0.325962287867947,,,-0.166843785226138,0.930518553691647,,,,,,,,,
2026-09-22 02,0.41668916515731,,,-0.166843785226138,0.930518553691647,,,,,,,,,
2026-09-22 03,0.495485387973166,,,-0.166843785226138,0.930518553691647,,,,,,,,,
2026-09-22 04,0.548301609124247,,,-0.166843785226138,0.930518553691647,,,,,,,,,
2026-09-22 05,0.568266118479004,,,-0.166843785226138,0.930518553691647,,,,,,,,,
2026-09-22 06,0.554675957763705,,,-0.166843785226138,0.930518553691647,,,,,,,,,
2026-09-22 07,0.512156481098263,,,-0.166843785226138,0.930518553691647,,,,,,,,,
2026-09-22 08,0.451613356045204,,,-0.166843785226138,0.930518553691647,,,,,,,,,
2026-09-22 09,0.388006935612972,,,-0.166843785226138,0.930518553691647,,,,,,,,,
2026-09-22 10,0.334069521292348,,,-0.166843785226138,0.930518553691647,,,,,,,,,
2026-09-22 11,0.296657637225218,,,-0.166843785226138,0.930518553691647,,,,,,,,,
2026-09-22 12,0.278670236463689,,,-0.166843785226138,0.930518553691647,,,,,,,,,
2026-09-22 13,0.28059810009086,,,-0.166843785226138,0.930518553691647,,,,,,,,,
2026-09-22 14,0.297967080778736,,,-0.166843785226138,0.930518553691647,,,,,,,,,
2026-09-22 15,0.319965694831253,,,-0.166843785226138,0.930518553691647,,,,,,,,,
2026-09-22 16,0.333707709986564,,,-0.166843785226138,0.930518553691647,,,,,,,,,
2026-09-22 17,0.329757772249414,,,-0.166843785226138,0.930518553691647,,,,,,,,,
2026-09-22 18,0.303844191911079,,,-0.166843785226138,0.930518553691647,,,,,,,,,
2026-09-22 19,0.257084817640125,,,-0.166843785226138,0.930518553691647,,,,,,,,,
2026-09-22 20,0.197871727011746,,,-0.166843785226138,0.930518553691647,,,,,,,,,
2026-09-22 21,0.142101920606106,,,-0.166843785226138,0.930518553691647,,,,,,,,,
2026-09-22 22,0.108257558361156,,,-0.166843785226138,0.930518553691647,,,,,,,,,
2026-09-22 23,0.110761870972947,,,-0.166843785226138,0.930518553691647,,,,,,,,,
2026-09-23 00,0.156187897200387,,,-0.166843785226138,0.930518553691647,,,,,,,,,
2026-09-23 01,0.241316658487869,,,-0.166843785226138,0.930518553691647,,,,,,,,,
2026-09-23 02,0.351670935729817,,,-0.166843785226138,0.930518553691647,,,,,,,,,
2026-09-23 03,0.464021123453139,,,-0.166843785226138,0.930518553691647,,,,,,,,,
2026-09-23 04,0.554416794559221,,,-0.166843785226138,0.930518553691647,,,,,,,,,
2026-09-23 05,0.605762273885001,,,-0.166843785226138,0.930518553691647,,,,,,,,,
2026-09-23 06,0.609799790971885,,,-0.166843785226138,0.930518553691647,,,,,,,,,
2026-09-23 07,0.566899292647535,,,-0.166843785226138,0.930518553691647,,,,,,,,,
2026-09-23 08,0.487698155954389,,,-0.166843785226138,0.930518553691647,,,,,,,,,
2026-09-23 09,0.392613827036057,,,-0.166843785226138,0.930518553691647,,,,,,,,,
2026-09-23 10,0.304916313550067,,,-0.166843785226138,0.930518553691647,,,,,,,,,
2026-09-23 11,0.242481612562627,,,-0.166843785226138,0.930518553691647,,,,,,,,,
2026-09-23 12,0.215322544641835,,,-0.166843785226138,0.930518553691647,,,,,,,,,
2026-09-23 13,0.226474512646757,,,-0.166843785226138,0.930518553691647,,,,,,,,,
2026-09-23 14,0.27028826884184,,,-0.166843785226138,0.930518553691647,,,,,,,,,
2026-09-23 15,0.330794573883589,,,-0.166843785226138,0.930518553691647,,,,,,,,,
2026-09-23 16,0.386506843518987,,,-0.166843785226138,0.930518553691647,,,,,,,,,
2026-09-23 17,0.418943633157959,,,-0.166843785226138,0.930518553691647,,,,,,,,,
2026-09-23 18,0.416823682544625,,,-0.166843785226138,0.930518553691647,,,,,,,,,
2026-09-23 19,0.376044825189249,,,-0.166843785226138,0.930518553691647,,,,,,,,,
2026-09-23 20,0.301702518546771,,,-0.166843785226138,0.930518553691647,,,,,,,,,
2026-09-23 21,0.211214351277486,,,-0.166843785226138,0.930518553691647,,,,,,,,,
2026-09-23 22,0.131201048203876,,,-0.166843785226138,0.930518553691647,,,,,,,,,
2026-09-23 23,0.0877405580127616,,,-0.166843785226138,0.930518553691647,,,,,,,,,
2026-09-24 00,0.0977147732456,,,-0.166843785226138,0.930518553691647,,,,,,,,,
2026-09-24 01,0.164940266692339,,,-0.166843785226138,0.930518553691647,,,,,,,,,
2026-09-24 02,0.278399092870806,,,-0.166843785226138,0.930518553691647,,,,,,,,,
2026-09-24 03,0.413018057202109,,,-0.166843785226138,0.930518553691647,,,,,,,,,
2026-09-24 04,0.536858193554648,,,-0.166843785226138,0.930518553691647,,,,,,,,,
2026-09-24 05,0.622033207440967,,,-0.166843785226138,0.930518553691647,,,,,,,,,
2026-09-24 06,0.651237931611935,,,-0.166843785226138,0.930518553691647,,,,,,,,,
2026-09-24 07,0.618662612330213,,,-0.166843785226138,0.930518553691647,,,,,,,,,
2026-09-24 08,0.531225462364419,,,-0.166843785226138,0.930518553691647,,,,,,,,,
2026-09-24 09,0.41024735154477,,,-0.166843785226138,0.930518553691647,,,,,,,,,
2026-09-24 10,0.286745535677826,,,-0.166843785226138,0.930518553691647,,,,,,,,,
2026-09-24 11,0.190350681870938,,,-0.166843785226138,0.930518553691647,,,,,,,,,
2026-09-24 12,0.141059896640335,,,-0.166843785226138,0.930518553691647,,,,,,,,,
2026-09-24 13,0.147687124817382,,,-0.166843785226138,0.930518553691647,,,,,,,,,
2026-09-24 14,0.206996235462529,,,-0.166843785226138,0.930518553691647,,,,,,,,,
2026-09-24 15,0.301414626442778,,,-0.166843785226138,0.930518553691647,,,,,,,,,
2026-09-24 16,0.402301204973625,,,-0.166843785226138,0.930518553691647,,,,,,,,,
2026-09-24 17,0.480722830094826,,,-0.166843785226138,0.930518553691647,,,,,,,,,
2026-09-24 18,0.516385817463176,,,-0.166843785226138,0.930518553691647,,,,,,,,,
2026-09-24 19,0.498934336222012,,,-0.166843785226138,0.930518553691647,,,,,,,,,
2026-09-24 20,0.428284820252662,,,-0.166843785226138,0.930518553691647,,,,,,,,,
2026-09-24 21,0.319038903789621,,,-0.166843785226138,0.930518553691647,,,,,,,,,
2026-09-24 22,0.201406071542364,,,-0.166843785226138,0.930518553691647,,,,,,,,,
2026-09-24 23,0.111438041738898,,,-0.166843785226138,0.930518553691647,,,,,,,,,
2026-09-25 00,0.0772140381354984,,,-0.166843785226138,0.930518553691647,,,,,,,,,
2026-09-25 01,0.111333908904785,,,-0.166843785226138,0.930518553691647,,,,,,,,,
2026-09-25 02,0.209396909670337,,,-0.166843785226138,0.930518553691647,,,,,,,,,
2026-09-25 03,0.34978046117372,,,-0.166843785226138,0.930518553691647,,,,,,,,,
2026-09-25 04,0.497339365953835,,,-0.166843785226138,0.930518553691647,,,,,,,,,
2026-09-25 05,0.614443998456795,,,-0.166843785226138,0.930518553691647,,,,,,,,,
2026-09-25 06,0.673005974350783,,,-0.166843785226138,0.930518553691647,,,,,,,,,
2026-09-25 07,0.659445174120073,,,-0.166843785226138,0.930518553691647,,,,,,,,,
2026-09-25 08,0.575132587112233,,,-0.166843785226138,0.930518553691647,,,,,,,,,
2026-09-25 09,0.438085740797031,,,-0.166843785226138,0.930518553691647,,,,,,,,,
2026-09-25 10,0.282075251597255,,,-0.166843785226138,0.930518553691647,,,,,,,,,
2026-09-25 11,0.146807335868997,,,-0.166843785226138,0.930518553691647,,,,,,,,,
2026-09-25 12,0.0643674073814756,,,-0.166843785226138,0.930518553691647,,,,,,,,,
2026-09-25 13,0.0521458223787922,,,-0.166843785226138,0.930518553691647,,,,,,,,,
2026-09-25 14,0.111932875196372,,,-0.166843785226138,0.930518553691647,,,,,,,,,
2026-09-25 15,0.228670211360611,,,-0.166843785226138,0.930518553691647,,,,,,,,,
2026-09-25 16,0.371090312708391,,,-0.166843785226138,0.930518553691647,,,,,,,,,
2026-09-25 17,0.500937195933698,,,-0.166843785226138,0.930518553691647,,,,,,,,,
2026-09-25 18,0.586346611058523,,,-0.166843785226138,0.930518553691647,,,,,,,,,
2026-09-25 19,0.608328971464774,,,-0.166843785226138,0.930518553691647,,,,,,,,,
2026-09-25 20,0.560672552899908,,,-0.166843785226138,0.930518553691647,,,,,,,,,
2026-09-25 21,0.452509024178602,,,-0.166843785226138,0.930518553691647,,,,,,,,,
2026-09-25 22,0.312364003182508,,,-0.166843785226138,0.930518553691647,,,,,,,,,
2026-09-25 23,0.18232115360003,,,-0.166843785226138,0.930518553691647,,,,,,,,,
2026-09-26 00,0.101553943592782,,,-0.166843785226138,0.930518553691647,,,,,,,,,
2026-09-26 01,0.0928110314681528,,,-0.166843785226138,0.930518553691647,,,,,,,,,
2026-09-26 02,0.159457596405843,,,-0.166843785226138,0.930518553691647,,,,,,,,,
2026-09-26 03,0.286633571550921,,,-0.166843785226138,0.930518553691647,,,,,,,,,
2026-09-26 04,0.442265394575156,,,-0.166843785226138,0.930518553691647,,,,,,,,,
2026-09-26 05,0.583804717066977,,,-0.166843785226138,0.930518553691647,,,,,,,,,
2026-09-26 06,0.672302479441477,,,-0.166843785226138,0.930518553691647,,,,,,,,,
2026-09-26 07,0.684031201063136,,,-0.166843785226138,0.930518553691647,,,,,,,,,
2026-09-26 08,0.613380632780514,,,-0.166843785226138,0.930518553691647,,,,,,,,,
2026-09-26 09,0.472765609898861,,,-0.166843785226138,0.930518553691647,,,,,,,,,
2026-09-26 10,0.293394702876621,,,-0.166843785226138,0.930518553691647,,,,,,,,,
2026-09-26 11,0.120116655204745,,,-0.166843785226138,0.930518553691647,,,,,,,,,
2026-09-26 12,-0.003099458141539,,,-0.166843785226138,0.930518553691647,,,,,,,,,
2026-09-26 13,-0.0473131946947983,,,-0.166843785226138,0.930518553691647,,,,,,,,,
2026-09-26 14,-0.00341333440348845,,,-0.166843785226138,0.930518553691647,,,,,,,,,
2026-09-26 15,0.118489939230395,,,-0.166843785226138,0.930518553691647,,,,,,,,,
2026-09-26 16,0.289621394569812,,,-0.166843785226138,0.930518553691647,,,,,,,,,
2026-09-26 17,0.467568282670915,,,-0.166843785226138,0.930518553691647,,,,,,,,,
2026-09-26 18,0.609341535668909,,,-0.166843785226138,0.930518553691647,,,,,,,,,
2026-09-26 19,0.684067973156469,,,-0.166843785226138,0.930518553691647,,,,,,,,,
2026-09-26 20,0.677181674881826,,,-0.166843785226138,0.930518553691647,,,,,,,,,
2026-09-26 21,0.591154044672072,,,-0.166843785226138,0.930518553691647,,,,,,,,,
2026-09-26 22,0.448922364060701,,,-0.166843785226138,0.930518553691647,,,,,,,,,
2026-09-26 23,0.292759107830552,,,-0.166843785226138,0.930518553691647,,,,,,,,,
2026-09-27 00,0.170174077748346,,,-0.166843785226138,0.930518553691647,,,,,,,,,
2026-09-27 01,0.115254225005578,,,-0.166843785226138,0.930518553691647,,,,,,,,,
2026-09-27 02,0.140350564182134,,,-0.166843785226138,0.930518553691647,,,,,,,,,
2026-09-27 03,0.238056235437566,,,-0.166843785226138,0.930518553691647,,,,,,,,,
2026-09-27 04,0.383323948815376,,,-0.166843785226138,0.930518553691647,,,,,,,,,
2026-09-27 05,0.535700998126379,,,-0.166843785226138,0.930518553691647,,,,,,,,,
2026-09-27 06,0.649630317727243,,,-0.166843785226138,0.930518553691647,,,,,,,,,
2026-09-27 07,0.690159794637938,,,-0.166843785226138,0.930518553691647,,,,,,,,,
2026-09-27 08,0.642230628127534,,,-0.166843785226138,0.930518553691647,,,,,,,,,
2026-09-27 09,0.511213139866325,,,-0.166843785226138,0.930518553691647,,,,,,,,,
2026-09-27 10,0.322348044825774,,,-0.166843785226138,0.930518553691647,,,,,,,,,
2026-09-27 11,0.119279401753798,,,-0.166843785226138,0.930518553691647,,,,,,,,,
2026-09-27 12,-0.0463749725300754,,,-0.166843785226138,0.930518553691647,,,,,,,,,
2026-09-27 13,-0.132868707494194,,,-0.166843785226138,0.930518553691647,,,,,,,,,
2026-09-27 14,-0.120555252077372,,,-0.166843785226138,0.930518553691647,,,,,,,,,
2026-09-27 15,-0.0128459980305287,,,-0.166843785226138,0.930518553691647,,,,,,,,,
2026-09-27 16,0.166849616808499,,,-0.166843785226138,0.930518553691647,,,,,,,,,
2026-09-27 17,0.378200304032728,,,-0.166843785226138,0.930518553691647,,,,,,,,,
2026-09-27 18,0.572381613873766,,,-0.166843785226138,0.930518553691647,,,,,,,,,
2026-09-27 19,0.706385928442667,,,-0.166843785226138,0.930518553691647,,,,,,,,,
2026-09-27 20,0.754011237724619,,,-0.166843785226138,0.930518553691647,,,,,,,,,
2026-09-27 21,0.70917571990178,,,-0.166843785226138,0.930518553691647,,,,,,,,,
2026-09-27 22,0.587241757602057,,,-0.166843785226138,0.930518553691647,,,,,,,,,
2026-09-27 23,0.425384874278771,,,-0.166843785226138,0.930518553691647,,,,,,,,,
2026-09-28 00,0.273678976701813,,,-0.166843785226138,0.930518553691647,,,,,,,,,
2026-09-28 01,0.176234125527712,,,-0.166843785226138,0.930518553691647,,,,,,,,,
2026-09-28 02,0.156271336141634,,,-0.166843785226138,0.930518553691647,,,,,,,,,
2026-09-28 03,0.214546777470704,,,-0.166843785226138,0.930518553691647,,,,,,,,,
2026-09-28 04,0.333703488870128,,,-0.166843785226138,0.930518553691647,,,,,,,,,
2026-09-28 05,0.480206618854276,,,-0.166843785226138,0.930518553691647,,,,,,,,,
2026-09-28 06,0.609076213508029,,,-0.166843785226138,0.930518553691647,,,,,,,,,
2026-09-28 07,0.677439191723315,,,-0.166843785226138,0.930518553691647,,,,,,,,,
2026-09-28 08,0.659161480641557,,,-0.166843785226138,0.930518553691647,,,,,,,,,
2026-09-28 09,0.550335447357917,,,-0.166843785226138,0.930518553691647,,,,,,,,,
2026-09-28 10,0.368279729667948,,,-0.166843785226138,0.930518553691647,,,,,,,,,
2026-09-28 11,0.150519033253992,,,-0.166843785226138,0.930518553691647,,,,,,,,,
2026-09-28 12,-0.0505681585670278,,,-0.166843785226138,0.930518553691647,,,,,,,,,
2026-09-28 13,-0.183466903609754,,,-0.166843785226138,0.930518553691647,,,,,,,,,
2026-09-28 14,-0.215665829470346,,,-0.166843785226138,0.930518553691647,,,,,,,,,
2026-09-28 15,-0.140914368403119,,,-0.166843785226138,0.930518553691647,,,,,,,,,
2026-09-28 16,0.0242975824168324,,,-0.166843785226138,0.930518553691647,,,,,,,,,
2026-09-28 17,0.245536751037187,,,-0.166843785226138,0.930518553691647,,,,,,,,,
2026-09-28 18,0.475208162265114,,,-0.166843785226138,0.930518553691647,,,,,,,,,
2026-09-28 19,0.663120229498707,,,-0.166843785226138,0.930518553691647,,,,,,,,,
2026-09-28 20,0.770828847290287,,,-0.166843785226138,0.930518553691647,,,,,,,,,
2026-09-28 21,0.780938441664789,,,-0.166843785226138,0.930518553691647,,,,,,,,,
2026-09-28 22,0.699417562700649,,,-0.166843785226138,0.930518553691647,,,,,,,,,
2026-09-28 23,0.555032876049124,,,-0.166843785226138,0.930518553691647,,,,,,,,,
2026-09-29 00,0.394048003792443,,,-0.166843785226138,0.930518553691647,,,,,,,,,
2026-09-29 01,0.265542352068577,,,-0.166843785226138,0.930518553691647,,,,,,,,,
2026-09-29 02,0.203570608301543,,,-0.166843785226138,0.930518553691647,,,,,,,,,
2026-09-29 03,0.218988127011295,,,-0.166843785226138,0.930518553691647,,,,,,,,,
2026-09-29 04,0.302377224495211,,,-0.166843785226138,0.930518553691647,,,,,,,,,
2026-09-29 05,0.428279740454112,,,-0.166843785226138,0.930518553691647,,,,,,,,,
2026-09-29 06,0.557844753437591,,,-0.166843785226138,0.930518553691647,,,,,,,,,
2026-09-29 07,0.647013731111998,,,-0.166843785226138,0.930518553691647,,,,,,,,,
2026-09-29 08,0.660971025250231,,,-0.166843785226138,0.930518553691647,,,,,,,,,
2026-09-29 09,0.584932537287152,,,-0.166843785226138,0.930518553691647,,,,,,,,,
2026-09-29 10,0.4262496035891,,,-0.166843785226138,0.930518553691647,,,,,,,,,
2026-09-29 11,0.213250901745591,,,-0.166843785226138,0.930518553691647,,,,,,,,,
2026-09-29 12,-0.00732202916671643,,,-0.166843785226138,0.930518553691647,,,,,,,,,
2026-09-29 13,-0.180916334196849,,,-0.166843785226138,0.930518553691647,,,,,,,,,
2026-09-29 14,-0.263856411331189,,,-0.166843785226138,0.930518553691647,,,,,,,,,
2026-09-29 15,-0.237428179437499,,,-0.166843785226138,0.930518553691647,,,,,,,,,
2026-09-29 16,-0.108653184292291,,,-0.166843785226138,0.930518553691647,,,,,,,,,
2026-09-29 17,0.0958381657143498,,,-0.166843785226138,0.930518553691647,,,,,,,,,
2026-09-29 18,0.334580819282821,,,-0.166843785226138,0.930518553691647,,,,,,,,,
2026-09-29 19,0.557508711947782,,,-0.166843785226138,0.930518553691647,,,,,,,,,
2026-09-29 20,0.718339430847549,,,-0.166843785226138,0.930518553691647,,,,,,,,,
2026-09-29 21,0.787937185797497,,,-0.166843785226138,0.930518553691647,,,,,,,,,
2026-09-29 22,0.760827527702443,,,-0.166843785226138,0.930518553691647,,,,,,,,,
2026-09-29 23,0.655042696476863,,,-0.166843785226138,0.930518553691647,,,,,,,,,
2026-09-30 00,0.508147291838993,,,-0.166843785226138,0.930518553691647,,,,,,,,,
2026-09-30 01,0.367335007663163,,,-0.166843785226138,0.930518553691647,,,,,,,,,
2026-09-30 02,0.273543939330222,,,-0.166843785226138,0.930518553691647,,,,,,,,,
2026-09-30 03,0.248470538739656,,,-0.166843785226138,0.930518553691647,,,,,,,,,
2026-09-30 04,0.292226605671864,,,-0.166843785226138,0.930518553691647,,,,,,,,,
2026-09-30 05,0.38765589181117,,,-0.166843785226138,0.930518553691647,,,,,,,,,
2026-09-30 06,0.504069734622062,,,-0.166843785226138,0.930518553691647,,,,,,,,,
2026-09-30 07,0.602080111583155,,,-0.166843785226138,0.930518553691647,,,,,,,,,
2026-09-30 08,0.644096603130484,,,-0.166843785226138,0.930518553691647,,,,,,,,,
2026-09-30 09,0.606390821711679,,,-0.166843785226138,0.930518553691647,,,,,,,,,
2026-09-30 10,0.4852233312584,,,-0.166843785226138,0.930518553691647,,,,,,,,,
2026-09-30 11,0.297473566735149,,,-0.166843785226138,0.930518553691647,,,,,,,,,
2026-09-30 12,0.0796095394125459,,,-0.166843785226138,0.930518553691647,,,,,,,,,
2026-09-30 13,-0.118207471353202,,,-0.166843785226138,0.930518553691647,,,,,,,,,
2026-09-30 14,-0.247115285663635,,,-0.166843785226138,0.930518553691647,,,,,,,,,
2026-09-30 15,-0.276594828871666,,,-0.166843785226138,0.930518553691647,,,,,,,,,
2026-09-30 16,-0.20150001177373,,,-0.166843785226138,0.930518553691647,,,,,,,,,
2026-09-30 17,-0.0383221785906439,,,-0.166843785226138,0.930518553691647,,,,,,,,,
2026-09-30 18,0.180329985233572,,,-0.166843785226138,0.930518553691647,,,,,,,,,
2026-09-30 19,0.410197543220531,,,-0.166843785226138,0.930518553691647,,,,,,,,,
2026-09-30 20,0.604099317498535,,,-0.166843785226138,0.930518553691647,,,,,,,,,
2026-09-30 21,0.725155389733938,,,-0.166843785226138,0.930518553691647,,,,,,,,,
2026-09-30 22,0.75668673298979,,,-0.166843785226138,0.930518553691647,,,,,,,,,
2026-09-30 23,0.704395659627112,,,-0.166843785226138,0.930518553691647,,,,,,,,,
2026-10-01 00,0.593686714736064,,,-0.166843785226138,0.930518553691647,,,,,,,,,
2026-10-01 01,0.463566906074401,,,-0.166843785226138,0.930518553691647,,,,,,,,,
2026-10-01 02,0.355202676218047,,,-0.166843785226138,0.930518553691647,,,,,,,,,
2026-10-01 03,0.29825793515609,,,-0.166843785226138,0.930518553691647,,,,,,,,,
2026-10-01 04,0.303290367203053,,,-0.166843785226138,0.930518553691647,,,,,,,,,
2026-10-01 05,0.362711289871587,,,-0.166843785226138,0.930518553691647,,,,,,,,,
2026-10-01 06,0.454818623309843,,,-0.166843785226138,0.930518553691647,,,,,,,,,
2026-10-01 07,0.547873472372653,,,-0.166843785226138,0.930518553691647,,,,,,,,,
2026-10-01 08,0.607162258490817,,,-0.166843785226138,0.930518553691647,,,,,,,,,
2026-10-01 09,0.605136067962523,,,-0.166843785226138,0.930518553691647,,,,,,,,,
2026-10-01 10,0.529094122796978,,,-0.166843785226138,0.930518553691647,,,,,,,,,
2026-10-01 11,0.383926045335647,,,-0.166843785226138,0.930518553691647,,,,,,,,,
2026-10-01 12,0.19278900283213,,,-0.166843785226138,0.930518553691647,,,,,,,,,
2026-10-01 13,-0.00481248550264868,,,-0.166843785226138,0.930518553691647,,,,,,,,,
2026-10-01 14,-0.162614097171499,,,-0.166843785226138,0.930518553691647,,,,,,,,,
2026-10-01 15,-0.243294320921678,,,-0.166843785226138,0.930518553691647,,,,,,,,,
2026-10-01 16,-0.229770436075509,,,-0.166843785226138,0.930518553691647,,,,,,,,,
2026-10-01 17,-0.126119488490168,,,-0.166843785226138,0.930518553691647,,,,,,,,,
2026-10-01 18,0.0464698824188957,,,-0.166843785226138,0.930518553691647,,,,,,,,,
2026-10-01 19,0.253250923469323,,,-0.166843785226138,0.930518553691647,,,,,,,,,
2026-10-01 20,0.451989361429476,,,-0.166843785226138,0.930518553691647,,,,,,,,,
2026-10-01 21,0.604265156124291,,,-0.166843785226138,0.930518553691647,,,,,,,,,
2026-10-01 22,0.686214129845909,,,-0.166843785226138,0.930518553691647,,,,,,,,,
2026-10-01 23,0.692337107029786,,,-0.166843785226138,0.930518553691647,,,,,,,,,
2026-10-02 00,0.63415969949588,,,-0.166843785226138,0.930518553691647,,,,,,,,,
2026-10-02 01,0.537535400482335,,,-0.166843785226138,0.930518553691647,,,,,,,,,
2026-10-02 02,0.436685963909975,,,-0.166843785226138,0.930518553691647,,,,,,,,,
2026-10-02 03,0.363266714421446,,,-0.166843785226138,0.930518553691647,,,,,,,,,
2026-10-02 04,0.33607390045938,,,-0.166843785226138,0.930518553691647,,,,,,,,,
2026-10-02 05,0.357737650259931,,,-0.166843785226138,0.930518553691647,,,,,,,,,
2026-10-02 06,0.416897745682067,,,-0.166843785226138,0.930518553691647,,,,,,,,,
2026-10-02 07,0.491402147031873,,,-0.166843785226138,0.930518553691647,,,,,,,,,
2026-10-02 08,0.553067213925709,,,-0.166843785226138,0.930518553691647,,,,,,,,,
2026-10-02 09,0.575615831895103,,,-0.166843785226138,0.930518553691647,,,,,,,,,
2026-10-02 10,0.542180805751243,,,-0.166843785226138,0.930518553691647,,,,,,,,,
2026-10-02 11,0.448555387222947,,,-0.166843785226138,0.930518553691647,,,,,,,,,
2026-10-02 12,0.304337039494857,,,-0.166843785226138,0.930518553691647,,,,,,,,,
2026-10-02 13,0.134048775500898,,,-0.166843785226138,0.930518553691647,,,,,,,,,
2026-10-02 14,-0.0262020739198755,,,-0.166843785226138,0.930518553691647,,,,,,,,,
2026-10-02 15,-0.13982486060257,,,-0.166843785226138,0.930518553691647,,,,,,,,,
2026-10-02 16,-0.18207936135313,,,-0.166843785226138,0.930518553691647,,,,,,,,,
2026-10-02 17,-0.145106359270178,,,-0.166843785226138,0.930518553691647,,,,,,,,,
2026-10-02 18,-0.0367770240777711,,,-0.166843785226138,0.930518553691647,,,,,,,,,
2026-10-02 19,0.120917206640282,,,-0.166843785226138,0.930518553691647,,,,,,,,,
2026-10-02 20,0.295131123361549,,,-0.166843785226138,0.930518553691647,,,,,,,,,
2026-10-02 21,0.451262961146031,,,-0.166843785226138,0.930518553691647,,,,,,,,,
2026-10-02 22,0.563791202271591,,,-0.166843785226138,0.930518553691647,,,,,,,,,
2026-10-02 23,0.620598497591509,,,-0.166843785226138,0.930518553691647,,,,,,,,,
2026-10-03 00,0.621224176923085,,,-0.166843785226138,0.930518553691647,,,,,,,,,
2026-10-03 01,0.575905845874505,,,-0.166843785226138,0.930518553691647,,,,,,,,,
2026-10-03 02,0.505530376863558,,,-0.166843785226138,0.930518553691647,,,,,,,,,
2026-10-03 03,0.436405154492782,,,-0.166843785226138,0.930518553691647,,,,,,,,,
2026-10-03 04,0.390353429176724,,,-0.166843785226138,0.930518553691647,,,,,,,,,
2026-10-03 05,0.378075003754538,,,-0.166843785226138,0.930518553691647,,,,,,,,,
2026-10-03 06,0.398837862730798,,,-0.166843785226138,0.930518553691647,,,,,,,,,
2026-10-03 07,0.442111215314793,,,-0.166843785226138,0.930518553691647,,,,,,,,,
2026-10-03 08,0.489444218687497,,,-0.166843785226138,0.930518553691647,,,,,,,,,
2026-10-03 09,0.519661503188265,,,-0.166843785226138,0.930518553691647,,,,,,,,,
2026-10-03 10,0.516223339365223,,,-0.166843785226138,0.930518553691647,,,,,,,,,
2026-10-03 11,0.470951605546025,,,-0.166843785226138,0.930518553691647,,,,,,,,,
2026-10-03 12,0.383756002887355,,,-0.166843785226138,0.930518553691647,,,,,,,,,
2026-10-03 13,0.263657815669501,,,-0.166843785226138,0.930518553691647,,,,,,,,,
2026-10-03 14,0.130798413880198,,,-0.166843785226138,0.930518553691647,,,,,,,,,
2026-10-03 15,0.0127918361607707,,,-0.166843785226138,0.930518553691647,,,,,,,,,
2026-10-03 16,-0.064961269130658,,,-0.166843785226138,0.930518553691647,,,,,,,,,
2026-10-03 17,-0.0868228103783306,,,-0.166843785226138,0.930518553691647,,,,,,,,,
2026-10-03 18,-0.0485121965295012,,,-0.166843785226138,0.930518553691647,,,,,,,,,
2026-10-03 19,0.0426232157024703,,,-0.166843785226138,0.930518553691647,,,,,,,,,
2026-10-03 20,0.167286226090794,,,-0.166843785226138,0.930518553691647,,,,,,,,,
2026-10-03 21,0.299329449176134,,,-0.166843785226138,0.930518553691647,,,,,,,,,
2026-10-03 22,0.416053525557875,,,-0.166843785226138,0.930518553691647,,,,,,,,,
2026-10-03 23,0.504036918087265,,,-0.166843785226138,0.930518553691647,,,,,,,,,
2026-10-04 00,0.556388946049648,,,-0.166843785226138,0.930518553691647,,,,,,,,,
2026-10-04 01,0.569970927102983,,,-0.166843785226138,0.930518553691647,,,,,,,,,
2026-10-04 02,0.548756900351106,,,-0.166843785226138,0.930518553691647,,,,,,,,,
2026-10-04 03,0.506414822308524,,,-0.166843785226138,0.930518553691647,,,,,,,,,
2026-10-04 04,0.460869203812679,,,-0.166843785226138,0.930518553691647,,,,,,,,,
2026-10-04 05,0.426107462459377,,,-0.166843785226138,0.930518553691647,,,,,,,,,
2026-10-04 06,0.409388442798683,,,-0.166843785226138,0.930518553691647,,,,,,,,,
2026-10-04 07,0.411973856560986,,,-0.166843785226138,0.930518553691647,,,,,,,,,
2026-10-04 08,0.428319889143851,,,-0.166843785226138,0.930518553691647,,,,,,,,,
2026-10-04 09,0.446516749177665,,,-0.166843785226138,0.930518553691647,,,,,,,,,
2026-10-04 10,0.45385222661459,,,-0.166843785226138,0.930518553691647,,,,,,,,,
2026-10-04 11,0.442371037308767,,,-0.166843785226138,0.930518553691647,,,,,,,,,
2026-10-04 12,0.40832288178872,,,-0.166843785226138,0.930518553691647,,,,,,,,,
2026-10-04 13,0.349849075921557,,,-0.166843785226138,0.930518553691647,,,,,,,,,
2026-10-04 14,0.269765591173483,,,-0.166843785226138,0.930518553691647,,,,,,,,,
2026-10-04 15,0.17964445048834,,,-0.166843785226138,0.930518553691647,,,,,,,,,
2026-10-04 16,0.0972635982679761,,,-0.166843785226138,0.930518553691647,,,,,,,,,
2026-10-04 17,0.0394558325545405,,,-0.166843785226138,0.930518553691647,,,,,,,,,
2026-10-04 18,0.0179585460670871,,,-0.166843785226138,0.930518553691647,,,,,,,,,
2026-10-04 19,0.0382011054002356,,,-0.166843785226138,0.930518553691647,,,,,,,,,
2026-10-04 20,0.0968152112851378,,,-0.166843785226138,0.930518553691647,,,,,,,,,
2026-10-04 21,0.181068307457179,,,-0.166843785226138,0.930518553691647,,,,,,,,,
2026-10-04 22,0.275291806448686,,,-0.166843785226138,0.930518553691647,,,,,,,,,
2026-10-04 23,0.368390715938128,,,-0.166843785226138,0.930518553691647,,,,,,,,,
2026-10-05 00,0.452787654040224,,,-0.166843785226138,0.930518553691647,,,,,,,,,
2026-10-05 01,0.518574561659294,,,-0.166843785226138,0.930518553691647,,,,,,,,,
2026-10-05 02,0.554868306403447,,,-0.166843785226138,0.930518553691647,,,,,,,,,
2026-10-05 03,0.558052377505482,,,-0.166843785226138,0.930518553691647,,,,,,,,,
2026-10-05 04,0.534706393754944,,,-0.166843785226138,0.930518553691647,,,,,,,,,
2026-10-05 05,0.495807961128762,,,-0.166843785226138,0.930518553691647,,,,,,,,,
2026-10-05 06,0.451655097113626,,,-0.166843785226138,0.930518553691647,,,,,,,,,
2026-10-05 07,0.411918259414403,,,-0.166843785226138,0.930518553691647,,,,,,,,,
2026-10-05 08,0.384466593137169,,,-0.166843785226138,0.930518553691647,,,,,,,,,
2026-10-05 09,0.371057971287481,,,-0.166843785226138,0.930518553691647,,,,,,,,,
2026-10-05 10,0.367289061005767,,,-0.166843785226138,0.930518553691647,,,,,,,,,
2026-10-05 11,0.368308617365115,,,-0.166843785226138,0.930518553691647,,,,,,,,,
2026-10-05 12,0.371112950668393,,,-0.166843785226138,0.930518553691647,,,,,,,,,
2026-10-05 13,0.370135586990629,,,-0.166843785226138,0.930518553691647,,,,,,,,,
2026-10-05 14,0.35568700778194,,,-0.166843785226138,0.930518553691647,,,,,,,,,
2026-10-05 15,0.320811835239854,,,-0.166843785226138,0.930518553691647,,,,,,,,,
2026-10-05 16,0.267942351487951,,,-0.166843785226138,0.930518553691647,,,,,,,,,
2026-10-05 17,0.207245149929412,,,-0.166843785226138,0.930518553691647,,,,,,,,,
2026-10-05 18,0.151320084219822,,,-0.166843785226138,0.930518553691647,,,,,,,,,
2026-10-05 19,0.112746415988449,,,-0.166843785226138,0.930518553691647,,,,,,,,,
2026-10-05 20,0.101926654048772,,,-0.166843785226138,0.930518553691647,,,,,,,,,
2026-10-05 21,0.122790783318251,,,-0.166843785226138,0.930518553691647,,,,,,,,,
2026-10-05 22,0.172009412201717,,,-0.166843785226138,0.930518553691647,,,,,,,,,
2026-10-05 23,0.24413789840897,,,-0.166843785226138,0.930518553691647,,,,,,,,,
2026-10-06 00,0.334097909791491,,,-0.166843785226138,0.930518553691647,,,,,,,,,
2026-10-06 01,0.431884456775176,,,-0.166843785226138,0.930518553691647,,,,,,,,,
2026-10-06 02,0.519094857627972,,,-0.166843785226138,0.930518553691647,,,,,,,,,
2026-10-06 03,0.576276754882675,,,-0.166843785226138,0.930518553691647,,,,,,,,,
2026-10-06 04,0.593404490183996,,,-0.166843785226138,0.930518553691647,,,,,,,,,
2026-10-06 05,0.571503534009658,,,-0.166843785226138,0.930518553691647,,,,,,,,,
2026-10-06 06,0.518021393260064,,,-0.166843785226138,0.930518553691647,,,,,,,,,
2026-10-06 07,0.445333598592296,,,-0.166843785226138,0.930518553691647,,,,,,,,,
2026-10-06 08,0.37072562256822,,,-0.166843785226138,0.930518553691647,,,,,,,,,
2026-10-06 09,0.310881745199288,,,-0.166843785226138,0.930518553691647,,,,,,,,,
2026-10-06 10,0.274984686046348,,,-0.166843785226138,0.930518553691647,,,,,,,,,
2026-10-06 11,0.265378728484929,,,-0.166843785226138,0.930518553691647,,,,,,,,,
2026-10-06 12,0.282129155691702,,,-0.166843785226138,0.930518553691647,,,,,,,,,
2026-10-06 13,0.321084455247121,,,-0.166843785226138,0.930518553691647,,,,,,,,,
2026-10-06 14,0.368179289176742,,,-0.166843785226138,0.930518553691647,,,,,,,,,
2026-10-06 15,0.402340599949602,,,-0.166843785226138,0.930518553691647,,,,,,,,,
2026-10-06 16,0.407202136029455,,,-0.166843785226138,0.930518553691647,,,,,,,,,
2026-10-06 17,0.3786403783533,,,-0.166843785226138,0.930518553691647,,,,,,,,,
2026-10-06 18,0.322808814388431,,,-0.166843785226138,0.930518553691647,,,,,,,,,
2026-10-06 19,0.25235492333014,,,-0.166843785226138,0.930518553691647,,,,,,,,,
2026-10-06 20,0.184965266343831,,,-0.166843785226138,0.930518553691647,,,,,,,,,
2026-10-06 21,0.139421439408746,,,-0.166843785226138,0.930518553691647,,,,,,,,,
2026-10-06 22,0.128888746884032,,,-0.166843785226138,0.930518553691647,,,,,,,,,
2026-10-06 23,0.158591651403054,,,-0.166843785226138,0.930518553691647,,,,,,,,,
2026-10-07 00,0.22825340660002,,,-0.166843785226138,0.930518553691647,,,,,,,,,
2026-10-07 01,0.33106137096071,,,-0.166843785226138,0.930518553691647,,,,,,,,,
2026-10-07 02,0.448782126936445,,,-0.166843785226138,0.930518553691647,,,,,,,,,
2026-10-07 03,0.553587547770287,,,-0.166843785226138,0.930518553691647,,,,,,,,,
2026-10-07 04,0.61954929376132,,,-0.166843785226138,0.930518553691647,,,,,,,,,
2026-10-07 05,0.632530099360654,,,-0.166843785226138,0.930518553691647,,,,,,,,,
2026-10-07 06,0.590998214569726,,,-0.166843785226138,0.930518553691647,,,,,,,,,
2026-10-07 07,0.50403629324331,,,-0.166843785226138,0.930518553691647,,,,,,,,,
2026-10-07 08,0.391612247572779,,,-0.166843785226138,0.930518553691647,,,,,,,,,
2026-10-07 09,0.281192622760786,,,-0.166843785226138,0.930518553691647,,,,,,,,,
2026-10-07 10,0.197737400764685,,,-0.166843785226138,0.930518553691647,,,,,,,,,
2026-10-07 11,0.156281677122641,,,-0.166843785226138,0.930518553691647,,,,,,,,,
2026-10-07 12,0.163193789590153,,,-0.166843785226138,0.930518553691647,,,,,,,,,
2026-10-07 13,0.217875717970842,,,-0.166843785226138,0.930518553691647,,,,,,,,,
2026-10-07 14,0.307988417963223,,,-0.166843785226138,0.930518553691647,,,,,,,,,
2026-10-07 15,0.406891693881589,,,-0.166843785226138,0.930518553691647,,,,,,,,,
2026-10-07 16,0.483032704680219,,,-0.166843785226138,0.930518553691647,,,,,,,,,
2026-10-07 17,0.514134562975851,,,-0.166843785226138,0.930518553691647,,,,,,,,,
2026-10-07 18,0.493002898667536,,,-0.166843785226138,0.930518553691647,,,,,,,,,
2026-10-07 19,0.425400591369612,,,-0.166843785226138,0.930518553691647,,,,,,,,,
2026-10-07 20,0.328464856629859,,,-0.166843785226138,0.930518553691647,,,,,,,,,
2026-10-07 21,0.229010434278373,,,-0.166843785226138,0.930518553691647,,,,,,,,,
2026-10-07 22,0.155799245364509,,,-0.166843785226138,0.930518553691647,,,,,,,,,
2026-10-07 23,0.129440191865119,,,-0.166843785226138,0.930518553691647,,,,,,,,,
2026-10-08 00,0.15860557793778,,,-0.166843785226138,0.930518553691647,,,,,,,,,
2026-10-08 01,0.241154842313451,,,-0.166843785226138,0.930518553691647,,,,,,,,,
2026-10-08 02,0.362818326470058,,,-0.166843785226138,0.930518553691647,,,,,,,,,
2026-10-08 03,0.495693205269332,,,-0.166843785226138,0.930518553691647,,,,,,,,,
2026-10-08 04,0.60488114121312,,,-0.166843785226138,0.930518553691647,,,,,,,,,
2026-10-08 05,0.661242684037463,,,-0.166843785226138,0.930518553691647,,,,,,,,,
2026-10-08 06,0.64971127584455,,,-0.166843785226138,0.930518553691647,,,,,,,,,
2026-10-08 07,0.570632959918497,,,-0.166843785226138,0.930518553691647,,,,,,,,,
2026-10-08 08,0.440027312135332,,,-0.166843785226138,0.930518553691647,,,,,,,,,
2026-10-08 09,0.288567996961001,,,-0.166843785226138,0.930518553691647,,,,,,,,,
2026-10-08 10,0.153298490715774,,,-0.166843785226138,0.930518553691647,,,,,,,,,
2026-10-08 11,0.0649160136067078,,,-0.166843785226138,0.930518553691647,,,,,,,,,
2026-10-08 12,0.041117299395303,,,-0.166843785226138,0.930518553691647,,,,,,,,,
2026-10-08 13,0.0871936086129259,,,-0.166843785226138,0.930518553691647,,,,,,,,,
2026-10-08 14,0.19498308252938,,,-0.166843785226138,0.930518553691647,,,,,,,,,
2026-10-08 15,0.339234387510957,,,-0.166843785226138,0.930518553691647,,,,,,,,,
2026-10-08 16,0.481503659198241,,,-0.166843785226138,0.930518553691647,,,,,,,,,
2026-10-08 17,0.58416275548204,,,-0.166843785226138,0.930518553691647,,,,,,,,,
2026-10-08 18,0.62310718249548,,,-0.166843785226138,0.930518553691647,,,,,,,,,
2026-10-08 19,0.591282674663442,,,-0.166843785226138,0.930518553691647,,,,,,,,,
2026-10-08 20,0.498302353310287,,,-0.166843785226138,0.930518553691647,,,,,,,,,
2026-10-08 21,0.370548474223571,,,-0.166843785226138,0.930518553691647,,,,,,,,,
2026-10-08 22,0.246004659504813,,,-0.166843785226138,0.930518553691647,,,,,,,,,
2026-10-08 23,0.160916713133001,,,-0.166843785226138,0.930518553691647,,,,,,,,,
2026-10-09 00,0.137577897558675,,,-0.166843785226138,0.930518553691647,,,,,,,,,
2026-10-09 01,0.18150009178376,,,-0.166843785226138,0.930518553691647,,,,,,,,,
2026-10-09 02,0.283445793836456,,,-0.166843785226138,0.930518553691647,,,,,,,,,
2026-10-09 03,0.419780192081867,,,-0.166843785226138,0.930518553691647,,,,,,,,,
2026-10-09 04,0.554806574347753,,,-0.166843785226138,0.930518553691647,,,,,,,,,
2026-10-09 05,0.650371233670617,,,-0.166843785226138,0.930518553691647,,,,,,,,,
2026-10-09 06,0.677949275232196,,,-0.166843785226138,0.930518553691647,,,,,,,,,
2026-10-09 07,0.625554287364214,,,-0.166843785226138,0.930518553691647,,,,,,,,,
2026-10-09 08,0.500044753855171,,,-0.166843785226138,0.930518553691647,,,,,,,,,
2026-10-09 09,0.327800073258751,,,-0.166843785226138,0.930518553691647,,,,,,,,,
2026-10-09 10,0.150143690040176,,,-0.166843785226138,0.930518553691647,,,,,,,,,
2026-10-09 11,0.0106660397318888,,,-0.166843785226138,0.930518553691647,,,,,,,,,
2026-10-09 12,-0.0582841805920284,,,-0.166843785226138,0.930518553691647,,,,,,,,,
2026-10-09 13,-0.041407411654947,,,-0.166843785226138,0.930518553691647,,,,,,,,,
2026-10-09 14,0.0591183042716497,,,-0.166843785226138,0.930518553691647,,,,,,,,,
2026-10-09 15,0.222544805329915,,,-0.166843785226138,0.930518553691647,,,,,,,,,
2026-10-09 16,0.410837766032261,,,-0.166843785226138,0.930518553691647,,,,,,,,,
2026-10-09 17,0.578493825762138,,,-0.166843785226138,0.930518553691647,,,,,,,,,
2026-10-09 18,0.686819519212777,,,-0.166843785226138,0.930518553691647,,,,,,,,,
2026-10-09 19,0.713218412279925,,,-0.166843785226138,0.930518553691647,,,,,,,,,
2026-10-09 20,0.654602936777071,,,-0.166843785226138,0.930518553691647,,,,,,,,,
2026-10-09 21,0.52959152675554,,,-0.166843785226138,0.930518553691647,,,,,,,,,
2026-10-09 22,0.37680004970626,,,-0.166843785226138,0.930518553691647,,,,,,,,,
2026-10-09 23,0.242894482318487,,,-0.166843785226138,0.930518553691647,,,,,,,,,
2026-10-10 00,0.165010580633632,,,-0.166843785226138,0.930518553691647,,,,,,,,,
2026-10-10 01,0.160350661576533,,,-0.166843785226138,0.930518553691647,,,,,,,,,
2026-10-10 02,0.226633948683479,,,-0.166843785226138,0.930518553691647,,,,,,,,,
2026-10-10 03,0.345575531630495,,,-0.166843785226138,0.930518553691647,,,,,,,,,
2026-10-10 04,0.485218231756553,,,-0.166843785226138,0.930518553691647,,,,,,,,,
2026-10-10 05,0.605668608626476,,,-0.166843785226138,0.930518553691647,,,,,,,,,
2026-10-10 06,0.669970072984176,,,-0.166843785226138,0.930518553691647,,,,,,,,,
2026-10-10 07,0.654298683514943,,,-0.166843785226138,0.930518553691647,,,,,,,,,
2026-10-10 08,0.553605793052017,,,-0.166843785226138,0.930518553691647,,,,,,,,,
2026-10-10 09,0.384465940002798,,,-0.166843785226138,0.930518553691647,,,,,,,,,
2026-10-10 10,0.184318871102995,,,-0.166843785226138,0.930518553691647,,,,,,,,,
2026-10-10 11,0.00241524975608043,,,-0.166843785226138,0.930518553691647,,,,,,,,,
2026-10-10 12,-0.115938312454148,,,-0.166843785226138,0.930518553691647,,,,,,,,,
2026-10-10 13,-0.142280317073572,,,-0.166843785226138,0.930518553691647,,,,,,,,,
2026-10-10 14,-0.069608019385373,,,-0.166843785226138,0.930518553691647,,,,,,,,,
2026-10-10 15,0.0876860087295838,,,-0.166843785226138,0.930518553691647,,,,,,,,,
2026-10-10 16,0.295753867334478,,,-0.166843785226138,0.930518553691647,,,,,,,,,
2026-10-10 17,0.508138433842608,,,-0.166843785226138,0.930518553691647,,,,,,,,,
2026-10-10 18,0.677951331431508,,,-0.166843785226138,0.930518553691647,,,,,,,,,
2026-10-10 19,0.769366668910351,,,-0.166843785226138,0.930518553691647,,,,,,,,,
2026-10-10 20,0.764812909598265,,,-0.166843785226138,0.930518553691647,,,,,,,,,
2026-10-10 21,0.670174780274277,,,-0.166843785226138,0.930518553691647,,,,,,,,,
2026-10-10 22,0.516931189830696,,,-0.166843785226138,0.930518553691647,,,,,,,,,
2026-10-10 23,0.354190731500439,,,-0.166843785226138,0.930518553691647,,,,,,,,,
2026-10-11 00,0.230257973969694,,,-0.166843785226138,0.930518553691647,,,,,,,,,
2026-10-11 01,0.175726758718742,,,-0.166843785226138,0.930518553691647,,,,,,,,,
2026-10-11 02,0.198377076107027,,,-0.166843785226138,0.930518553691647,,,,,,,,,
2026-10-11 03,0.286614219876237,,,-0.166843785226138,0.930518553691647,,,,,,,,,
2026-10-11 04,0.413559675923827,,,-0.166843785226138,0.930518553691647,,,,,,,,,
2026-10-11 05,0.541709196277185,,,-0.166843785226138,0.930518553691647,,,,,,,,,
2026-10-11 06,0.631576592975141,,,-0.166843785226138,0.930518553691647,,,,,,,,,
2026-10-11 07,0.651924838580887,,,-0.166843785226138,0.930518553691647,,,,,,,,,
2026-10-11 08,0.587010918296379,,,-0.166843785226138,0.930518553691647,,,,,,,,,
2026-10-11 09,0.441236949570899,,,-0.166843785226138,0.930518553691647,,,,,,,,,
2026-10-11 10,0.242014243685117,,,-0.166843785226138,0.930518553691647,,,,,,,,,
2026-10-11 11,0.036029067290939,,,-0.166843785226138,0.930518553691647,,,,,,,,,
2026-10-11 12,-0.12445800147326,,,-0.166843785226138,0.930518553691647,,,,,,,,,
2026-10-11 13,-0.198670645183531,,,-0.166843785226138,0.930518553691647,,,,,,,,,
2026-10-11 14,-0.167828030157891,,,-0.166843785226138,0.930518553691647,,,,,,,,,
2026-10-11 15,-0.0372978716982822,,,-0.166843785226138,0.930518553691647,,,,,,,,,
2026-10-11 16,0.165651786621291,,,-0.166843785226138,0.930518553691647,,,,,,,,,
2026-10-11 17,0.3976589758534,,,-0.166843785226138,0.930518553691647,,,,,,,,,
2026-10-11 18,0.609518181101245,,,-0.166843785226138,0.930518553691647,,,,,,,,,
2026-10-11 19,0.757584272596005,,,-0.166843785226138,0.930518553691647,,,,,,,,,
2026-10-11 20,0.812461721554745,,,-0.166843785226138,0.930518553691647,,,,,,,,,
2026-10-11 21,0.766072042294813,,,-0.166843785226138,0.930518553691647,,,,,,,,,
2026-10-11 22,0.637385511835884,,,-0.166843785226138,0.930518553691647,,,,,,,,,
2026-10-11 23,0.470016552599137,,,-0.166843785226138,0.930518553691647,,,,,,,,,
2026-10-12 00,0.316773141207684,,,-0.166843785226138,0.930518553691647,,,,,,,,,
2026-10-12 01,0.219445292429889,,,-0.166843785226138,0.930518553691647,,,,,,,,,
2026-10-12 02,0.19750893984832,,,-0.166843785226138,0.930518553691647,,,,,,,,,
2026-10-12 03,0.248371357965352,,,-0.166843785226138,0.930518553691647,,,,,,,,,
2026-10-12 04,0.351616270134843,,,-0.166843785226138,0.930518553691647,,,,,,,,,
2026-10-12 05,0.473676925327869,,,-0.166843785226138,0.930518553691647,,,,,,,,,
2026-10-12 06,0.575656372191999,,,-0.166843785226138,0.930518553691647,,,,,,,,,
2026-10-12 07,0.623426795692906,,,-0.166843785226138,0.930518553691647,,,,,,,,,
2026-10-12 08,0.594896113053292,,,-0.166843785226138,0.930518553691647,,,,,,,,,
2026-10-12 09,0.48414423831093,,,-0.166843785226138,0.930518553691647,,,,,,,,,
2026-10-12 10,0.30592893717204,,,-0.166843785226138,0.930518553691647,,,,,,,,,
2026-10-12 11,0.0976157580489098,,,-0.166843785226138,0.930518553691647,,,,,,,,,
2026-10-12 12,-0.0891096140410325,,,-0.166843785226138,0.930518553691647,,,,,,,,,
2026-10-12 13,-0.205676624412895,,,-0.166843785226138,0.930518553691647,,,,,,,,,
2026-10-12 14,-0.222009419966738,,,-0.166843785226138,0.930518553691647,,,,,,,,,
2026-10-12 15,-0.132478702668735,,,-0.166843785226138,0.930518553691647,,,,,,,,,
2026-10-12 16,0.0449965101570831,,,-0.166843785226138,0.930518553691647,,,,,,,,,
2026-10-12 17,0.273270746677795,,,-0.166843785226138,0.930518553691647,,,,,,,,,
2026-10-12 18,0.50451906836638,,,-0.166843785226138,0.930518553691647,,,,,,,,,
2026-10-12 19,0.691766956824747,,,-0.166843785226138,0.930518553691647,,,,,,,,,
2026-10-12 20,0.79858504278209,,,-0.166843785226138,0.930518553691647,,,,,,,,,
2026-10-12 21,0.805974782740576,,,-0.166843785226138,0.930518553691647,,,,,,,,,
2026-10-12 22,0.719004437789536,,,-0.166843785226138,0.930518553691647,,,,,,,,,
2026-10-12 23,0.569654616638365,,,-0.166843785226138,0.930518553691647,,,,,,,,,
2026-10-13 00,0.407687051850828,,,-0.166843785226138,0.930518553691647,,,,,,,,,
2026-10-13 01,0.281141533546118,,,-0.166843785226138,0.930518553691647,,,,,,,,,
2026-10-13 02,0.220029161155374,,,-0.166843785226138,0.930518553691647,,,,,,,,,
2026-10-13 03,0.231994891131365,,,-0.166843785226138,0.930518553691647,,,,,,,,,
2026-10-13 04,0.305135135947088,,,-0.166843785226138,0.930518553691647,,,,,,,,,
2026-10-13 05,0.411755589884501,,,-0.166843785226138,0.930518553691647,,,,,,,,,
2026-10-13 06,0.514986879382696,,,-0.166843785226138,0.930518553691647,,,,,,,,,
2026-10-13 07,0.579571808615253,,,-0.166843785226138,0.930518553691647,,,,,,,,,
2026-10-13 08,0.580630885351953,,,-0.166843785226138,0.930518553691647,,,,,,,,,
2026-10-13 09,0.506579718852667,,,-0.166843785226138,0.930518553691647,,,,,,,,,
2026-10-13 10,0.361534154981962,,,-0.166843785226138,0.930518553691647,,,,,,,,,
2026-10-13 11,0.170118806909389,,,-0.166843785226138,0.930518553691647,,,,,,,,,
2026-10-13 12,-0.0235411969708763,,,-0.166843785226138,0.930518553691647,,,,,,,,,
2026-10-13 13,-0.16931016620284,,,-0.166843785226138,0.930518553691647,,,,,,,,,
2026-10-13 14,-0.229083354960573,,,-0.166843785226138,0.930518553691647,,,,,,,,,
2026-10-13 15,-0.186846348256739,,,-0.166843785226138,0.930518553691647,,,,,,,,,
2026-10-13 16,-0.0495216410735507,,,-0.166843785226138,0.930518553691647,,,,,,,,,
2026-10-13 17,0.155427487392383,,,-0.166843785226138,0.930518553691647,,,,,,,,,
2026-10-13 18,0.385213403220022,,,-0.166843785226138,0.930518553691647,,,,,,,,,
2026-10-13 19,0.592300173016005,,,-0.166843785226138,0.930518553691647,,,,,,,,,
2026-10-13 20,0.736429992810279,,,-0.166843785226138,0.930518553691647,,,,,,,,,
2026-10-13 21,0.792274754871042,,,-0.166843785226138,0.930518553691647,,,,,,,,,
2026-10-13 22,0.754085730312357,,,-0.166843785226138,0.930518553691647,,,,,,,,,
2026-10-13 23,0.639913352808187,,,-0.166843785226138,0.930518553691647,,,,,,,,,
2026-10-14 00,0.489624957740421,,,-0.166843785226138,0.930518553691647,,,,,,,,,
2026-10-14 01,0.350975815563769,,,-0.166843785226138,0.930518553691647,,,,,,,,,
2026-10-14 02,0.261252392840435,,,-0.166843785226138,0.930518553691647,,,,,,,,,
2026-10-14 03,0.237609781298105,,,-0.166843785226138,0.930518553691647,,,,,,,,,
2026-10-14 04,0.27752958810497,,,-0.166843785226138,0.930518553691647,,,,,,,,,
2026-10-14 05,0.361665395701729,,,-0.166843785226138,0.930518553691647,,,,,,,,,
2026-10-14 06,0.457830682803335,,,-0.166843785226138,0.930518553691647,,,,,,,,,
2026-10-14 07,0.530526452204084,,,-0.166843785226138,0.930518553691647,,,,,,,,,
2026-10-14 08,0.55253967691191,,,-0.166843785226138,0.930518553691647,,,,,,,,,
2026-10-14 09,0.509840161978614,,,-0.166843785226138,0.930518553691647,,,,,,,,,
2026-10-14 10,0.400900891566769,,,-0.166843785226138,0.930518553691647,,,,,,,,,
2026-10-14 11,0.23907414078448,,,-0.166843785226138,0.930518553691647,,,,,,,,,
2026-10-14 12,0.0564946601864503,,,-0.166843785226138,0.930518553691647,,,,,,,,,
2026-10-14 13,-0.101766428637025,,,-0.166843785226138,0.930518553691647,,,,,,,,,
2026-10-14 14,-0.194291245220711,,,-0.166843785226138,0.930518553691647,,,,,,,,,
2026-10-14 15,-0.197265670785732,,,-0.166843785226138,0.930518553691647,,,,,,,,,
2026-10-14 16,-0.107608736387398,,,-0.166843785226138,0.930518553691647,,,,,,,,,
2026-10-14 17,0.0587808910318147,,,-0.166843785226138,0.930518553691647,,,,,,,,,
2026-10-14 18,0.268637378097618,,,-0.166843785226138,0.930518553691647,,,,,,,,,
2026-10-14 19,0.477589986135718,,,-0.166843785226138,0.930518553691647,,,,,,,,,
2026-10-14 20,0.64311840763208,,,-0.166843785226138,0.930518553691647,,,,,,,,,
2026-10-14 21,0.735964629251199,,,-0.166843785226138,0.930518553691647,,,,,,,,,
2026-10-14 22,0.744196296296292,,,-0.166843785226138,0.930518553691647,,,,,,,,,
2026-10-14 23,0.674452684369986,,,-0.166843785226138,0.930518553691647,,,,,,,,,
2026-10-15 00,0.553059464536394,,,-0.166843785226138,0.930518553691647,,,,,,,,,
2026-10-15 01,0.420396515041106,,,-0.166843785226138,0.930518553691647,,,,,,,,,
2026-10-15 02,0.315947247730673,,,-0.166843785226138,0.930518553691647,,,,,,,,,
2026-10-15 03,0.264363210265873,,,-0.166843785226138,0.930518553691647,,,,,,,,,
2026-10-15 04,0.271731511405412,,,-0.166843785226138,0.930518553691647,,,,,,,,,
2026-10-15 05,0.327949373267153,,,-0.166843785226138,0.930518553691647,,,,,,,,,
2026-10-15 06,0.408951221398628,,,-0.166843785226138,0.930518553691647,,,,,,,,,
2026-10-15 07,0.482143961537958,,,-0.166843785226138,0.930518553691647,,,,,,,,,
2026-10-15 08,0.517973827825075,,,-0.166843785226138,0.930518553691647,,,,,,,,,
2026-10-15 09,0.499537925837659,,,-0.166843785226138,0.930518553691647,,,,,,,,,
2026-10-15 10,0.423054655601841,,,-0.166843785226138,0.930518553691647,,,,,,,,,
2026-10-15 11,0.295556210516972,,,-0.166843785226138,0.930518553691647,,,,,,,,,
2026-10-15 12,0.137464723150101,,,-0.166843785226138,0.930518553691647,,,,,,,,,
2026-10-15 13,-0.0164533040426201,,,-0.166843785226138,0.930518553691647,,,,,,,,,
2026-10-15 14,-0.127195485202256,,,-0.166843785226138,0.930518553691647,,,,,,,,,
2026-10-15 15,-0.1665920604809,,,-0.166843785226138,0.930518553691647,,,,,,,,,
2026-10-15 16,-0.124096105040066,,,-0.166843785226138,0.930518553691647,,,,,,,,,
2026-10-15 17,-0.00529426274932743,,,-0.166843785226138,0.930518553691647,,,,,,,,,
2026-10-15 18,0.168771356503706,,,-0.166843785226138,0.930518553691647,,,,,,,,,
2026-10-15 19,0.362320971452891,,,-0.166843785226138,0.930518553691647,,,,,,,,,
2026-10-15 20,0.533854241947359,,,-0.166843785226138,0.930518553691647,,,,,,,,,
2026-10-15 21,0.650700461091562,,,-0.166843785226138,0.930518553691647,,,,,,,,,
2026-10-15 22,0.69694739000579,,,-0.166843785226138,0.930518553691647,,,,,,,,,
2026-10-15 23,0.672409438786438,,,-0.166843785226138,0.930518553691647,,,,,,,,,
2026-10-16 00,0.591181249408918,,,-0.166843785226138,0.930518553691647,,,,,,,,,
2026-10-16 01,0.48129389259171,,,-0.166843785226138,0.930518553691647,,,,,,,,,
2026-10-16 02,0.377759077768781,,,-0.166843785226138,0.930518553691647,,,,,,,,,
2026-10-16 03,0.309167181106068,,,-0.166843785226138,0.930518553691647,,,,,,,,,
2026-10-16 04,0.288794860436329,,,-0.166843785226138,0.930518553691647,,,,,,,,,
2026-10-16 05,0.314790728638762,,,-0.166843785226138,0.930518553691647,,,,,,,,,
2026-10-16 06,0.37268420515821,,,-0.166843785226138,0.930518553691647,,,,,,,,,
2026-10-16 07,0.437346278507856,,,-0.166843785226138,0.930518553691647,,,,,,,,,
2026-10-16 08,0.48003098588158,,,-0.166843785226138,0.930518553691647,,,,,,,,,
2026-10-16 09,0.480002595427481,,,-0.166843785226138,0.930518553691647,,,,,,,,,
2026-10-16 10,0.43054492770031,,,-0.166843785226138,0.930518553691647,,,,,,,,,
2026-10-16 11,0.33609532270379,,,-0.166843785226138,0.930518553691647,,,,,,,,,
2026-10-16 12,0.209613980453964,,,-0.166843785226138,0.930518553691647,,,,,,,,,
2026-10-16 13,0.0743320310168561,,,-0.166843785226138,0.930518553691647,,,,,,,,,
2026-10-16 14,-0.038688252922832,,,-0.166843785226138,0.930518553691647,,,,,,,,,
2026-10-16 15,-0.101470470144231,,,-0.166843785226138,0.930518553691647,,,,,,,,,
2026-10-16 16,-0.0987406296031302,,,-0.166843785226138,0.930518553691647,,,,,,,,,
2026-10-16 17,-0.0286571337775973,,,-0.166843785226138,0.930518553691647,,,,,,,,,
2026-10-16 18,0.0988947665110897,,,-0.166843785226138,0.930518553691647,,,,,,,,,
2026-10-16 19,0.260598391879959,,,-0.166843785226138,0.930518553691647,,,,,,,,,
2026-10-16 20,0.421906845630969,,,-0.166843785226138,0.930518553691647,,,,,,,,,
2026-10-16 21,0.549251016725668,,,-0.166843785226138,0.930518553691647,,,,,,,,,
2026-10-16 22,0.622709917996794,,,-0.166843785226138,0.930518553691647,,,,,,,,,
2026-10-16 23,0.637719903274319,,,-0.166843785226138,0.930518553691647,,,,,,,,,
2026-10-17 00,0.600263531664767,,,-0.166843785226138,0.930518553691647,,,,,,,,,
2026-10-17 01,0.525707029563364,,,-0.166843785226138,0.930518553691647,,,,,,,,,
2026-10-17 02,0.438767068011126,,,-0.166843785226138,0.930518553691647,,,,,,,,,
2026-10-17 03,0.366297772691663,,,-0.166843785226138,0.930518553691647,,,,,,,,,
2026-10-17 04,0.326395442098748,,,-0.166843785226138,0.930518553691647,,,,,,,,,
2026-10-17 05,0.324071352737305,,,-0.166843785226138,0.930518553691647,,,,,,,,,
2026-10-17 06,0.353466084194643,,,-0.166843785226138,0.930518553691647,,,,,,,,,
2026-10-17 07,0.39943269696616,,,-0.166843785226138,0.930518553691647,,,,,,,,,
2026-10-17 08,0.439432618013686,,,-0.166843785226138,0.930518553691647,,,,,,,,,
2026-10-17 09,0.451549078879446,,,-0.166843785226138,0.930518553691647,,,,,,,,,
2026-10-17 10,0.424510985994233,,,-0.166843785226138,0.930518553691647,,,,,,,,,
2026-10-17 11,0.359794051532203,,,-0.166843785226138,0.930518553691647,,,,,,,,,
2026-10-17 12,0.266700368332493,,,-0.166843785226138,0.930518553691647,,,,,,,,,
2026-10-17 13,0.159830506361823,,,-0.166843785226138,0.930518553691647,,,,,,,,,
2026-10-17 14,0.0597107416635757,,,-0.166843785226138,0.930518553691647,,,,,,,,,
2026-10-17 15,-0.0110668730560067,,,-0.166843785226138,0.930518553691647,,,,,,,,,
2026-10-17 16,-0.0359714846398946,,,-0.166843785226138,0.930518553691647,,,,,,,,,
2026-10-17 17,-0.0083940782266454,,,-0.166843785226138,0.930518553691647,,,,,,,,,
2026-10-17 18,0.0697268922206605,,,-0.166843785226138,0.930518553691647,,,,,,,,,
2026-10-17 19,0.187216099418769,,,-0.166843785226138,0.930518553691647,,,,,,,,,
2026-10-17 20,0.321475725983206,,,-0.166843785226138,0.930518553691647,,,,,,,,,
2026-10-17 21,0.443887750026195,,,-0.166843785226138,0.930518553691647,,,,,,,,,
2026-10-17 22,0.532285003715773,,,-0.166843785226138,0.930518553691647,,,,,,,,,
2026-10-17 23,0.577771599116868,,,-0.166843785226138,0.930518553691647,,,,,,,,,
2026-10-18 00,0.580960065141887,,,-0.166843785226138,0.930518553691647,,,,,,,,,
2026-10-18 01,0.547619797887327,,,-0.166843785226138,0.930518553691647,,,,,,,,,
2026-10-18 02,0.490212913940057,,,-0.166843785226138,0.930518553691647,,,,,,,,,
2026-10-18 03,0.427904040193604,,,-0.166843785226138,0.930518553691647,,,,,,,,,
2026-10-18 04,0.37916322527537,,,-0.166843785226138,0.930518553691647,,,,,,,,,
2026-10-18 05,0.354107641945898,,,-0.166843785226138,0.930518553691647,,,,,,,,,
2026-10-18 06,0.353880831443625,,,-0.166843785226138,0.930518553691647,,,,,,,,,
2026-10-18 07,0.372825168488539,,,-0.166843785226138,0.930518553691647,,,,,,,,,
2026-10-18 08,0.398327478117077,,,-0.166843785226138,0.930518553691647,,,,,,,,,
2026-10-18 09,0.412954046433501,,,-0.166843785226138,0.930518553691647,,,,,,,,,
2026-10-18 10,0.402785444012877,,,-0.166843785226138,0.930518553691647,,,,,,,,,
2026-10-18 11,0.364598030958195,,,-0.166843785226138,0.930518553691647,,,,,,,,,
2026-10-18 12,0.304245117770145,,,-0.166843785226138,0.930518553691647,,,,,,,,,
2026-10-18 13,0.231002800901948,,,-0.166843785226138,0.930518553691647,,,,,,,,,
2026-10-18 14,0.156058091294343,,,-0.166843785226138,0.930518553691647,,,,,,,,,
2026-10-18 15,0.0931854129423779,,,-0.166843785226138,0.930518553691647,,,,,,,,,
2026-10-18 16,0.0557482381843039,,,-0.166843785226138,0.930518553691647,,,,,,,,,
2026-10-18 17,0.0523035964615438,,,-0.166843785226138,0.930518553691647,,,,,,,,,
2026-10-18 18,0.0858727805866376,,,-0.166843785226138,0.930518553691647,,,,,,,,,
2026-10-18 19,0.154301038339301,,,-0.166843785226138,0.930518553691647,,,,,,,,,
2026-10-18 20,0.247771044417128,,,-0.166843785226138,0.930518553691647,,,,,,,,,
2026-10-18 21,0.348305148641872,,,-0.166843785226138,0.930518553691647,,,,,,,,,
2026-10-18 22,0.436776165381892,,,-0.166843785226138,0.930518553691647,,,,,,,,,
2026-10-18 23,0.501324389340358,,,-0.166843785226138,0.930518553691647,,,,,,,,,
2026-10-19 00,0.537774464241653,,,-0.166843785226138,0.930518553691647,,,,,,,,,
2026-10-19 01,0.544973159792144,,,-0.166843785226138,0.930518553691647,,,,,,,,,
2026-10-19 02,0.52465781527591,,,-0.166843785226138,0.930518553691647,,,,,,,,,
2026-10-19 03,0.485101790357184,,,-0.166843785226138,0.930518553691647,,,,,,,,,
2026-10-19 04,0.439726418212498,,,-0.166843785226138,0.930518553691647,,,,,,,,,
2026-10-19 05,0.400352359888035,,,-0.166843785226138,0.930518553691647,,,,,,,,,
2026-10-19 06,0.37342961494725,,,-0.166843785226138,0.930518553691647,,,,,,,,,
2026-10-19 07,0.361134373688734,,,-0.166843785226138,0.930518553691647,,,,,,,,,
2026-10-19 08,0.361278900494741,,,-0.166843785226138,0.930518553691647,,,,,,,,,
2026-10-19 09,0.365590695573402,,,-0.166843785226138,0.930518553691647,,,,,,,,,
2026-10-19 10,0.362819270326392,,,-0.166843785226138,0.930518553691647,,,,,,,,,
2026-10-19 11,0.346334373023681,,,-0.166843785226138,0.930518553691647,,,,,,,,,
2026-10-19 12,0.317250787705656,,,-0.166843785226138,0.930518553691647,,,,,,,,,
2026-10-19 13,0.280147222006289,,,-0.166843785226138,0.930518553691647,,,,,,,,,
2026-10-19 14,0.239028706304133,,,-0.166843785226138,0.930518553691647,,,,,,,,,
2026-10-19 15,0.198403025385557,,,-0.166843785226138,0.930518553691647,,,,,,,,,
2026-10-19 16,0.164858873172471,,,-0.166843785226138,0.930518553691647,,,,,,,,,
2026-10-19 17,0.145298626376551,,,-0.166843785226138,0.930518553691647,,,,,,,,,
2026-10-19 18,0.144978773010312,,,-0.166843785226138,0.930518553691647,,,,,,,,,
2026-10-19 19,0.167452735657601,,,-0.166843785226138,0.930518553691647,,,,,,,,,
2026-10-19 20,0.213267659983824,,,-0.166843785226138,0.930518553691647,,,,,,,,,
2026-10-19 21,0.277133775235337,,,-0.166843785226138,0.930518553691647,,,,,,,,,
2026-10-19 22,0.348725132118175,,,-0.166843785226138,0.930518553691647,,,,,,,,,
2026-10-19 23,0.417797237965651,,,-0.166843785226138,0.930518553691647,,,,,,,,,
2026-10-20 00,0.476909366199846,,,-0.166843785226138,0.930518553691647,,,,,,,,,
2026-10-20 01,0.519205786706431,,,-0.166843785226138,0.930518553691647,,,,,,,,,
2026-10-20 02,0.537694755941135,,,-0.166843785226138,0.930518553691647,,,,,,,,,
2026-10-20 03,0.529587393219089,,,-0.166843785226138,0.930518553691647,,,,,,,,,
2026-10-20 04,0.499470564880689,,,-0.166843785226138,0.930518553691647,,,,,,,,,
2026-10-20 05,0.456306634618762,,,-0.166843785226138,0.930518553691647,,,,,,,,,
2026-10-20 06,0.408988811441887,,,-0.166843785226138,0.930518553691647,,,,,,,,,
2026-10-20 07,0.365608329317661,,,-0.166843785226138,0.930518553691647,,,,,,,,,
2026-10-20 08,0.333192793604551,,,-0.166843785226138,0.930518553691647,,,,,,,,,
2026-10-20 09,0.314389666663313,,,-0.166843785226138,0.930518553691647,,,,,,,,,
2026-10-20 10,0.305707853998449,,,-0.166843785226138,0.930518553691647,,,,,,,,,
2026-10-20 11,0.301708127454167,,,-0.166843785226138,0.930518553691647,,,,,,,,,
2026-10-20 12,0.29990721038522,,,-0.166843785226138,0.930518553691647,,,,,,,,,
2026-10-20 13,0.299684566403484,,,-0.166843785226138,0.930518553691647,,,,,,,,,
2026-10-20 14,0.29839284241394,,,-0.166843785226138,0.930518553691647,,,,,,,,,
2026-10-20 15,0.291830874648048,,,-0.166843785226138,0.930518553691647,,,,,,,,,
2026-10-20 16,0.27815972238919,,,-0.166843785226138,0.930518553691647,,,,,,,,,
2026-10-20 17,0.259341064083212,,,-0.166843785226138,0.930518553691647,,,,,,,,,
2026-10-20 18,0.239745130622774,,,-0.166843785226138,0.930518553691647,,,,,,,,,
2026-10-20 19,0.225581086520774,,,-0.166843785226138,0.930518553691647,,,,,,,,,
2026-10-20 20,0.224532660775222,,,-0.166843785226138,0.930518553691647,,,,,,,,,
2026-10-20 21,0.242820949305214,,,-0.166843785226138,0.930518553691647,,,,,,,,,
2026-10-20 22,0.281868411401025,,,-0.166843785226138,0.930518553691647,,,,,,,,,
2026-10-20 23,0.338344306423797,,,-0.166843785226138,0.930518553691647,,,,,,,,,
